application_id,candidate_id,job_id,source,source_subtype,application_date,current_stage,current_stage_date,hired,rejected,withdrawn
APP-00001,CAND-0001,JOB-001,Employee Referral,Internal Referral,2025-04-29,Hired,2025-06-20,True,False,False
APP-00002,CAND-0002,JOB-001,Employee Referral,Internal Referral,2025-04-30,Hired,2025-06-22,True,False,False
APP-00003,CAND-0003,JOB-001,Referral,Internal Referral,2025-05-14,Hired,2025-07-09,True,False,False
APP-00004,CAND-0004,JOB-001,Employee Referral,Internal Referral,2025-05-05,Hired,2025-06-27,True,False,False
APP-00005,CAND-0005,JOB-001,Employee Referral,Internal Referral,2025-05-11,Hired,2025-07-15,True,False,False
APP-00006,CAND-0006,JOB-002,Employee Referral,Internal Referral,2025-06-26,Hired,2025-08-22,True,False,False
APP-00007,CAND-0007,JOB-002,Employee Referral,Internal Referral,2025-06-26,Hired,2025-08-07,True,False,False
APP-00008,CAND-0008,JOB-002,Employee Ref,Internal Referral,2025-06-26,Hired,2025-08-22,True,False,False
APP-00009,CAND-0009,JOB-002,Employee Referral,Internal Referral,2025-06-07,Hired,2025-08-28,True,False,False
APP-00010,CAND-0010,JOB-003,Employee Referral,Internal Referral,2025-06-26,Hired,2025-07-21,True,False,False
APP-00011,CAND-0011,JOB-003,Internal Referral,Internal Referral,2025-06-26,Hired,2025-08-24,True,False,False
APP-00012,CAND-0012,JOB-003,Employee Referral,Internal Referral,2025-06-26,Hired,2025-08-31,True,False,False
APP-00013,CAND-0013,JOB-004,Employee Referral,Internal Referral,2024-04-26,Hired,2024-07-11,True,False,False
APP-00014,CAND-0014,JOB-004,Referral,Internal Referral,2024-04-26,Hired,2024-06-15,True,False,False
APP-00015,CAND-0015,JOB-004,referral,Internal Referral,2024-04-11,Hired,2024-06-25,True,False,False
APP-00016,CAND-0016,JOB-004,Internal Referral,Internal Referral,03/31/2024,Hired,06/18/2024,True,False,False
APP-00017,CAND-0017,JOB-004,Employee Referral,Internal Referral,2024-04-02,Hired,2024-05-22,True,False,False
APP-00018,CAND-0018,JOB-005,Employee Referral,Internal Referral,06/26/2025,Hired,22/08/2025,True,False,False
APP-00019,CAND-0019,JOB-005,Referral,Internal Referral,2025-06-26,Hired,2025-08-30,True,False,False
APP-00020,CAND-0020,JOB-005,Employee Referral,Internal Referral,2025-06-26,Hired,2025-08-10,True,False,False
APP-00021,CAND-0021,JOB-005,Employee Referral,Internal Referral,2025-06-26,Hired,2025-09-01,True,False,False
APP-00022,CAND-0022,JOB-005,Employee Referral,Internal Referral,2025-06-26,Hired,2025-07-27,True,False,False
APP-00023,CAND-0023,JOB-005,Employee Referral,Internal Referral,2025-06-26,Hired,2025-07-25,True,False,False
APP-00024,CAND-0024,JOB-006,Employee Referral,Internal Referral,2024-02-14,Hired,2024-05-09,True,False,False
APP-00025,CAND-0025,JOB-006,Employee Referral,Internal Referral,2024-01-24,Hired,2024-04-09,True,False,False
APP-00026,CAND-0026,JOB-006,Employee Referral,Internal Referral,2024-02-10,Hired,2024-03-28,True,False,False
APP-00027,CAND-0027,JOB-006,Employee Referral,Internal Referral,2024-01-23,Hired,2024-03-20,True,False,False
APP-00028,CAND-0028,JOB-006,Employee Ref,Internal Referral,2024-01-16,Hired,2024-03-26,True,False,False
APP-00029,CAND-0029,JOB-006,Employee Referral,Internal Referral,2024-02-20,Hired,2024-04-10,True,False,False
APP-00030,CAND-0030,JOB-007,Employee Referral,Internal Referral,2025-06-12,Hired,2025-07-20,True,False,False
APP-00031,CAND-0031,JOB-007,Employee Ref,Internal Referral,2025-06-26,Hired,2025-07-30,True,False,False
APP-00032,CAND-0032,JOB-007,Employee Referral,Internal Referral,2025-05-28,Hired,2025-08-22,True,False,False
APP-00033,CAND-0033,JOB-007,Employee Referral,Internal Referral,2025-05-30,Hired,2025-08-22,True,False,False
APP-00034,CAND-0034,JOB-008,Employee Referral,Internal Referral,2025-06-26,Hired,2025-08-30,True,False,False
APP-00035,CAND-0035,JOB-008,Employee Ref,Internal Referral,2025-06-17,Hired,2025-08-08,True,False,False
APP-00036,CAND-0036,JOB-008,Employee Referral,Internal Referral,2025-06-17,Hired,2025-08-10,True,False,False
APP-00037,CAND-0037,JOB-009,Employee Referral,Internal Referral,2025-05-15,Hired,2025-08-09,True,False,False
APP-00038,CAND-0038,JOB-009,Employee Referral,Internal Referral,2025-05-12,Hired,2025-08-08,True,False,False
APP-00039,CAND-0039,JOB-009,Referral,Internal Referral,2025-05-17,Hired,2025-07-03,True,False,False
APP-00040,CAND-0040,JOB-009,Employee Referral,Internal Referral,2025-05-03,Hired,2025-07-27,True,False,False
APP-00041,CAND-0041,JOB-010,Employee Ref,Internal Referral,2025-06-19,Hired,2025-07-31,True,False,False
APP-00042,CAND-0042,JOB-010,Employee Referral,Internal Referral,2025-06-15,Hired,2025-08-21,True,False,False
APP-00043,CAND-0043,JOB-010,Employee Referral,Internal Referral,2025-05-26,Hired,2025-07-28,True,False,False
APP-00044,CAND-0044,JOB-011,Employee Referral,Internal Referral,2024-12-12,Hired,2025-03-06,True,False,False
APP-00045,CAND-0045,JOB-011,Employee Referral,Internal Referral,2024-12-15,Hired,2025-02-28,True,False,False
APP-00046,CAND-0046,JOB-011,Employee Referral,Internal Referral,2025-01-05,Hired,2025-04-02,True,False,False
APP-00047,CAND-0047,JOB-011,Referral,Internal Referral,2024-12-14,Hired,2025-02-27,True,False,False
APP-00048,CAND-0048,JOB-011,Employee Referral,Internal Referral,2024-12-07,Hired,2025-03-07,True,False,False
APP-00049,CAND-0049,JOB-012,Employee Referral,Internal Referral,2025-06-30,Hired,2025-07-31,True,False,False
APP-00050,CAND-0050,JOB-012,Employee Referral,Internal Referral,2025-06-26,Hired,2025-08-25,True,False,False
APP-00051,CAND-0051,JOB-012,LinkedIn Organic,Job Posting,2025-06-26,Hired,2025-08-29,True,False,False
APP-00052,CAND-0052,JOB-012,LinkedIn Recruiter,InMail Outreach,2025-06-26,Hired,2025-08-30,True,False,False
APP-00053,CAND-0053,JOB-013,linkedin,Job Posting,2025-03-11,Hired,2025-05-21,True,False,False
APP-00054,CAND-0054,JOB-013,LinkedIn Recruiter,InMail Outreach,2025-03-19,Hired,2025-05-31,True,False,False
APP-00055,CAND-0055,JOB-013,LinkedIn Paid,Sponsored Job,2025-03-12,Hired,2025-06-19,True,False,False
APP-00056,CAND-0056,JOB-014,linkedin.com,Job Posting,2024-07-14,Hired,2024-10-28,True,False,False
APP-00057,CAND-0057,JOB-014,LinkedIn Paid,Sponsored Job,2024-07-23,Hired,2024-09-24,True,False,False
APP-00058,CAND-0058,JOB-014,LI,Job Posting,2024-08-12,Hired,2024-10-30,True,False,False
APP-00059,CAND-0059,JOB-014,Recruitment Agency,Agency Submission,2024-07-22,Hired,2024-11-09,True,False,False
APP-00060,CAND-0060,JOB-014,Careers Page,Careers Page,2024-07-14,Hired,2024-10-20,True,False,False
APP-00061,CAND-0061,JOB-014,Indeed,Indeed Apply,2024-08-11,Hired,2024-11-12,True,False,False
APP-00062,CAND-0062,JOB-015,LinkedIn Recruiter,InMail Outreach,2025-06-21,Hired,2025-07-21,True,False,False
APP-00063,CAND-0063,JOB-015,Headhunter,Agency Submission,2025-06-02,Hired,2025-07-16,True,False,False
APP-00064,CAND-0064,JOB-015,LinkedIn,Job Posting,2025-06-30,Hired,2025-08-03,True,False,False
APP-00065,CAND-0065,JOB-015,Direct Application,Careers Page,2025-05-31,Hired,2025-08-01,True,False,False
APP-00066,CAND-0066,JOB-015,Glassdoor,Glassdoor Apply,2025-06-25,Hired,2025-07-28,True,False,False
APP-00067,CAND-0067,JOB-015,Direct Application,Careers Page,2025-06-24,Hired,2025-07-24,True,False,False
APP-00068,CAND-0068,JOB-016,Direct Application,Careers Page,2025-06-26,Hired,2025-08-28,True,False,False
APP-00069,CAND-0069,JOB-016,LI,Job Posting,2025-06-26,Hired,2025-08-22,True,False,False
APP-00070,CAND-0070,JOB-016,University Partnership,Careers Fair,2025-06-26,Hired,2025-08-10,True,False,False
APP-00071,CAND-0071,JOB-017,Glassdoor,Glassdoor Apply,2024-12-24,Hired,2025-03-18,True,False,False
APP-00072,CAND-0072,JOB-017,LinkedIn Organic,Job Posting,2024-12-17,Hired,2025-03-21,True,False,False
APP-00073,CAND-0073,JOB-018,LinkedIn Organic,Job Posting,2025-06-26,Hired,2025-08-20,True,False,False
APP-00074,CAND-0074,JOB-018,GitHub,GitHub Profile,2025-06-21,Hired,2025-08-16,True,False,False
APP-00075,CAND-0075,JOB-018,LinkedIn Recruiter,InMail Outreach,2025-06-20,Hired,2025-08-29,True,False,False
APP-00076,CAND-0076,JOB-019,glassdoor,Glassdoor Apply,2025-06-26,Hired,2025-08-17,True,False,False
APP-00077,CAND-0077,JOB-019,LinkedIn Organic,Job Posting,2025-06-26,Hired,2025-08-23,True,False,False
APP-00078,CAND-0078,JOB-020,Recruitment Agency,Agency Submission,2024-01-21,Hired,2024-04-17,True,False,False
APP-00079,CAND-0079,JOB-020,Direct Application,Careers Page,2024-02-03,Hired,2024-04-15,True,False,False
APP-00080,CAND-0080,JOB-020,LI,Job Posting,2024-02-27,Hired,2024-05-20,True,False,False
APP-00081,CAND-0081,JOB-020,LinkedIn Recruiter,InMail Outreach,03/02/2024,Hired,04/29/2024,True,False,False
APP-00082,CAND-0082,JOB-020,Recruitment Agency,Agency Submission,2024-02-17,Hired,2024-05-19,True,False,False
APP-00083,CAND-0083,JOB-021,Other,Unknown,2024-02-06,Hired,2024-05-09,True,False,False
APP-00084,CAND-0084,JOB-021,LinkedIn Organic,Job Posting,2024-02-11,Hired,2024-05-18,True,False,False
APP-00085,CAND-0085,JOB-022,Recruitment Agency,Agency Submission,2025-06-26,Hired,2025-08-20,True,False,False
APP-00086,CAND-0086,JOB-022,Indeed,Indeed Apply,2025-06-26,Hired,2025-07-29,True,False,False
APP-00087,CAND-0087,JOB-022,LinkedIn Paid,Sponsored Job,2025-06-26,Hired,2025-08-27,True,False,False
APP-00088,CAND-0088,JOB-023,Glassdoor,Glassdoor Apply,2024-10-19,Hired,2024-12-27,True,False,False
APP-00089,CAND-0089,JOB-023,LinkedIn Recruiter,InMail Outreach,2024-11-07,Hired,2025-02-19,True,False,False
APP-00090,CAND-0090,JOB-023,Direct Application,Careers Page,2024-11-09,Hired,2025-01-07,True,False,False
APP-00091,CAND-0091,JOB-023,LinkedIn Organic,Job Posting,2024-11-08,Hired,2025-01-21,True,False,False
APP-00092,CAND-0092,JOB-024,LinkedIn Organic,Job Posting,2025-02-08,Hired,2025-05-17,True,False,False
APP-00093,CAND-0093,JOB-024,indeed,Indeed Apply,2025-02-21,Hired,2025-05-23,True,False,False
APP-00094,CAND-0094,JOB-024,University Partnership,Careers Fair,2025-02-02,Hired,2025-04-07,True,False,False
APP-00095,CAND-0095,JOB-025,LinkedIn Organic,Job Posting,2025-06-29,Hired,2025-08-12,True,False,False
APP-00096,CAND-0096,JOB-025,LinkedIn Organic,Job Posting,2025-06-26,Hired,2025-08-18,True,False,False
APP-00097,CAND-0097,JOB-026,LinkedIn Recruiter,InMail Outreach,2024-02-22,Hired,2024-04-14,True,False,False
APP-00098,CAND-0098,JOB-026,Direct Application,Careers Page,2024-01-25,Hired,2024-04-01,True,False,False
APP-00099,CAND-0099,JOB-026,LinkedIn Organic,Job Posting,2024-01-21,Hired,2024-04-29,True,False,False
APP-00100,CAND-0100,JOB-027,Direct Application,Careers Page,2025-05-31,Hired,2025-07-20,True,False,False
APP-00101,CAND-0101,JOB-027,LinkedIn Organic,Job Posting,2025-05-05,Hired,2025-07-29,True,False,False
APP-00102,CAND-0102,JOB-027,LinkedIn Paid,Sponsored Job,2025-05-02,Hired,2025-07-22,True,False,False
APP-00103,CAND-0103,JOB-027,linkedin.com,Job Posting,2025-04-24,Hired,2025-07-12,True,False,False
APP-00104,CAND-0104,JOB-028,LinkedIn Recruiter,InMail Outreach,2025-02-26,Hired,2025-05-22,True,False,False
APP-00105,CAND-0105,JOB-028,LinkedIn Organic,Job Posting,2025-03-25,Hired,2025-05-28,True,False,False
APP-00106,CAND-0106,JOB-028,LinkedIn Recruiter,InMail Outreach,2025-02-28,Hired,2025-05-19,True,False,False
APP-00107,CAND-0107,JOB-028,linkedin,Job Posting,2025-02-17,Hired,2025-05-04,True,False,False
APP-00108,CAND-0108,JOB-029,LinkedIn Recruiter,InMail Outreach,2025-01-15,Hired,2025-03-27,True,False,False
APP-00109,CAND-0109,JOB-029,Direct Application,Careers Page,2025-01-25,Hired,2025-03-31,True,False,False
APP-00110,CAND-0110,JOB-029,LinkedIn Recruiter,InMail Outreach,2025-01-27,Hired,2025-04-13,True,False,False
APP-00111,CAND-0111,JOB-029,LI Recruiter,InMail Outreach,2024-12-31,Hired,2025-03-03,True,False,False
APP-00112,CAND-0112,JOB-030,LinkedIn,Job Posting,2024-01-10,Hired,2024-04-14,True,False,False
APP-00113,CAND-0113,JOB-030,LinkedIn Recruiter,InMail Outreach,2024-01-18,Hired,2024-03-30,True,False,False
APP-00114,CAND-0114,JOB-030,LinkedIn Organic,Job Posting,2024-02-04,Hired,2024-04-03,True,False,False
APP-00115,CAND-0115,JOB-030,LinkedIn Recruiter,InMail Outreach,2024-01-04,Hired,2024-03-04,True,False,False
APP-00116,CAND-0116,JOB-030,Indeed,Indeed Apply,2024-01-13,Hired,2024-03-13,True,False,False
APP-00117,CAND-0117,JOB-031,LinkedIn,Job Posting,2025-06-26,Hired,2025-08-03,True,False,False
APP-00118,CAND-0118,JOB-031,LinkedIn Recruiter,InMail Outreach,2025-06-26,Hired,2025-08-05,True,False,False
APP-00119,CAND-0119,JOB-031,LinkedIn Organic,Job Posting,2025-06-26,Hired,2025-08-26,True,False,False
APP-00120,CAND-0120,JOB-031,LinkedIn Organic,Job Posting,2025-06-26,Hired,2025-08-29,True,False,False
APP-00121,CAND-0121,JOB-032,LinkedIn Organic,Job Posting,2025-06-26,Hired,2025-07-31,True,False,False
APP-00122,CAND-0122,JOB-032,LinkedIn Organic,Job Posting,2025-06-18,Hired,2025-07-17,True,False,False
APP-00123,CAND-0123,JOB-032,LinkedIn Organic,Job Posting,2025-06-26,Hired,2025-07-27,True,False,False
APP-00124,CAND-0124,JOB-032,LinkedIn Organic,Job Posting,2025-06-26,Hired,2025-08-23,True,False,False
APP-00125,CAND-0125,JOB-034,LinkedIn InMail,InMail Outreach,2025-04-04,Hired,2025-06-17,True,False,False
APP-00126,CAND-0126,JOB-035,LinkedIn Recruiter,InMail Outreach,04/18/2025,Hired,18/07/2025,True,False,False
APP-00127,CAND-0127,JOB-035,LinkedIn Organic,Job Posting,2025-05-21,Hired,2025-07-03,True,False,False
APP-00128,CAND-0128,JOB-035,LinkedIn Organic,Job Posting,2025-05-12,Hired,2025-07-05,True,False,False
APP-00129,CAND-0129,JOB-035,Glassdoor,Glassdoor Apply,2025-04-23,Hired,2025-07-16,True,False,False
APP-00130,CAND-0130,JOB-036,Direct Application,Careers Page,2025-04-05,Hired,2025-06-18,True,False,False
APP-00131,CAND-0131,JOB-036,LinkedIn Recruiter,InMail Outreach,2025-05-01,Hired,2025-07-11,True,False,False
APP-00132,CAND-0132,JOB-036,LinkedIn Organic,Job Posting,2025-04-28,Hired,2025-06-28,True,False,False
APP-00133,CAND-0133,JOB-037,LinkedIn Organic,Job Posting,2025-05-10,Hired,2025-08-05,True,False,False
APP-00134,CAND-0134,JOB-037,LinkedIn Organic,Job Posting,2025-05-16,Hired,2025-06-28,True,False,False
APP-00135,CAND-0135,JOB-037,Glassdoor,Glassdoor Apply,2025-05-19,Hired,2025-07-19,True,False,False
APP-00136,CAND-0136,JOB-037,Direct Application,Careers Page,2025-06-01,Hired,2025-07-25,True,False,False
APP-00137,CAND-0137,JOB-037,Direct Application,Careers Page,2025-05-21,Hired,2025-08-09,True,False,False
APP-00138,CAND-0138,JOB-038,Recruitment Agency,Agency Submission,2025-01-05,Hired,2025-04-05,True,False,False
APP-00139,CAND-0139,JOB-038,LinkedIn Organic,Job Posting,2025-01-25,Hired,2025-04-01,True,False,False
APP-00140,CAND-0140,JOB-038,LinkedIn Sponsored,Sponsored Job,2025-01-09,Hired,2025-03-14,True,False,False
APP-00141,CAND-0141,JOB-038,LinkedIn Paid,Sponsored Job,2025-01-28,Hired,2025-04-14,True,False,False
APP-00142,CAND-0142,JOB-038,LinkedIn Organic,Job Posting,2025-01-05,Hired,2025-03-01,True,False,False
APP-00143,CAND-0143,JOB-039,LinkedIn Organic,Job Posting,2025-06-26,Hired,2025-07-30,True,False,False
APP-00144,CAND-0144,JOB-039,LinkedIn Ads,Sponsored Job,2025-06-20,Hired,2025-07-21,True,False,False
APP-00145,CAND-0145,JOB-039,LinkedIn Organic,Job Posting,2025-06-26,Hired,2025-07-26,True,False,False
APP-00146,CAND-0146,JOB-039,linkedin,Job Posting,2025-06-26,Hired,2025-08-08,True,False,False
APP-00147,CAND-0147,JOB-040,Direct Application,Careers Page,2024-02-10,Hired,2024-05-10,True,False,False
APP-00148,CAND-0148,JOB-041,Linked In,Job Posting,2025-06-26,Hired,2025-07-26,True,False,False
APP-00149,CAND-0149,JOB-041,LinkedIn Organic,Job Posting,2025-06-26,Hired,2025-07-18,True,False,False
APP-00150,CAND-0150,JOB-041,LinkedIn Paid,Sponsored Job,2025-06-26,Hired,2025-08-28,True,False,False
APP-00151,CAND-0151,JOB-041,glassdoor,Glassdoor Apply,2025-06-26,Hired,2025-08-26,True,False,False
APP-00152,CAND-0152,JOB-041,Indeed,Indeed Apply,2025-06-26,Hired,2025-08-29,True,False,False
APP-00153,CAND-0153,JOB-042,Direct Application,Careers Page,2024-07-21,Hired,2024-10-04,True,False,False
APP-00154,CAND-0154,JOB-042,LinkedIn Organic,Job Posting,2024-07-09,Hired,2024-08-31,True,False,False
APP-00155,CAND-0155,JOB-042,Indeed,Indeed Apply,2024-07-06,Hired,2024-10-05,True,False,False
APP-00156,CAND-0156,JOB-042,Direct Application,Careers Page,2024-07-31,Hired,2024-09-24,True,False,False
APP-00157,CAND-0157,JOB-043,Direct Application,Careers Page,2024-08-13,Hired,2024-10-26,True,False,False
APP-00158,CAND-0158,JOB-043,LI Recruiter,InMail Outreach,2024-08-16,Hired,2024-10-30,True,False,False
APP-00159,CAND-0159,JOB-043,Company Website,Careers Page,2024-08-16,Hired,2024-11-13,True,False,False
APP-00160,CAND-0160,JOB-044,Direct Application,Careers Page,2025-06-26,Hired,2025-08-02,True,False,False
APP-00161,CAND-0161,JOB-044,Glassdoor,Glassdoor Apply,2025-06-26,Hired,2025-08-20,True,False,False
APP-00162,CAND-0162,JOB-044,LinkedIn Organic,Job Posting,2025-06-26,Hired,2025-07-18,True,False,False
APP-00163,CAND-0163,JOB-044,LinkedIn Organic,Job Posting,2025-06-26,Hired,2025-07-17,True,False,False
APP-00164,CAND-0164,JOB-044,LinkedIn Organic,Job Posting,2025-06-26,Hired,2025-08-16,True,False,False
APP-00165,CAND-0165,JOB-045,LinkedIn Organic,Job Posting,2024-05-05,Hired,2024-07-15,True,False,False
APP-00166,CAND-0166,JOB-045,Glassdoor,Glassdoor Apply,2024-05-14,Hired,2024-07-29,True,False,False
APP-00167,CAND-0167,JOB-037,LinkedIn Recruiter,InMail Outreach,2025-05-12,Recruiter Screen,2025-05-21,False,True,False
APP-00168,CAND-0168,JOB-014,LinkedIn Recruiter,InMail Outreach,2024-07-09,Resume Screen,2024-07-16,False,True,False
APP-00169,CAND-0169,JOB-033,LinkedIn Paid,Sponsored Job,2025-06-19,Final Panel Interview,2025-06-28,False,True,False
APP-00170,CAND-0170,JOB-028,LinkedIn Recruiter,InMail Outreach,2025-03-18,Final Panel Interview,2025-04-14,False,True,False
APP-00171,CAND-0171,JOB-015,Direct Application,Careers Page,2025-06-28,Technical Assessment,2025-06-30,False,True,False
APP-00172,CAND-0172,JOB-029,LinkedIn Organic,Job Posting,2024-12-28,Recruiter Screen,2025-01-06,False,True,False
APP-00173,CAND-0173,JOB-022,LinkedIn Sponsored,Sponsored Job,2025-06-20,Resume Screen,2025-06-25,False,True,False
APP-00174,CAND-0174,JOB-043,Indeed,Indeed Apply,2024-09-16,Resume Screen,2024-09-24,False,True,False
APP-00175,CAND-0175,JOB-035,LinkedIn Recruiter,InMail Outreach,2025-05-29,Hiring Manager Screen,2025-06-20,False,True,False
APP-00176,CAND-0176,JOB-006,LinkedIn Organic,Job Posting,2024-01-22,Recruiter Screen,2024-02-05,False,True,False
APP-00177,CAND-0177,JOB-031,Glassdoor.com,Glassdoor Apply,2025-06-30,Hiring Manager Screen,2025-07-01,False,True,False
APP-00178,CAND-0178,JOB-035,Glassdoor,Glassdoor Apply,2025-06-02,Resume Screen,2025-06-08,False,True,False
APP-00179,CAND-0179,JOB-030,Direct Application,Careers Page,2024-02-24,Offer,2024-03-24,False,False,True
APP-00180,CAND-0180,JOB-045,GitHub Sourcing,GitHub Profile,2024-05-14,Resume Screen,2024-05-21,False,True,False
APP-00181,CAND-0181,JOB-003,Other,Unknown,2025-06-11,Technical Assessment,2025-06-29,False,False,True
APP-00182,CAND-0182,JOB-033,GitHub Sourcing,GitHub Profile,2025-06-21,Hiring Manager Screen,2025-06-29,False,True,False
APP-00183,CAND-0183,JOB-003,LinkedIn Organic,Job Posting,2025-06-26,Recruiter Screen,2025-06-29,False,True,False
APP-00184,CAND-0184,JOB-029,Indeed,Indeed Apply,2025-02-07,Hiring Manager Screen,2025-02-22,False,False,True
APP-00185,CAND-0185,JOB-007,LinkedIn Organic,Job Posting,2025-06-12,Hiring Manager Screen,2025-06-28,False,True,False
APP-00186,CAND-0186,JOB-012,Employee Referral,Internal Referral,2025-06-26,Hiring Manager Screen,2025-07-01,False,True,False
APP-00187,CAND-0187,JOB-010,LinkedIn Recruiter,InMail Outreach,2025-06-23,Recruiter Screen,2025-07-01,False,True,False
APP-00188,CAND-0188,JOB-033,LinkedIn Recruiter,InMail Outreach,2025-07-01,Resume Screen,2025-06-29,False,True,False
APP-00189,CAND-0189,JOB-001,Recruitment Agency,Agency Submission,2025-04-14,Technical Assessment,2025-05-06,False,False,True
APP-00190,CAND-0190,JOB-015,Direct,Careers Page,2025-06-13,Recruiter Screen,2025-06-22,False,True,False
APP-00191,CAND-0191,JOB-014,LinkedIn Ads,Sponsored Job,2024-07-10,Resume Screen,2024-07-17,False,True,False
APP-00192,CAND-0192,JOB-034,LinkedIn Organic,Job Posting,2025-05-04,Recruiter Screen,2025-05-14,False,False,True
APP-00193,CAND-0193,JOB-008,Direct Application,Careers Page,2025-06-08,Recruiter Screen,2025-06-20,False,True,False
APP-00194,CAND-0194,JOB-015,LinkedIn Organic,Job Posting,2025-06-30,Resume Screen,2025-06-30,False,True,False
APP-00195,CAND-0195,JOB-028,Linked In,Job Posting,2025-02-20,Resume Screen,2025-02-26,False,True,False
APP-00196,CAND-0196,JOB-013,LinkedIn Organic,Job Posting,2025-02-28,Resume Screen,2025-03-09,False,True,False
APP-00197,CAND-0197,JOB-009,LinkedIn Organic,Job Posting,2025-06-03,Resume Screen,2025-06-12,False,True,False
APP-00198,CAND-0198,JOB-012,GitHub Sourcing,GitHub Profile,2025-06-22,Resume Screen,2025-07-01,False,True,False
APP-00199,CAND-0199,JOB-003,LinkedIn Organic,Job Posting,2025-06-29,Hiring Manager Screen,2025-07-01,False,True,False
APP-00200,CAND-0200,JOB-020,Glassdoor,Glassdoor Apply,2024-02-29,Recruiter Screen,2024-03-12,False,True,False
APP-00201,CAND-0201,JOB-021,LinkedIn Organic,Job Posting,2024-03-22,Technical Assessment,2024-04-13,False,True,False
APP-00202,CAND-0202,JOB-022,Glassdoor,Glassdoor Apply,2025-06-13,Resume Screen,2025-06-19,False,True,False
APP-00203,CAND-0203,JOB-024,Other,Unknown,2025-02-21,Offer,2025-03-28,False,False,True
APP-00204,CAND-0204,JOB-015,GitHub Sourcing,GitHub Profile,2025-06-22,Technical Assessment,2025-06-29,False,True,False
APP-00205,CAND-0205,JOB-023,Glassdoor,Glassdoor Apply,2024-10-19,Hiring Manager Screen,2024-10-31,False,True,False
APP-00206,CAND-0206,JOB-016,Direct Application,Careers Page,2025-06-24,Resume Screen,2025-06-28,False,True,False
APP-00207,CAND-0207,JOB-044,indeed,Indeed Apply,2025-06-11,Resume Screen,2025-06-21,False,True,False
APP-00208,CAND-0208,JOB-027,Recruitment Agency,Agency Submission,2025-05-08,Recruiter Screen,2025-05-21,False,True,False
APP-00209,CAND-0209,JOB-010,Agency,Agency Submission,2025-06-21,Resume Screen,2025-06-27,False,True,False
APP-00210,CAND-0210,JOB-002,LinkedIn Recruiter,InMail Outreach,2025-06-04,Technical Assessment,2025-06-25,False,False,True
APP-00211,CAND-0211,JOB-011,LinkedIn Organic,Job Posting,2024-12-19,Hiring Manager Screen,2025-01-05,False,True,False
APP-00212,CAND-0212,JOB-036,LinkedIn Paid,Sponsored Job,2025-04-11,Resume Screen,2025-04-15,False,True,False
APP-00213,CAND-0213,JOB-018,Direct Application,Careers Page,2025-06-30,Technical Assessment,2025-07-01,False,False,True
APP-00214,CAND-0214,JOB-010,LinkedIn Paid,Sponsored Job,2025-05-19,Resume Screen,2025-05-27,False,True,False
APP-00215,CAND-0215,JOB-016,LinkedIn InMail,InMail Outreach,2025-06-03,Hiring Manager Screen,2025-06-18,False,True,False
APP-00216,CAND-0216,JOB-036,LinkedIn Organic,Job Posting,2025-04-28,Final Panel Interview,2025-05-22,False,True,False
APP-00217,CAND-0217,JOB-033,Indeed,Indeed Apply,2025-06-25,Hiring Manager Screen,2025-06-30,False,True,False
APP-00218,CAND-0218,JOB-045,Indeed,Indeed Apply,2024-05-02,Resume Screen,2024-05-08,False,True,False
APP-00219,CAND-0219,JOB-032,LinkedIn Organic,Job Posting,2025-06-29,Recruiter Screen,2025-06-30,False,True,False
APP-00220,CAND-0220,JOB-021,GitHub Sourcing,GitHub Profile,2024-02-23,Resume Screen,2024-03-02,False,True,False
APP-00221,CAND-0221,JOB-007,LI Recruiter,InMail Outreach,2025-06-21,Resume Screen,2025-06-26,False,True,False
APP-00222,CAND-0222,JOB-040,Direct,Careers Page,2024-02-15,Resume Screen,2024-02-23,False,True,False
APP-00223,CAND-0223,JOB-019,LinkedIn Organic,Job Posting,2025-06-17,Resume Screen,2025-06-27,False,True,False
APP-00224,CAND-0224,JOB-028,LinkedIn Organic,Job Posting,2025-02-16,Resume Screen,2025-02-24,False,True,False
APP-00225,CAND-0225,JOB-032,LinkedIn Recruiter,InMail Outreach,2025-06-23,Resume Screen,2025-06-30,False,True,False
APP-00226,CAND-0226,JOB-010,Indeed,Indeed Apply,2025-06-03,Resume Screen,2025-06-11,False,True,False
APP-00227,CAND-0227,JOB-041,Indeed,Indeed Apply,2025-06-13,Recruiter Screen,2025-06-21,False,True,False
APP-00228,CAND-0228,JOB-030,Employee Referral,Internal Referral,2024-02-19,Resume Screen,2024-02-27,False,True,False
APP-00229,CAND-0229,JOB-008,Recruitment Agency,Agency Submission,2025-06-25,Technical Assessment,2025-06-30,False,True,False
APP-00230,CAND-0230,JOB-042,LinkedIn Organic,Job Posting,2024-08-11,Resume Screen,2024-08-19,False,True,False
APP-00231,CAND-0231,JOB-025,LinkedIn Organic,Job Posting,2025-06-02,Resume Screen,2025-06-10,False,True,False
APP-00232,CAND-0232,JOB-016,LinkedIn Recruiter,InMail Outreach,2025-06-05,Technical Assessment,2025-06-23,False,False,True
APP-00233,CAND-0233,JOB-010,indeed,Indeed Apply,2025-06-27,Resume Screen,2025-06-29,False,True,False
APP-00234,CAND-0234,JOB-027,LinkedIn Recruiter,InMail Outreach,2025-04-24,Hiring Manager Screen,2025-05-14,False,True,False
APP-00235,CAND-0235,JOB-006,University Partnership,Careers Fair,2024-02-09,Resume Screen,2024-02-17,False,True,False
APP-00236,CAND-0236,JOB-032,Indeed,Indeed Apply,2025-07-01,Hiring Manager Screen,2025-06-29,False,True,False
APP-00237,CAND-0237,JOB-036,LinkedIn Recruiter,InMail Outreach,2025-04-28,Offer,2025-05-25,False,False,True
APP-00238,CAND-0238,JOB-025,Direct Application,Careers Page,2025-06-26,Recruiter Screen,2025-06-28,False,True,False
APP-00239,CAND-0239,JOB-008,Direct Application,Careers Page,2025-06-05,Resume Screen,2025-06-09,False,True,False
APP-00240,CAND-0240,JOB-002,Direct Application,Careers Page,2025-06-14,Hiring Manager Screen,2025-06-30,False,True,False
APP-00241,CAND-0241,JOB-020,LinkedIn Organic,Job Posting,2024-01-30,Offer,2024-03-08,False,False,True
APP-00242,CAND-0242,JOB-045,LinkedIn Paid,Sponsored Job,2024-05-04,Hiring Manager Screen,2024-05-22,False,False,True
APP-00243,CAND-0243,JOB-010,LinkedIn Recruiter,InMail Outreach,2025-06-25,Technical Assessment,2025-06-29,False,False,True
APP-00244,CAND-0244,JOB-043,Employee Referral,Internal Referral,2024-07-23,Resume Screen,2024-07-31,False,True,False
APP-00245,CAND-0245,JOB-020,Employee Referral,Internal Referral,2024-02-14,Resume Screen,2024-02-24,False,True,False
APP-00246,CAND-0246,JOB-002,LinkedIn Organic,Job Posting,2025-06-05,Resume Screen,2025-06-11,False,True,False
APP-00247,CAND-0247,JOB-040,LinkedIn Recruiter,InMail Outreach,2024-02-17,Hiring Manager Screen,2024-03-06,False,True,False
APP-00248,CAND-0248,JOB-006,Linked In,Job Posting,06/03/2024,Resume Screen,10/03/2024,False,True,False
APP-00249,CAND-0249,JOB-014,Indeed,Indeed Apply,2024-08-30,Resume Screen,2024-09-06,False,True,False
APP-00250,CAND-0250,JOB-005,Employee Referral,Internal Referral,2025-06-03,Resume Screen,2025-06-12,False,True,False
APP-00251,CAND-0251,JOB-045,LinkedIn Paid,Sponsored Job,2024-05-21,Recruiter Screen,2024-05-30,False,True,False
APP-00252,CAND-0252,JOB-038,LinkedIn Recruiter,InMail Outreach,2025-01-07,Resume Screen,2025-01-12,False,True,False
APP-00253,CAND-0253,JOB-014,Careers Page,Careers Page,2024-07-04,Hiring Manager Screen,2024-07-23,False,True,False
APP-00254,CAND-0254,JOB-015,Other,Unknown,2025-06-04,Resume Screen,2025-06-10,False,True,False
APP-00255,CAND-0255,JOB-010,LI,Job Posting,2025-05-31,Resume Screen,2025-06-07,False,True,False
APP-00256,CAND-0256,JOB-020,LinkedIn Organic,Job Posting,2024-02-09,Resume Screen,2024-02-15,False,True,False
APP-00257,CAND-0257,JOB-044,Other,Unknown,2025-06-07,Resume Screen,2025-06-14,False,True,False
APP-00258,CAND-0258,JOB-028,linkedin,Job Posting,2025-03-29,Hiring Manager Screen,2025-04-15,False,True,False
APP-00259,CAND-0259,JOB-011,Glassdoor,Glassdoor Apply,2024-12-11,Resume Screen,2024-12-21,False,True,False
APP-00260,CAND-0260,JOB-044,LinkedIn Paid,Sponsored Job,2025-06-06,Resume Screen,2025-06-12,False,True,False
APP-00261,CAND-0261,JOB-036,Employee Referral,Internal Referral,2025-04-20,Recruiter Screen,2025-04-28,False,True,False
APP-00262,CAND-0262,JOB-034,Glassdoor,Glassdoor Apply,2025-05-10,Recruiter Screen,2025-05-20,False,True,False
APP-00263,CAND-0263,JOB-010,Indeed,Indeed Apply,2025-06-23,Hiring Manager Screen,2025-06-28,False,True,False
APP-00264,CAND-0264,JOB-004,Employee Referral,Internal Referral,2024-05-12,Recruiter Screen,2024-05-19,False,True,False
APP-00265,CAND-0265,JOB-023,linkedin,Job Posting,2024-11-07,Recruiter Screen,2024-11-16,False,True,False
APP-00266,CAND-0266,JOB-016,linkedin.com,Job Posting,2025-06-14,Hiring Manager Screen,2025-06-30,False,True,False
APP-00267,CAND-0267,JOB-043,Indeed,Indeed Apply,2024-07-27,Hiring Manager Screen,2024-08-10,False,True,False
APP-00268,CAND-0268,JOB-005,LinkedIn InMail,InMail Outreach,2025-06-28,Technical Interview,2025-06-29,False,True,False
APP-00269,CAND-0269,JOB-012,GitHub Sourcing,GitHub Profile,2025-06-21,Resume Screen,2025-06-29,False,True,False
APP-00270,CAND-0270,JOB-005,LinkedIn Organic,Job Posting,2025-06-04,Resume Screen,2025-06-14,False,True,False
APP-00271,CAND-0271,JOB-023,LinkedIn Recruiter,InMail Outreach,2024-11-01,Technical Interview,2024-12-01,False,True,False
APP-00272,CAND-0272,JOB-003,LinkedIn Organic,Job Posting,2025-06-18,Resume Screen,2025-06-24,False,True,False
APP-00273,CAND-0273,JOB-030,Employee Referral,Internal Referral,2024-01-16,Resume Screen,2024-01-22,False,True,False
APP-00274,CAND-0274,JOB-040,LinkedIn Recruiter,InMail Outreach,2024-02-07,Resume Screen,2024-02-13,False,True,False
APP-00275,CAND-0275,JOB-038,Direct Application,Careers Page,2025-01-08,Recruiter Screen,2025-01-17,False,True,False
APP-00276,CAND-0276,JOB-026,Employee Referral,Internal Referral,2024-03-08,Resume Screen,2024-03-16,False,True,False
APP-00277,CAND-0277,JOB-028,Direct,Careers Page,2025-02-17,Resume Screen,2025-02-23,False,True,False
APP-00278,CAND-0278,JOB-026,LinkedIn,Job Posting,2024-02-17,Resume Screen,2024-02-24,False,True,False
APP-00279,CAND-0279,JOB-010,Direct Application,Careers Page,2025-06-12,Resume Screen,2025-06-19,False,True,False
APP-00280,CAND-0280,JOB-002,LinkedIn Recruiter,InMail Outreach,2025-06-18,Recruiter Screen,2025-07-01,False,True,False
APP-00281,CAND-0281,JOB-025,LinkedIn Recruiter,InMail Outreach,2025-06-11,Technical Assessment,2025-06-28,False,False,True
APP-00282,CAND-0282,JOB-007,LinkedIn Organic,Job Posting,2025-06-14,Resume Screen,2025-06-23,False,True,False
APP-00283,CAND-0283,JOB-020,Direct Application,Careers Page,2024-01-16,Resume Screen,2024-01-22,False,True,False
APP-00284,CAND-0284,JOB-031,Glassdoor,Glassdoor Apply,2025-06-26,Resume Screen,2025-06-29,False,True,False
APP-00285,CAND-0285,JOB-025,LinkedIn Recruiter,InMail Outreach,2025-06-11,Resume Screen,2025-06-19,False,True,False
APP-00286,CAND-0286,JOB-009,LinkedIn Recruiter,InMail Outreach,2025-06-15,Recruiter Screen,2025-06-28,False,True,False
APP-00287,CAND-0287,JOB-013,LinkedIn Recruiter,InMail Outreach,2025-03-27,Recruiter Screen,2025-04-09,False,False,True
APP-00288,CAND-0288,JOB-013,LinkedIn Paid,Sponsored Job,2025-04-20,Resume Screen,2025-04-27,False,True,False
APP-00289,CAND-0289,JOB-009,LinkedIn Paid,Sponsored Job,2025-06-23,Resume Screen,2025-07-01,False,True,False
APP-00290,CAND-0290,JOB-003,Employee Referral,Internal Referral,2025-06-25,Recruiter Screen,2025-06-29,False,True,False
APP-00291,CAND-0291,JOB-008,LinkedIn Organic,Job Posting,2025-06-07,Resume Screen,2025-06-16,False,True,False
APP-00292,CAND-0292,JOB-043,Employee Referral,Internal Referral,2024-09-14,Resume Screen,2024-09-21,False,True,False
APP-00293,CAND-0293,JOB-036,Linked In,Job Posting,2025-04-24,Resume Screen,2025-04-29,False,True,False
APP-00294,CAND-0294,JOB-010,LinkedIn Recruiter,InMail Outreach,2025-06-15,Recruiter Screen,2025-06-27,False,True,False
APP-00295,CAND-0295,JOB-027,Recruitment Agency,Agency Submission,30/05/2025,Offer,28/06/2025,False,False,True
APP-00296,CAND-0296,JOB-019,Recruitment Agency,Agency Submission,2025-06-30,Resume Screen,2025-06-28,False,True,False
APP-00297,CAND-0297,JOB-038,LinkedIn Paid,Sponsored Job,2025-02-20,Resume Screen,2025-02-27,False,True,False
APP-00298,CAND-0298,JOB-019,Indeed,Indeed Apply,2025-06-23,Hiring Manager Screen,2025-07-01,False,True,False
APP-00299,CAND-0299,JOB-029,Referral,Internal Referral,2025-01-31,Offer,2025-02-15,False,False,True
APP-00300,CAND-0300,JOB-040,LinkedIn Paid,Sponsored Job,2024-02-09,Recruiter Screen,2024-02-24,False,True,False
APP-00301,CAND-0301,JOB-006,Direct Application,Careers Page,2024-02-13,Resume Screen,2024-02-19,False,True,False
APP-00302,CAND-0302,JOB-021,LinkedIn Recruiter,InMail Outreach,2024-02-05,Technical Assessment,2024-02-22,False,True,False
APP-00303,CAND-0303,JOB-031,LinkedIn Organic,Job Posting,2025-06-16,Hiring Manager Screen,2025-06-28,False,False,True
APP-00304,CAND-0304,JOB-012,LinkedIn Ads,Sponsored Job,2025-06-12,Recruiter Screen,2025-06-22,False,True,False
APP-00305,CAND-0305,JOB-028,Internal Referral,Internal Referral,2025-03-23,Resume Screen,2025-03-31,False,True,False
APP-00306,CAND-0306,JOB-025,LI,Job Posting,23/06/2025,Recruiter Screen,01/07/2025,False,True,False
APP-00307,CAND-0307,JOB-024,LinkedIn Recruiter,InMail Outreach,2025-03-03,Recruiter Screen,2025-03-14,False,True,False
APP-00308,CAND-0308,JOB-023,Direct Application,Careers Page,2024-11-15,Technical Interview,2024-12-11,False,True,False
APP-00309,CAND-0309,JOB-012,Linked In,Job Posting,2025-06-30,Resume Screen,2025-07-01,False,True,False
APP-00310,CAND-0310,JOB-028,LinkedIn Recruiter,InMail Outreach,20/02/2025,Resume Screen,02/26/2025,False,True,False
APP-00311,CAND-0311,JOB-027,LinkedIn Recruiter,InMail Outreach,2025-06-13,Hiring Manager Screen,2025-06-27,False,True,False
APP-00312,CAND-0312,JOB-002,Direct Application,Careers Page,2025-06-22,Resume Screen,2025-06-30,False,True,False
APP-00313,CAND-0313,JOB-005,Direct,Careers Page,2025-06-30,Hiring Manager Screen,2025-06-29,False,True,False
APP-00314,CAND-0314,JOB-025,linkedin,Job Posting,2025-06-18,Resume Screen,2025-06-22,False,True,False
APP-00315,CAND-0315,JOB-025,LinkedIn Organic,Job Posting,2025-06-24,Resume Screen,2025-06-28,False,True,False
APP-00316,CAND-0316,JOB-022,Direct Application,Careers Page,2025-06-27,Recruiter Screen,2025-06-28,False,True,False
APP-00317,CAND-0317,JOB-006,Employee Referral,Internal Referral,2024-01-29,Resume Screen,2024-02-05,False,True,False
APP-00318,CAND-0318,JOB-006,Indeed,Indeed Apply,2024-02-11,Technical Assessment,2024-03-07,False,True,False
APP-00319,CAND-0319,JOB-008,LinkedIn Organic,Job Posting,2025-06-12,Resume Screen,2025-06-19,False,True,False
APP-00320,CAND-0320,JOB-017,LinkedIn Organic,Job Posting,2025-01-11,Resume Screen,2025-01-18,False,True,False
APP-00321,CAND-0321,JOB-018,Indeed.com,Indeed Apply,2025-06-28,Recruiter Screen,2025-06-28,False,True,False
APP-00322,CAND-0322,JOB-025,Careers Page,Careers Page,2025-06-19,Resume Screen,2025-06-26,False,True,False
APP-00323,CAND-0323,JOB-032,Recruitment Agency,Agency Submission,2025-06-24,Resume Screen,2025-06-29,False,True,False
APP-00324,CAND-0324,JOB-015,LinkedIn Recruiter,InMail Outreach,29/06/2025,Hiring Manager Screen,06/30/2025,False,True,False
APP-00325,CAND-0325,JOB-015,LinkedIn Recruiter,InMail Outreach,2025-06-04,Hiring Manager Screen,2025-06-19,False,True,False
APP-00326,CAND-0326,JOB-011,LinkedIn Recruiter,InMail Outreach,2024-12-11,Resume Screen,2024-12-18,False,True,False
APP-00327,CAND-0327,JOB-016,Referral,Internal Referral,2025-06-02,Resume Screen,2025-06-07,False,True,False
APP-00328,CAND-0328,JOB-006,linkedin,Job Posting,2024-02-12,Resume Screen,2024-02-17,False,True,False
APP-00329,CAND-0329,JOB-015,LinkedIn Recruiter,InMail Outreach,2025-06-18,Recruiter Screen,2025-06-29,False,True,False
APP-00330,CAND-0330,JOB-003,referral,Internal Referral,2025-06-14,Technical Assessment,2025-06-29,False,False,True
APP-00331,CAND-0331,JOB-042,LinkedIn Paid,Sponsored Job,2024-08-01,Resume Screen,2024-08-09,False,True,False
APP-00332,CAND-0332,JOB-036,Direct Application,Careers Page,2025-04-23,Hiring Manager Screen,2025-05-05,False,False,True
APP-00333,CAND-0333,JOB-035,LinkedIn Paid,Sponsored Job,2025-04-19,Resume Screen,2025-04-26,False,True,False
APP-00334,CAND-0334,JOB-032,University Partnership,Careers Fair,2025-06-23,Final Panel Interview,2025-06-28,False,True,False
APP-00335,CAND-0335,JOB-039,Employee Referral,Internal Referral,2025-06-05,Recruiter Screen,2025-06-13,False,True,False
APP-00336,CAND-0336,JOB-040,LinkedIn Organic,Job Posting,2024-01-05,Recruiter Screen,2024-01-15,False,True,False
APP-00337,CAND-0337,JOB-028,LinkedIn Organic,Job Posting,2025-04-03,Final Panel Interview,2025-04-22,False,True,False
APP-00338,CAND-0338,JOB-025,Direct Application,Careers Page,2025-06-05,Resume Screen,2025-06-12,False,True,False
APP-00339,CAND-0339,JOB-037,Employee Referral,Internal Referral,2025-04-30,Hiring Manager Screen,2025-05-10,False,True,False
APP-00340,CAND-0340,JOB-018,LI,Job Posting,2025-06-24,Resume Screen,2025-06-28,False,True,False
APP-00341,CAND-0341,JOB-011,Indeed,Indeed Apply,2024-12-24,Resume Screen,2025-01-01,False,True,False
APP-00342,CAND-0342,JOB-040,LinkedIn Recruiter,InMail Outreach,2024-01-28,Resume Screen,2024-02-02,False,True,False
APP-00343,CAND-0343,JOB-039,LinkedIn Recruiter,InMail Outreach,2025-06-19,Hiring Manager Screen,2025-06-28,False,True,False
APP-00344,CAND-0344,JOB-041,GitHub Sourcing,GitHub Profile,2025-06-19,Resume Screen,2025-06-24,False,True,False
APP-00345,CAND-0345,JOB-023,University Partnership,Careers Fair,2024-11-16,Recruiter Screen,2024-11-28,False,True,False
APP-00346,CAND-0346,JOB-005,Employee Referral,Internal Referral,2025-06-03,Resume Screen,2025-06-09,False,True,False
APP-00347,CAND-0347,JOB-020,linkedin,Job Posting,2024-02-24,Recruiter Screen,2024-03-09,False,True,False
APP-00348,CAND-0348,JOB-011,Other,Unknown,2024-12-25,Resume Screen,2025-01-01,False,True,False
APP-00349,CAND-0349,JOB-006,LinkedIn Recruiter,InMail Outreach,2024-02-19,Hiring Manager Screen,2024-02-29,False,True,False
APP-00350,CAND-0350,JOB-040,LinkedIn Organic,Job Posting,2024-02-28,Recruiter Screen,2024-03-10,False,True,False
APP-00351,CAND-0351,JOB-014,LinkedIn Organic,Job Posting,2024-07-18,Recruiter Screen,2024-08-01,False,True,False
APP-00352,CAND-0352,JOB-040,LinkedIn Paid,Sponsored Job,2024-01-27,Hiring Manager Screen,2024-02-11,False,True,False
APP-00353,CAND-0353,JOB-010,LinkedIn Organic,Job Posting,2025-06-27,Resume Screen,2025-07-01,False,True,False
APP-00354,CAND-0354,JOB-038,LinkedIn Recruiter,InMail Outreach,2025-01-01,Recruiter Screen,2025-01-16,False,True,False
APP-00355,CAND-0355,JOB-042,LinkedIn Organic,Job Posting,2024-06-20,Recruiter Screen,2024-07-03,False,True,False
APP-00356,CAND-0356,JOB-016,Glassdoor.com,Glassdoor Apply,2025-06-07,Resume Screen,2025-06-17,False,True,False
APP-00357,CAND-0357,JOB-032,LinkedIn Paid,Sponsored Job,2025-06-02,Hiring Manager Screen,2025-06-18,False,False,True
APP-00358,CAND-0358,JOB-007,Employee Referral,Internal Referral,2025-06-19,Recruiter Screen,2025-06-30,False,True,False
APP-00359,CAND-0359,JOB-037,LinkedIn Recruiter,InMail Outreach,2025-06-01,Resume Screen,2025-06-09,False,True,False
APP-00360,CAND-0360,JOB-005,LinkedIn Organic,Job Posting,2025-06-30,Resume Screen,2025-06-29,False,True,False
APP-00361,CAND-0361,JOB-011,Employee Referral,Internal Referral,2025-01-25,Resume Screen,2025-01-30,False,True,False
APP-00362,CAND-0362,JOB-017,LinkedIn Organic,Job Posting,2024-11-26,Recruiter Screen,2024-12-09,False,True,False
APP-00363,CAND-0363,JOB-043,Direct Application,Careers Page,2024-08-19,Resume Screen,2024-08-24,False,True,False
APP-00364,CAND-0364,JOB-033,LinkedIn Recruiter,InMail Outreach,2025-06-12,Recruiter Screen,2025-06-26,False,True,False
APP-00365,CAND-0365,JOB-040,Employee Referral,Internal Referral,2024-01-09,Resume Screen,2024-01-17,False,True,False
APP-00366,CAND-0366,JOB-035,LinkedIn InMail,InMail Outreach,2025-05-19,Hiring Manager Screen,2025-06-03,False,True,False
APP-00367,CAND-0367,JOB-032,LinkedIn Paid,Sponsored Job,2025-06-12,Hiring Manager Screen,2025-06-27,False,True,False
APP-00368,CAND-0368,JOB-001,Employee Referral,Internal Referral,2025-06-02,Hiring Manager Screen,2025-06-16,False,True,False
APP-00369,CAND-0369,JOB-026,Referral,Internal Referral,2024-03-08,Resume Screen,2024-03-13,False,True,False
APP-00370,CAND-0370,JOB-017,Direct Application,Careers Page,2025-01-07,Resume Screen,2025-01-15,False,True,False
APP-00371,CAND-0371,JOB-020,LinkedIn Organic,Job Posting,2024-03-10,Resume Screen,2024-03-19,False,True,False
APP-00372,CAND-0372,JOB-013,agency,Agency Submission,2025-04-05,Recruiter Screen,2025-04-14,False,True,False
APP-00373,CAND-0373,JOB-021,LinkedIn Recruiter,InMail Outreach,2024-02-04,Technical Assessment,2024-02-27,False,True,False
APP-00374,CAND-0374,JOB-044,LinkedIn Organic,Job Posting,2025-06-13,Resume Screen,2025-06-20,False,True,False
APP-00375,CAND-0375,JOB-036,Employee Referral,Internal Referral,2025-05-22,Recruiter Screen,2025-06-04,False,True,False
APP-00376,CAND-0376,JOB-006,LinkedIn Recruiter,InMail Outreach,2024-01-16,Recruiter Screen,2024-01-26,False,True,False
APP-00377,CAND-0377,JOB-018,LinkedIn Organic,Job Posting,2025-06-28,Resume Screen,2025-06-30,False,True,False
APP-00378,CAND-0378,JOB-014,Glassdoor,Glassdoor Apply,2024-07-13,Offer,2024-08-27,False,False,True
APP-00379,CAND-0379,JOB-032,LinkedIn Organic,Job Posting,2025-06-20,Hiring Manager Screen,2025-06-28,False,True,False
APP-00380,CAND-0380,JOB-015,LinkedIn Recruiter,InMail Outreach,2025-06-23,Hiring Manager Screen,2025-07-01,False,True,False
APP-00381,CAND-0381,JOB-043,Employee Referral,Internal Referral,2024-08-07,Hiring Manager Screen,2024-08-22,False,True,False
APP-00382,CAND-0382,JOB-032,Indeed,Indeed Apply,2025-06-28,Resume Screen,2025-06-28,False,True,False
APP-00383,CAND-0383,JOB-013,Glassdoor,Glassdoor Apply,2025-03-30,Recruiter Screen,2025-04-08,False,True,False
APP-00384,CAND-0384,JOB-029,LinkedIn Recruiter,InMail Outreach,2025-02-12,Resume Screen,2025-02-21,False,True,False
APP-00385,CAND-0385,JOB-009,Direct Application,Careers Page,2025-05-19,Recruiter Screen,2025-05-27,False,True,False
APP-00386,CAND-0386,JOB-019,Other,Unknown,2025-06-13,Hiring Manager Screen,2025-06-28,False,True,False
APP-00387,CAND-0387,JOB-045,Indeed.com,Indeed Apply,2024-05-04,Hiring Manager Screen,2024-05-19,False,True,False
APP-00388,CAND-0388,JOB-034,LinkedIn Recruiter,InMail Outreach,16/04/2025,Hiring Manager Screen,04/05/2025,False,True,False
APP-00389,CAND-0389,JOB-018,LinkedIn Paid,Sponsored Job,2025-06-28,Final Panel Interview,2025-07-01,False,True,False
APP-00390,CAND-0390,JOB-038,LinkedIn InMail,InMail Outreach,2025-02-01,Recruiter Screen,2025-02-11,False,True,False
APP-00391,CAND-0391,JOB-024,LinkedIn Organic,Job Posting,2025-02-05,Hiring Manager Screen,2025-02-26,False,True,False
APP-00392,CAND-0392,JOB-043,LinkedIn Organic,Job Posting,2024-09-12,Hiring Manager Screen,2024-09-30,False,True,False
APP-00393,CAND-0393,JOB-006,LinkedIn Organic,Job Posting,2024-01-28,Resume Screen,2024-02-04,False,True,False
APP-00394,CAND-0394,JOB-013,LinkedIn Organic,Job Posting,2025-03-22,Resume Screen,2025-03-28,False,True,False
APP-00395,CAND-0395,JOB-023,LinkedIn Sponsored,Sponsored Job,2024-11-19,Final Panel Interview,2024-12-23,False,True,False
APP-00396,CAND-0396,JOB-009,Employee Referral,Internal Referral,2025-06-19,Hiring Manager Screen,2025-07-01,False,True,False
APP-00397,CAND-0397,JOB-022,LinkedIn Organic,Job Posting,30/06/2025,Recruiter Screen,01/07/2025,False,True,False
APP-00398,CAND-0398,JOB-041,Employee Referral,Internal Referral,2025-06-13,Hiring Manager Screen,2025-06-23,False,False,True
APP-00399,CAND-0399,JOB-005,LinkedIn Paid,Sponsored Job,2025-06-22,Hiring Manager Screen,2025-07-01,False,True,False
APP-00400,CAND-0400,JOB-002,LinkedIn Organic,Job Posting,2025-06-01,Technical Assessment,2025-06-24,False,True,False
APP-00401,CAND-0401,JOB-038,Employee Referral,Internal Referral,2025-01-03,Resume Screen,2025-01-10,False,True,False
APP-00402,CAND-0402,JOB-036,Indeed,Indeed Apply,2025-04-07,Hiring Manager Screen,2025-04-26,False,True,False
APP-00403,CAND-0403,JOB-013,Indeed,Indeed Apply,2025-03-14,Final Panel Interview,2025-04-22,False,True,False
APP-00404,CAND-0404,JOB-028,Employee Referral,Internal Referral,2025-03-01,Resume Screen,2025-03-09,False,True,False
APP-00405,CAND-0405,JOB-013,LinkedIn Organic,Job Posting,2025-03-30,Resume Screen,2025-04-07,False,True,False
APP-00406,CAND-0406,JOB-037,University Partnership,Careers Fair,2025-04-29,Resume Screen,2025-05-03,False,True,False
APP-00407,CAND-0407,JOB-024,LinkedIn Organic,Job Posting,2025-03-07,Resume Screen,2025-03-15,False,True,False
APP-00408,CAND-0408,JOB-024,Recruitment Agency,Agency Submission,2025-02-21,Resume Screen,2025-03-01,False,True,False
APP-00409,CAND-0409,JOB-034,LI,Job Posting,2025-05-17,Resume Screen,2025-05-26,False,True,False
APP-00410,CAND-0410,JOB-020,linkedin,Job Posting,2024-02-29,Recruiter Screen,2024-03-08,False,True,False
APP-00411,CAND-0411,JOB-045,Direct Application,Careers Page,2024-06-04,Recruiter Screen,2024-06-17,False,True,False
APP-00412,CAND-0412,JOB-011,Recruitment Agency,Agency Submission,2024-12-24,Hiring Manager Screen,2025-01-07,False,True,False
APP-00413,CAND-0413,JOB-017,Indeed.com,Indeed Apply,2024-11-27,Recruiter Screen,2024-12-06,False,True,False
APP-00414,CAND-0414,JOB-018,LinkedIn,Job Posting,2025-06-16,Resume Screen,2025-06-22,False,True,False
APP-00415,CAND-0415,JOB-032,Direct Application,Careers Page,2025-06-02,Recruiter Screen,2025-06-15,False,True,False
APP-00416,CAND-0416,JOB-010,LinkedIn Organic,Job Posting,2025-05-27,Technical Assessment,2025-06-20,False,False,True
APP-00417,CAND-0417,JOB-035,Employee Referral,Internal Referral,2025-06-04,Resume Screen,2025-06-08,False,True,False
APP-00418,CAND-0418,JOB-003,Indeed,Indeed Apply,2025-06-30,Technical Assessment,2025-07-01,False,False,True
APP-00419,CAND-0419,JOB-031,LinkedIn Organic,Job Posting,2025-06-30,Resume Screen,2025-06-30,False,True,False
APP-00420,CAND-0420,JOB-020,LinkedIn Organic,Job Posting,2024-02-05,Technical Assessment,2024-03-04,False,False,True
APP-00421,CAND-0421,JOB-036,Employee Ref,Internal Referral,2025-04-02,Resume Screen,2025-04-11,False,True,False
APP-00422,CAND-0422,JOB-031,linkedin.com,Job Posting,2025-06-28,Hiring Manager Screen,2025-06-30,False,True,False
APP-00423,CAND-0423,JOB-020,Employee Referral,Internal Referral,2024-03-06,Recruiter Screen,2024-03-17,False,True,False
APP-00424,CAND-0424,JOB-010,LinkedIn Paid,Sponsored Job,2025-05-20,Resume Screen,2025-05-29,False,True,False
APP-00425,CAND-0425,JOB-019,LinkedIn Organic,Job Posting,06/27/2025,Resume Screen,29/06/2025,False,True,False
APP-00426,CAND-0426,JOB-027,Recruitment Agency,Agency Submission,05/05/2025,Recruiter Screen,05/13/2025,False,True,False
APP-00427,CAND-0427,JOB-038,referral,Internal Referral,2025-01-28,Recruiter Screen,2025-02-09,False,True,False
APP-00428,CAND-0428,JOB-029,Indeed,Indeed Apply,2025-01-29,Hiring Manager Screen,2025-02-11,False,True,False
APP-00429,CAND-0429,JOB-045,LinkedIn Organic,Job Posting,2024-04-28,Resume Screen,2024-05-07,False,True,False
APP-00430,CAND-0430,JOB-019,Employee Referral,Internal Referral,2025-06-20,Final Panel Interview,2025-07-01,False,True,False
APP-00431,CAND-0431,JOB-031,LinkedIn Recruiter,InMail Outreach,2025-06-11,Recruiter Screen,2025-06-17,False,True,False
APP-00432,CAND-0432,JOB-038,LinkedIn Paid,Sponsored Job,2025-02-09,Final Panel Interview,2025-03-01,False,True,False
APP-00433,CAND-0433,JOB-036,LinkedIn Sponsored,Sponsored Job,2025-04-20,Resume Screen,2025-04-28,False,True,False
APP-00434,CAND-0434,JOB-018,LinkedIn Organic,Job Posting,2025-06-16,Resume Screen,2025-06-20,False,True,False
APP-00435,CAND-0435,JOB-014,Linked In,Job Posting,2024-07-04,Hiring Manager Screen,2024-07-21,False,True,False
APP-00436,CAND-0436,JOB-005,Direct Application,Careers Page,2025-06-28,Resume Screen,2025-07-01,False,True,False
APP-00437,CAND-0437,JOB-031,LinkedIn Organic,Job Posting,2025-06-19,Resume Screen,2025-06-27,False,True,False
APP-00438,CAND-0438,JOB-007,LinkedIn Organic,Job Posting,2025-05-31,Technical Assessment,2025-06-30,False,False,True
APP-00439,CAND-0439,JOB-015,Referral,Internal Referral,2025-06-22,Resume Screen,2025-06-28,False,True,False
APP-00440,CAND-0440,JOB-036,LinkedIn Paid,Sponsored Job,2025-05-29,Recruiter Screen,2025-06-07,False,True,False
APP-00441,CAND-0441,JOB-014,University Partnership,Careers Fair,2024-07-17,Final Panel Interview,2024-08-23,False,True,False
APP-00442,CAND-0442,JOB-033,LinkedIn Recruiter,InMail Outreach,2025-06-01,Hiring Manager Screen,2025-06-15,False,True,False
APP-00443,CAND-0443,JOB-045,Direct Application,Careers Page,2024-04-09,Recruiter Screen,2024-04-20,False,True,False
APP-00444,CAND-0444,JOB-013,LinkedIn Organic,Job Posting,2025-04-24,Resume Screen,2025-04-30,False,True,False
APP-00445,CAND-0445,JOB-022,LinkedIn Paid,Sponsored Job,2025-06-27,Hiring Manager Screen,2025-07-01,False,True,False
APP-00446,CAND-0446,JOB-024,Direct Application,Careers Page,2025-03-10,Technical Assessment,2025-03-30,False,False,True
APP-00447,CAND-0447,JOB-032,Employee Referral,Internal Referral,2025-06-25,Recruiter Screen,2025-06-29,False,True,False
APP-00448,CAND-0448,JOB-016,Employee Referral,Internal Referral,2025-06-09,Technical Assessment,2025-06-23,False,True,False
APP-00449,CAND-0449,JOB-045,Direct Application,Careers Page,2024-05-19,Hiring Manager Screen,2024-06-02,False,True,False
APP-00450,CAND-0450,JOB-031,Employee Referral,Internal Referral,2025-06-02,Resume Screen,2025-06-10,False,True,False
APP-00451,CAND-0451,JOB-009,LinkedIn Recruiter,InMail Outreach,2025-05-07,Recruiter Screen,2025-05-16,False,True,False
APP-00452,CAND-0452,JOB-029,LinkedIn Recruiter,InMail Outreach,2025-01-30,Resume Screen,2025-02-06,False,True,False
APP-00453,CAND-0453,JOB-013,LinkedIn Organic,Job Posting,2025-04-02,Technical Assessment,2025-04-27,False,False,True
APP-00454,CAND-0454,JOB-040,Recruitment Agency,Agency Submission,2024-01-13,Final Panel Interview,2024-02-09,False,True,False
APP-00455,CAND-0455,JOB-033,LinkedIn Organic,Job Posting,2025-06-15,Resume Screen,2025-06-22,False,True,False
APP-00456,CAND-0456,JOB-033,LinkedIn Organic,Job Posting,2025-06-26,Resume Screen,2025-06-28,False,True,False
APP-00457,CAND-0457,JOB-024,linkedin,Job Posting,2025-01-23,Resume Screen,2025-01-31,False,True,False
APP-00458,CAND-0458,JOB-039,linkedin.com,Job Posting,2025-06-15,Hiring Manager Screen,2025-07-01,False,False,True
APP-00459,CAND-0459,JOB-021,LinkedIn Paid,Sponsored Job,2024-02-24,Hiring Manager Screen,2024-03-12,False,True,False
APP-00460,CAND-0460,JOB-041,LinkedIn Recruiter,InMail Outreach,2025-07-01,Resume Screen,2025-06-30,False,True,False
APP-00461,CAND-0461,JOB-024,Direct,Careers Page,2025-01-28,Resume Screen,2025-02-06,False,True,False
APP-00462,CAND-0462,JOB-032,LinkedIn Organic,Job Posting,2025-06-30,Resume Screen,2025-06-30,False,True,False
APP-00463,CAND-0463,JOB-033,LinkedIn,Job Posting,2025-06-30,Resume Screen,2025-06-28,False,True,False
APP-00464,CAND-0464,JOB-030,LinkedIn Organic,Job Posting,2024-01-28,Resume Screen,2024-02-04,False,True,False
APP-00465,CAND-0465,JOB-031,LinkedIn Organic,Job Posting,2025-06-22,Hiring Manager Screen,2025-07-01,False,True,False
APP-00466,CAND-0466,JOB-015,Indeed,Indeed Apply,2025-06-19,Resume Screen,2025-06-27,False,True,False
APP-00467,CAND-0467,JOB-012,LinkedIn Organic,Job Posting,13/06/2025,Resume Screen,06/18/2025,False,True,False
APP-00468,CAND-0468,JOB-041,Employee Referral,Internal Referral,2025-06-09,Hiring Manager Screen,2025-06-19,False,True,False
APP-00469,CAND-0469,JOB-014,LinkedIn Recruiter,InMail Outreach,2024-08-20,Resume Screen,2024-08-27,False,True,False
APP-00470,CAND-0470,JOB-004,Direct Application,Careers Page,2024-04-03,Resume Screen,2024-04-07,False,True,False
APP-00471,CAND-0471,JOB-003,LinkedIn Recruiter,InMail Outreach,2025-06-21,Resume Screen,2025-06-29,False,True,False
APP-00472,CAND-0472,JOB-028,LinkedIn Organic,Job Posting,2025-04-09,Hiring Manager Screen,2025-04-23,False,True,False
APP-00473,CAND-0473,JOB-036,Employee Referral,Internal Referral,2025-05-25,Hiring Manager Screen,2025-06-06,False,True,False
APP-00474,CAND-0474,JOB-002,Careers Site,Careers Page,2025-06-25,Final Panel Interview,2025-06-29,False,True,False
APP-00475,CAND-0475,JOB-042,Indeed,Indeed Apply,2024-07-26,Resume Screen,2024-08-04,False,True,False
APP-00476,CAND-0476,JOB-039,Direct Application,Careers Page,2025-06-20,Hiring Manager Screen,2025-07-01,False,True,False
APP-00477,CAND-0477,JOB-033,LinkedIn Organic,Job Posting,2025-06-04,Recruiter Screen,2025-06-14,False,True,False
APP-00478,CAND-0478,JOB-019,LinkedIn Recruiter,InMail Outreach,2025-06-10,Recruiter Screen,2025-06-21,False,True,False
APP-00479,CAND-0479,JOB-045,LinkedIn Organic,Job Posting,2024-05-19,Hiring Manager Screen,2024-06-02,False,False,True
APP-00480,CAND-0480,JOB-023,LinkedIn Organic,Job Posting,2024-11-27,Resume Screen,2024-12-06,False,True,False
APP-00481,CAND-0481,JOB-030,Recruitment Agency,Agency Submission,2024-01-12,Resume Screen,2024-01-19,False,True,False
APP-00482,CAND-0482,JOB-036,LinkedIn Organic,Job Posting,2025-04-02,Hiring Manager Screen,2025-04-19,False,True,False
APP-00483,CAND-0483,JOB-011,Indeed,Indeed Apply,2024-12-25,Hiring Manager Screen,2025-01-11,False,True,False
APP-00484,CAND-0484,JOB-003,Direct Application,Careers Page,2025-06-22,Final Panel Interview,2025-07-01,False,True,False
APP-00485,CAND-0485,JOB-015,Direct Application,Careers Page,2025-06-16,Resume Screen,2025-06-26,False,True,False
APP-00486,CAND-0486,JOB-032,Indeed,Indeed Apply,2025-06-23,Recruiter Screen,2025-07-01,False,True,False
APP-00487,CAND-0487,JOB-028,LinkedIn Organic,Job Posting,2025-03-07,Hiring Manager Screen,2025-03-26,False,True,False
APP-00488,CAND-0488,JOB-044,LinkedIn Sponsored,Sponsored Job,2025-06-04,Resume Screen,2025-06-09,False,True,False
APP-00489,CAND-0489,JOB-015,LinkedIn Organic,Job Posting,05/26/2025,Final Panel Interview,06/28/2025,False,True,False
APP-00490,CAND-0490,JOB-020,Direct Application,Careers Page,2024-03-02,Final Panel Interview,2024-03-23,False,True,False
APP-00491,CAND-0491,JOB-017,University Partnership,Careers Fair,2025-01-20,Resume Screen,2025-01-26,False,True,False
APP-00492,CAND-0492,JOB-035,Indeed,Indeed Apply,2025-05-10,Recruiter Screen,2025-05-19,False,True,False
APP-00493,CAND-0493,JOB-018,LinkedIn Organic,Job Posting,2025-06-12,Recruiter Screen,2025-06-21,False,True,False
APP-00494,CAND-0494,JOB-026,Headhunter,Agency Submission,2024-01-24,Resume Screen,2024-01-28,False,True,False
APP-00495,CAND-0495,JOB-036,LinkedIn Paid,Sponsored Job,2025-04-17,Recruiter Screen,2025-04-26,False,True,False
APP-00496,CAND-0496,JOB-039,GitHub Sourcing,GitHub Profile,2025-06-26,Resume Screen,2025-06-30,False,True,False
APP-00497,CAND-0497,JOB-028,LinkedIn Organic,Job Posting,2025-03-24,Hiring Manager Screen,2025-04-10,False,True,False
APP-00498,CAND-0498,JOB-002,Glassdoor,Glassdoor Apply,2025-06-18,Hiring Manager Screen,2025-07-01,False,True,False
APP-00499,CAND-0499,JOB-025,LinkedIn Organic,Job Posting,2025-06-30,Resume Screen,2025-07-01,False,True,False
APP-00500,CAND-0500,JOB-040,LinkedIn Organic,Job Posting,2024-01-11,Recruiter Screen,2024-01-25,False,True,False
APP-00501,CAND-0501,JOB-036,LinkedIn Recruiter,InMail Outreach,2025-04-23,Hiring Manager Screen,2025-05-09,False,True,False
APP-00502,CAND-0502,JOB-007,University Partnership,Careers Fair,2025-06-14,Reference Check,2025-06-29,False,True,False
APP-00503,CAND-0503,JOB-030,LinkedIn Recruiter,InMail Outreach,2024-02-18,Hiring Manager Screen,2024-03-08,False,True,False
APP-00504,CAND-0504,JOB-018,Direct Application,Careers Page,2025-06-21,Recruiter Screen,2025-07-01,False,True,False
APP-00505,CAND-0505,JOB-009,Indeed,Indeed Apply,2025-05-20,Resume Screen,2025-05-26,False,True,False
APP-00506,CAND-0506,JOB-026,Direct Application,Careers Page,2024-01-19,Resume Screen,2024-01-25,False,True,False
APP-00507,CAND-0507,JOB-007,Indeed,Indeed Apply,2025-06-28,Technical Interview,2025-06-30,False,True,False
APP-00508,CAND-0508,JOB-005,LinkedIn Organic,Job Posting,2025-06-30,Final Panel Interview,2025-07-01,False,True,False
APP-00509,CAND-0509,JOB-021,Recruitment Agency,Agency Submission,2024-03-04,Technical Assessment,2024-03-30,False,False,True
APP-00510,CAND-0510,JOB-032,Employee Referral,Internal Referral,2025-06-23,Resume Screen,2025-07-01,False,True,False
APP-00511,CAND-0511,JOB-038,LinkedIn Organic,Job Posting,2025-02-16,Recruiter Screen,2025-02-26,False,True,False
APP-00512,CAND-0512,JOB-025,Employee Referral,Internal Referral,2025-06-06,Technical Assessment,2025-06-22,False,True,False
APP-00513,CAND-0513,JOB-016,Glassdoor,Glassdoor Apply,2025-06-03,Resume Screen,2025-06-11,False,True,False
APP-00514,CAND-0514,JOB-023,Direct Application,Careers Page,2024-10-10,Recruiter Screen,2024-10-18,False,True,False
APP-00515,CAND-0515,JOB-034,Direct Application,Careers Page,2025-05-31,Recruiter Screen,2025-06-13,False,True,False
APP-00516,CAND-0516,JOB-017,Glassdoor,Glassdoor Apply,2024-12-06,Resume Screen,2024-12-14,False,True,False
APP-00517,CAND-0517,JOB-038,Indeed,Indeed Apply,2025-01-21,Resume Screen,2025-01-28,False,True,False
APP-00518,CAND-0518,JOB-019,LinkedIn Paid,Sponsored Job,2025-06-20,Resume Screen,2025-06-27,False,True,False
APP-00519,CAND-0519,JOB-004,LinkedIn Organic,Job Posting,2024-04-07,Reference Check,2024-05-20,False,True,False
APP-00520,CAND-0520,JOB-019,Glassdoor,Glassdoor Apply,07/06/2025,Resume Screen,06/12/2025,False,True,False
APP-00521,CAND-0521,JOB-023,LinkedIn Organic,Job Posting,2024-10-23,Resume Screen,2024-10-30,False,True,False
APP-00522,CAND-0522,JOB-011,LinkedIn Organic,Job Posting,2024-12-10,Resume Screen,2024-12-18,False,True,False
APP-00523,CAND-0523,JOB-019,LinkedIn Organic,Job Posting,2025-06-08,Resume Screen,2025-06-16,False,True,False
APP-00524,CAND-0524,JOB-033,Employee Referral,Internal Referral,2025-06-12,Resume Screen,2025-06-19,False,True,False
APP-00525,CAND-0525,JOB-007,Indeed,Indeed Apply,2025-06-27,Recruiter Screen,2025-06-28,False,True,False
APP-00526,CAND-0526,JOB-007,Employee Referral,Internal Referral,2025-06-05,Recruiter Screen,2025-06-16,False,True,False
APP-00527,CAND-0527,JOB-045,University Partnership,Careers Fair,2024-05-04,Resume Screen,2024-05-11,False,True,False
APP-00528,CAND-0528,JOB-013,LinkedIn Recruiter,InMail Outreach,2025-03-28,Resume Screen,2025-04-05,False,True,False
APP-00529,CAND-0529,JOB-038,LinkedIn Recruiter,InMail Outreach,2025-02-09,Hiring Manager Screen,2025-02-21,False,True,False
APP-00530,CAND-0530,JOB-037,Indeed,Indeed Apply,2025-06-17,Final Panel Interview,2025-07-01,False,True,False
APP-00531,CAND-0531,JOB-037,LinkedIn Recruiter,InMail Outreach,2025-06-03,Recruiter Screen,2025-06-17,False,True,False
APP-00532,CAND-0532,JOB-038,Employee Referral,Internal Referral,2025-01-09,Recruiter Screen,2025-01-19,False,True,False
APP-00533,CAND-0533,JOB-037,LinkedIn InMail,InMail Outreach,2025-05-05,Final Panel Interview,2025-05-26,False,True,False
APP-00534,CAND-0534,JOB-025,LinkedIn Organic,Job Posting,2025-06-15,Resume Screen,2025-06-21,False,True,False
APP-00535,CAND-0535,JOB-025,LinkedIn InMail,InMail Outreach,2025-06-03,Recruiter Screen,2025-06-16,False,True,False
APP-00536,CAND-0536,JOB-009,Referral,Internal Referral,2025-06-05,Hiring Manager Screen,2025-06-16,False,True,False
APP-00537,CAND-0537,JOB-030,Glassdoor,Glassdoor Apply,2024-01-13,Hiring Manager Screen,2024-02-01,False,True,False
APP-00538,CAND-0538,JOB-021,Glassdoor.com,Glassdoor Apply,2024-01-29,Resume Screen,2024-02-07,False,True,False
APP-00539,CAND-0539,JOB-012,LinkedIn Organic,Job Posting,2025-06-10,Resume Screen,2025-06-14,False,True,False
APP-00540,CAND-0540,JOB-001,Internal Referral,Internal Referral,2025-05-02,Resume Screen,2025-05-08,False,True,False
APP-00541,CAND-0541,JOB-013,Linked In,Job Posting,2025-04-20,Hiring Manager Screen,2025-05-08,False,True,False
APP-00542,CAND-0542,JOB-001,LinkedIn Recruiter,InMail Outreach,2025-04-26,Hiring Manager Screen,2025-05-10,False,True,False
APP-00543,CAND-0543,JOB-008,LinkedIn Recruiter,InMail Outreach,2025-06-14,Resume Screen,2025-06-18,False,True,False
APP-00544,CAND-0544,JOB-012,LinkedIn Organic,Job Posting,2025-06-25,Hiring Manager Screen,2025-07-01,False,True,False
APP-00545,CAND-0545,JOB-018,Indeed,Indeed Apply,2025-06-11,Resume Screen,2025-06-17,False,True,False
APP-00546,CAND-0546,JOB-040,LinkedIn Recruiter,InMail Outreach,2024-02-12,Resume Screen,2024-02-18,False,True,False
APP-00547,CAND-0547,JOB-037,LinkedIn Recruiter,InMail Outreach,2025-05-28,Hiring Manager Screen,2025-06-11,False,False,True
APP-00548,CAND-0548,JOB-045,LinkedIn Recruiter,InMail Outreach,2024-04-09,Resume Screen,2024-04-16,False,True,False
APP-00549,CAND-0549,JOB-025,GitHub Sourcing,GitHub Profile,2025-06-10,Resume Screen,2025-06-18,False,True,False
APP-00550,CAND-0550,JOB-045,Direct Application,Careers Page,2024-04-19,Recruiter Screen,2024-05-01,False,True,False
APP-00551,CAND-0551,JOB-030,Employee Referral,Internal Referral,2024-01-08,Hiring Manager Screen,2024-01-20,False,True,False
APP-00552,CAND-0552,JOB-037,LinkedIn Recruiter,InMail Outreach,2025-05-10,Hiring Manager Screen,2025-05-28,False,False,True
APP-00553,CAND-0553,JOB-028,Glassdoor,Glassdoor Apply,2025-03-15,Recruiter Screen,2025-03-27,False,True,False
APP-00554,CAND-0554,JOB-001,LinkedIn Organic,Job Posting,2025-05-24,Resume Screen,2025-06-02,False,True,False
APP-00555,CAND-0555,JOB-035,Linked In,Job Posting,2025-04-21,Recruiter Screen,2025-04-30,False,True,False
APP-00556,CAND-0556,JOB-022,Direct,Careers Page,2025-06-21,Recruiter Screen,2025-06-29,False,True,False
APP-00557,CAND-0557,JOB-023,LinkedIn Organic,Job Posting,2024-11-10,Resume Screen,2024-11-16,False,True,False
APP-00558,CAND-0558,JOB-012,Recruitment Agency,Agency Submission,2025-06-12,Recruiter Screen,2025-06-20,False,True,False
APP-00559,CAND-0559,JOB-035,Indeed,Indeed Apply,2025-05-11,Resume Screen,2025-05-17,False,True,False
APP-00560,CAND-0560,JOB-019,Indeed,Indeed Apply,2025-06-10,Hiring Manager Screen,2025-06-30,False,True,False
APP-00561,CAND-0561,JOB-007,Indeed,Indeed Apply,2025-06-08,Recruiter Screen,2025-06-19,False,True,False
APP-00562,CAND-0562,JOB-039,Indeed.com,Indeed Apply,2025-06-07,Resume Screen,2025-06-16,False,True,False
APP-00563,CAND-0563,JOB-025,Direct Application,Careers Page,2025-06-26,Technical Interview,2025-07-01,False,True,False
APP-00564,CAND-0564,JOB-025,LinkedIn Recruiter,InMail Outreach,2025-06-04,Resume Screen,2025-06-10,False,True,False
APP-00565,CAND-0565,JOB-003,LinkedIn Organic,Job Posting,2025-06-04,Resume Screen,2025-06-10,False,True,False
APP-00566,CAND-0566,JOB-029,Other,Unknown,2025-01-14,Recruiter Screen,2025-01-24,False,True,False
APP-00567,CAND-0567,JOB-007,Direct Application,Careers Page,2025-05-26,Technical Assessment,2025-06-21,False,False,True
APP-00568,CAND-0568,JOB-026,LinkedIn Organic,Job Posting,2024-01-17,Resume Screen,2024-01-23,False,True,False
APP-00569,CAND-0569,JOB-042,LinkedIn Recruiter,InMail Outreach,2024-06-27,Resume Screen,2024-07-03,False,True,False
APP-00570,CAND-0570,JOB-034,LinkedIn Organic,Job Posting,2025-05-03,Recruiter Screen,2025-05-13,False,True,False
APP-00571,CAND-0571,JOB-004,LinkedIn Organic,Job Posting,2024-04-15,Final Panel Interview,2024-05-31,False,True,False
APP-00572,CAND-0572,JOB-035,Employee Referral,Internal Referral,2025-05-24,Resume Screen,2025-05-31,False,True,False
APP-00573,CAND-0573,JOB-024,Glassdoor,Glassdoor Apply,2025-03-19,Resume Screen,2025-03-27,False,True,False
APP-00574,CAND-0574,JOB-032,LinkedIn Organic,Job Posting,2025-06-10,Resume Screen,2025-06-20,False,True,False
APP-00575,CAND-0575,JOB-004,LinkedIn Recruiter,InMail Outreach,2024-04-28,Technical Assessment,2024-05-19,False,False,True
APP-00576,CAND-0576,JOB-027,LI Recruiter,InMail Outreach,2025-06-12,Hiring Manager Screen,2025-06-29,False,True,False
APP-00577,CAND-0577,JOB-022,Direct Application,Careers Page,2025-06-22,Hiring Manager Screen,2025-06-28,False,True,False
APP-00578,CAND-0578,JOB-036,LinkedIn Organic,Job Posting,2025-05-03,Recruiter Screen,2025-05-14,False,True,False
APP-00579,CAND-0579,JOB-013,Indeed,Indeed Apply,2025-04-06,Offer,2025-05-18,False,False,True
APP-00580,CAND-0580,JOB-013,LinkedIn Organic,Job Posting,2025-03-30,Technical Assessment,2025-04-27,False,True,False
APP-00581,CAND-0581,JOB-041,Direct Application,Careers Page,2025-06-27,Resume Screen,2025-07-01,False,True,False
APP-00582,CAND-0582,JOB-033,Indeed.com,Indeed Apply,2025-06-13,Final Panel Interview,2025-07-01,False,True,False
APP-00583,CAND-0583,JOB-039,Indeed,Indeed Apply,2025-06-12,Hiring Manager Screen,2025-06-30,False,True,False
APP-00584,CAND-0584,JOB-039,LinkedIn Paid,Sponsored Job,2025-06-28,Hiring Manager Screen,2025-07-01,False,True,False
APP-00585,CAND-0585,JOB-006,LinkedIn Recruiter,InMail Outreach,2024-03-07,Resume Screen,2024-03-14,False,True,False
APP-00586,CAND-0586,JOB-016,LinkedIn Recruiter,InMail Outreach,2025-06-10,Resume Screen,2025-06-15,False,True,False
APP-00587,CAND-0587,JOB-028,LinkedIn Organic,Job Posting,2025-02-22,Resume Screen,2025-03-01,False,True,False
APP-00588,CAND-0588,JOB-012,LinkedIn Organic,Job Posting,2025-06-29,Recruiter Screen,2025-06-30,False,True,False
APP-00589,CAND-0589,JOB-010,Other,Unknown,2025-06-09,Resume Screen,2025-06-16,False,True,False
APP-00590,CAND-0590,JOB-044,Employee Referral,Internal Referral,2025-06-13,Recruiter Screen,2025-06-24,False,True,False
APP-00591,CAND-0591,JOB-044,LinkedIn Organic,Job Posting,2025-06-19,Hiring Manager Screen,2025-07-01,False,True,False
APP-00592,CAND-0592,JOB-013,LinkedIn Organic,Job Posting,2025-04-21,Resume Screen,2025-04-28,False,True,False
APP-00593,CAND-0593,JOB-013,LinkedIn InMail,InMail Outreach,2025-03-09,Hiring Manager Screen,2025-03-23,False,True,False
APP-00594,CAND-0594,JOB-043,LinkedIn InMail,InMail Outreach,2024-09-06,Recruiter Screen,2024-09-19,False,True,False
APP-00595,CAND-0595,JOB-013,University Partnership,Careers Fair,2025-04-12,Hiring Manager Screen,2025-04-27,False,True,False
APP-00596,CAND-0596,JOB-033,github,GitHub Profile,2025-06-15,Resume Screen,2025-06-22,False,True,False
APP-00597,CAND-0597,JOB-018,Recruitment Agency,Agency Submission,2025-06-20,Technical Assessment,2025-06-29,False,False,True
APP-00598,CAND-0598,JOB-030,glassdoor,Glassdoor Apply,2024-02-08,Recruiter Screen,2024-02-19,False,True,False
APP-00599,CAND-0599,JOB-030,LinkedIn Recruiter,InMail Outreach,2024-02-16,Final Panel Interview,2024-03-16,False,True,False
APP-00600,CAND-0600,JOB-033,LinkedIn Organic,Job Posting,06/06/2025,Offer,29/06/2025,False,False,True
APP-00601,CAND-0601,JOB-036,LinkedIn Organic,Job Posting,2025-05-10,Hiring Manager Screen,2025-05-26,False,True,False
APP-00602,CAND-0602,JOB-021,Employee Referral,Internal Referral,2024-01-29,Hiring Manager Screen,2024-02-13,False,True,False
APP-00603,CAND-0603,JOB-006,LinkedIn Recruiter,InMail Outreach,2024-02-29,Recruiter Screen,2024-03-08,False,True,False
APP-00604,CAND-0604,JOB-009,LinkedIn Recruiter,InMail Outreach,2025-05-11,Technical Assessment,2025-05-31,False,True,False
APP-00605,CAND-0605,JOB-028,Glassdoor,Glassdoor Apply,2025-02-12,Resume Screen,2025-02-21,False,True,False
APP-00606,CAND-0606,JOB-018,LinkedIn Recruiter,InMail Outreach,2025-06-14,Technical Assessment,2025-07-01,False,True,False
APP-00607,CAND-0607,JOB-015,LinkedIn Recruiter,InMail Outreach,2025-05-25,Resume Screen,2025-06-03,False,True,False
APP-00608,CAND-0608,JOB-032,INDEED,Indeed Apply,2025-06-23,Resume Screen,2025-06-30,False,True,False
APP-00609,CAND-0609,JOB-025,Recruitment Agency,Agency Submission,2025-06-04,Hiring Manager Screen,2025-06-22,False,True,False
APP-00610,CAND-0610,JOB-021,Employee Referral,Internal Referral,2024-02-04,Recruiter Screen,2024-02-11,False,True,False
APP-00611,CAND-0611,JOB-015,Direct Application,Careers Page,2025-06-10,Technical Assessment,2025-06-29,False,False,True
APP-00612,CAND-0612,JOB-001,LinkedIn Paid,Sponsored Job,2025-05-24,Resume Screen,2025-06-02,False,True,False
APP-00613,CAND-0613,JOB-034,LI Recruiter,InMail Outreach,2025-05-07,Recruiter Screen,2025-05-16,False,True,False
APP-00614,CAND-0614,JOB-012,University Partnership,Careers Fair,2025-06-21,Technical Assessment,2025-06-30,False,True,False
APP-00615,CAND-0615,JOB-043,LinkedIn Recruiter,InMail Outreach,2024-09-12,Final Panel Interview,2024-10-07,False,True,False
APP-00616,CAND-0616,JOB-025,LinkedIn Organic,Job Posting,2025-06-17,Recruiter Screen,2025-06-30,False,False,True
APP-00617,CAND-0617,JOB-030,LinkedIn Recruiter,InMail Outreach,2024-01-11,Hiring Manager Screen,2024-01-31,False,True,False
APP-00618,CAND-0618,JOB-029,University Partnership,Careers Fair,2025-01-21,Resume Screen,2025-01-27,False,True,False
APP-00619,CAND-0619,JOB-029,Employee Referral,Internal Referral,2025-02-06,Resume Screen,2025-02-13,False,True,False
APP-00620,CAND-0620,JOB-031,Glassdoor,Glassdoor Apply,2025-06-28,Recruiter Screen,2025-06-29,False,True,False
APP-00621,CAND-0621,JOB-030,LinkedIn Organic,Job Posting,2024-01-25,Recruiter Screen,2024-02-04,False,True,False
APP-00622,CAND-0622,JOB-019,LinkedIn Organic,Job Posting,2025-06-20,Technical Assessment,2025-07-01,False,True,False
APP-00623,CAND-0623,JOB-010,Indeed,Indeed Apply,2025-06-15,Recruiter Screen,2025-06-24,False,True,False
APP-00624,CAND-0624,JOB-006,University Partnership,Careers Fair,2024-02-08,Hiring Manager Screen,2024-02-28,False,True,False
APP-00625,CAND-0625,JOB-007,Other,Unknown,2025-06-02,Resume Screen,2025-06-07,False,True,False
APP-00626,CAND-0626,JOB-009,Other,Unknown,2025-05-07,Resume Screen,2025-05-14,False,True,False
APP-00627,CAND-0627,JOB-023,Recruitment Agency,Agency Submission,2024-10-18,Hiring Manager Screen,2024-11-04,False,True,False
APP-00628,CAND-0628,JOB-014,LinkedIn Organic,Job Posting,07/09/2024,Technical Assessment,08/01/2024,False,False,True
APP-00629,CAND-0629,JOB-021,LinkedIn Paid,Sponsored Job,2024-02-10,Resume Screen,2024-02-17,False,True,False
APP-00630,CAND-0630,JOB-027,Other,Unknown,2025-05-31,Resume Screen,2025-06-06,False,True,False
APP-00631,CAND-0631,JOB-007,LinkedIn Recruiter,InMail Outreach,2025-06-23,Recruiter Screen,2025-06-29,False,True,False
APP-00632,CAND-0632,JOB-039,LinkedIn Paid,Sponsored Job,2025-06-03,Resume Screen,2025-06-11,False,True,False
APP-00633,CAND-0633,JOB-018,Employee Referral,Internal Referral,2025-06-07,Final Panel Interview,2025-06-23,False,True,False
APP-00634,CAND-0634,JOB-033,LinkedIn InMail,InMail Outreach,2025-06-21,Hiring Manager Screen,2025-07-01,False,True,False
APP-00635,CAND-0635,JOB-032,LinkedIn Organic,Job Posting,2025-06-18,Hiring Manager Screen,2025-07-01,False,True,False
APP-00636,CAND-0636,JOB-002,LinkedIn Paid,Sponsored Job,2025-06-18,Technical Assessment,2025-06-28,False,False,True
APP-00637,CAND-0637,JOB-005,LinkedIn Organic,Job Posting,2025-06-29,Resume Screen,2025-06-28,False,True,False
APP-00638,CAND-0638,JOB-017,Linked In,Job Posting,2025-01-03,Recruiter Screen,2025-01-13,False,True,False
APP-00639,CAND-0639,JOB-005,LinkedIn Recruiter,InMail Outreach,2025-06-07,Resume Screen,2025-06-14,False,True,False
APP-00640,CAND-0640,JOB-017,Glassdoor,Glassdoor Apply,2025-01-18,Technical Assessment,2025-02-14,False,False,True
APP-00641,CAND-0641,JOB-023,glassdoor,Glassdoor Apply,2024-11-29,Recruiter Screen,2024-12-05,False,True,False
APP-00642,CAND-0642,JOB-027,LinkedIn Paid,Sponsored Job,2025-05-03,Resume Screen,2025-05-09,False,True,False
APP-00643,CAND-0643,JOB-002,LinkedIn Organic,Job Posting,2025-07-01,Hiring Manager Screen,2025-07-01,False,True,False
APP-00644,CAND-0644,JOB-028,LinkedIn Paid,Sponsored Job,2025-04-02,Recruiter Screen,2025-04-15,False,True,False
APP-00645,CAND-0645,JOB-034,linkedin,Job Posting,2025-04-16,Resume Screen,2025-04-20,False,True,False
APP-00646,CAND-0646,JOB-007,glassdoor,Glassdoor Apply,2025-06-02,Resume Screen,2025-06-07,False,True,False
APP-00647,CAND-0647,JOB-017,Employee Referral,Internal Referral,2025-01-11,Technical Assessment,2025-01-29,False,False,True
APP-00648,CAND-0648,JOB-037,LinkedIn Organic,Job Posting,2025-05-28,Recruiter Screen,2025-06-06,False,True,False
APP-00649,CAND-0649,JOB-045,LinkedIn Sponsored,Sponsored Job,2024-04-16,Hiring Manager Screen,2024-04-29,False,True,False
APP-00650,CAND-0650,JOB-013,Employee Referral,Internal Referral,2025-04-02,Recruiter Screen,2025-04-13,False,True,False
APP-00651,CAND-0651,JOB-018,LI Recruiter,InMail Outreach,2025-06-28,Resume Screen,2025-06-29,False,True,False
APP-00652,CAND-0652,JOB-019,Referral,Internal Referral,2025-06-20,Final Panel Interview,2025-07-01,False,True,False
APP-00653,CAND-0653,JOB-037,Glassdoor,Glassdoor Apply,2025-06-16,Recruiter Screen,2025-06-25,False,True,False
APP-00654,CAND-0654,JOB-007,Employee Referral,Internal Referral,2025-06-10,Recruiter Screen,2025-06-21,False,True,False
APP-00655,CAND-0655,JOB-025,LinkedIn Organic,Job Posting,2025-06-24,Resume Screen,2025-07-01,False,True,False
APP-00656,CAND-0656,JOB-030,Employee Referral,Internal Referral,2024-01-02,Hiring Manager Screen,2024-01-15,False,True,False
APP-00657,CAND-0657,JOB-029,LinkedIn Sponsored,Sponsored Job,2025-01-26,Resume Screen,2025-02-03,False,True,False
APP-00658,CAND-0658,JOB-014,Employee Referral,Internal Referral,2024-07-24,Resume Screen,2024-08-01,False,True,False
APP-00659,CAND-0659,JOB-022,External Recruiter,Agency Submission,2025-06-07,Technical Assessment,2025-07-01,False,True,False
APP-00660,CAND-0660,JOB-008,LinkedIn Organic,Job Posting,2025-06-05,Hiring Manager Screen,2025-06-23,False,True,False
APP-00661,CAND-0661,JOB-010,Indeed,Indeed Apply,2025-06-21,Resume Screen,2025-06-27,False,True,False
APP-00662,CAND-0662,JOB-043,LinkedIn Recruiter,InMail Outreach,2024-08-12,Hiring Manager Screen,2024-08-27,False,True,False
APP-00663,CAND-0663,JOB-017,linkedin,Job Posting,2025-01-06,Resume Screen,2025-01-13,False,True,False
APP-00664,CAND-0664,JOB-013,GitHub Sourcing,GitHub Profile,2025-04-01,Recruiter Screen,2025-04-08,False,True,False
APP-00665,CAND-0665,JOB-034,Other,Unknown,2025-04-20,Resume Screen,2025-04-25,False,True,False
APP-00666,CAND-0666,JOB-019,Direct Application,Careers Page,2025-06-15,Resume Screen,2025-06-21,False,True,False
APP-00667,CAND-0667,JOB-036,LI Recruiter,InMail Outreach,2025-05-27,Recruiter Screen,2025-06-06,False,True,False
APP-00668,CAND-0668,JOB-012,LinkedIn Organic,Job Posting,2025-06-01,Hiring Manager Screen,2025-06-21,False,True,False
APP-00669,CAND-0669,JOB-002,LinkedIn Recruiter,InMail Outreach,2025-06-16,Resume Screen,2025-06-22,False,True,False
APP-00670,CAND-0670,JOB-007,LinkedIn Organic,Job Posting,2025-06-01,Recruiter Screen,2025-06-14,False,False,True
APP-00671,CAND-0671,JOB-004,Internal Referral,Internal Referral,2024-03-28,Hiring Manager Screen,2024-04-08,False,True,False
APP-00672,CAND-0672,JOB-045,LinkedIn InMail,InMail Outreach,2024-04-14,Final Panel Interview,2024-05-05,False,True,False
APP-00673,CAND-0673,JOB-013,LinkedIn Organic,Job Posting,2025-04-07,Resume Screen,2025-04-13,False,True,False
APP-00674,CAND-0674,JOB-029,LinkedIn Organic,Job Posting,2025-01-13,Hiring Manager Screen,2025-01-31,False,True,False
APP-00675,CAND-0675,JOB-004,LinkedIn Organic,Job Posting,2024-05-01,Resume Screen,2024-05-06,False,True,False
APP-00676,CAND-0676,JOB-038,LinkedIn Organic,Job Posting,2025-02-05,Recruiter Screen,2025-02-15,False,True,False
APP-00677,CAND-0677,JOB-025,LinkedIn Organic,Job Posting,2025-06-27,Resume Screen,2025-07-01,False,True,False
APP-00678,CAND-0678,JOB-007,Employee Referral,Internal Referral,2025-05-27,Technical Assessment,2025-06-12,False,False,True
APP-00679,CAND-0679,JOB-012,Direct Application,Careers Page,2025-06-01,Recruiter Screen,2025-06-11,False,True,False
APP-00680,CAND-0680,JOB-005,LinkedIn Organic,Job Posting,2025-06-08,Resume Screen,2025-06-16,False,True,False
APP-00681,CAND-0681,JOB-043,linkedin,Job Posting,2024-09-03,Resume Screen,2024-09-08,False,True,False
APP-00682,CAND-0682,JOB-033,LinkedIn Organic,Job Posting,2025-06-17,Recruiter Screen,2025-06-27,False,True,False
APP-00683,CAND-0683,JOB-027,LinkedIn Recruiter,InMail Outreach,2025-06-15,Recruiter Screen,2025-07-01,False,True,False
APP-00684,CAND-0684,JOB-013,LinkedIn Organic,Job Posting,2025-03-14,Resume Screen,2025-03-23,False,True,False
APP-00685,CAND-0685,JOB-044,LinkedIn Recruiter,InMail Outreach,2025-06-28,Final Panel Interview,2025-06-29,False,True,False
APP-00686,CAND-0686,JOB-001,LinkedIn Paid,Sponsored Job,2025-05-13,Hiring Manager Screen,2025-05-27,False,True,False
APP-00687,CAND-0687,JOB-003,Referral,Internal Referral,2025-06-05,Recruiter Screen,2025-06-17,False,True,False
APP-00688,CAND-0688,JOB-040,Employee Referral,Internal Referral,2024-02-05,Resume Screen,2024-02-13,False,True,False
APP-00689,CAND-0689,JOB-042,Indeed,Indeed Apply,2024-07-07,Recruiter Screen,2024-07-16,False,True,False
APP-00690,CAND-0690,JOB-045,LinkedIn Organic,Job Posting,2024-04-12,Hiring Manager Screen,2024-04-29,False,True,False
APP-00691,CAND-0691,JOB-036,LinkedIn Recruiter,InMail Outreach,2025-05-05,Resume Screen,2025-05-14,False,True,False
APP-00692,CAND-0692,JOB-021,Other,Unknown,2024-03-02,Resume Screen,2024-03-09,False,True,False
APP-00693,CAND-0693,JOB-019,Employee Referral,Internal Referral,2025-06-20,Resume Screen,2025-06-26,False,True,False
APP-00694,CAND-0694,JOB-034,LinkedIn Recruiter,InMail Outreach,2025-05-31,Resume Screen,2025-06-06,False,True,False
APP-00695,CAND-0695,JOB-006,Direct Application,Careers Page,2024-02-14,Resume Screen,2024-02-22,False,True,False
APP-00696,CAND-0696,JOB-041,LI,Job Posting,2025-06-28,Final Panel Interview,2025-06-30,False,True,False
APP-00697,CAND-0697,JOB-031,LinkedIn Organic,Job Posting,2025-06-23,Recruiter Screen,2025-06-30,False,True,False
APP-00698,CAND-0698,JOB-007,LinkedIn Recruiter,InMail Outreach,2025-06-01,Recruiter Screen,2025-06-13,False,False,True
APP-00699,CAND-0699,JOB-033,Indeed,Indeed Apply,2025-06-07,Recruiter Screen,2025-06-18,False,True,False
APP-00700,CAND-0700,JOB-032,LI Recruiter,InMail Outreach,2025-06-20,Recruiter Screen,2025-06-30,False,True,False
APP-00701,CAND-0701,JOB-029,LinkedIn Recruiter,InMail Outreach,2025-01-16,Hiring Manager Screen,2025-02-02,False,True,False
APP-00702,CAND-0702,JOB-032,LinkedIn Organic,Job Posting,2025-06-24,Resume Screen,2025-06-29,False,True,False
APP-00703,CAND-0703,JOB-015,LI Recruiter,InMail Outreach,2025-06-14,Resume Screen,2025-06-19,False,True,False
APP-00704,CAND-0704,JOB-025,Direct Application,Careers Page,2025-06-18,Resume Screen,2025-06-24,False,True,False
APP-00705,CAND-0705,JOB-042,Employee Referral,Internal Referral,2024-08-15,Resume Screen,2024-08-19,False,True,False
APP-00706,CAND-0706,JOB-036,LinkedIn Paid,Sponsored Job,2025-05-18,Hiring Manager Screen,2025-06-04,False,False,True
APP-00707,CAND-0707,JOB-006,University Partnership,Careers Fair,2024-02-12,Resume Screen,2024-02-22,False,True,False
APP-00708,CAND-0708,JOB-042,LinkedIn Recruiter,InMail Outreach,2024-07-02,Resume Screen,2024-07-10,False,True,False
APP-00709,CAND-0709,JOB-036,GitHub Sourcing,GitHub Profile,2025-05-06,Resume Screen,2025-05-13,False,True,False
APP-00710,CAND-0710,JOB-021,LinkedIn Organic,Job Posting,2024-02-28,Resume Screen,2024-03-07,False,True,False
APP-00711,CAND-0711,JOB-006,Glassdoor,Glassdoor Apply,2024-02-29,Final Panel Interview,2024-04-05,False,True,False
APP-00712,CAND-0712,JOB-025,LinkedIn Sponsored,Sponsored Job,2025-06-06,Hiring Manager Screen,2025-06-25,False,True,False
APP-00713,CAND-0713,JOB-004,referral,Internal Referral,2024-03-16,Resume Screen,2024-03-23,False,True,False
APP-00714,CAND-0714,JOB-045,Other,Unknown,2024-05-15,Recruiter Screen,2024-05-22,False,True,False
APP-00715,CAND-0715,JOB-018,LinkedIn Organic,Job Posting,2025-06-04,Technical Assessment,2025-06-29,False,False,True
APP-00716,CAND-0716,JOB-041,LinkedIn Organic,Job Posting,2025-06-24,Reference Check,2025-07-01,False,True,False
APP-00717,CAND-0717,JOB-005,Employee Referral,Internal Referral,2025-06-05,Technical Interview,2025-06-28,False,True,False
APP-00718,CAND-0718,JOB-010,LI,Job Posting,2025-06-26,Offer,2025-06-28,False,False,True
APP-00719,CAND-0719,JOB-032,LinkedIn Organic,Job Posting,2025-06-22,Resume Screen,2025-06-30,False,True,False
APP-00720,CAND-0720,JOB-003,LinkedIn Organic,Job Posting,2025-06-05,Recruiter Screen,2025-06-19,False,True,False
APP-00721,CAND-0721,JOB-015,Direct Application,Careers Page,2025-06-03,Technical Assessment,2025-06-27,False,True,False
APP-00722,CAND-0722,JOB-017,Direct Application,Careers Page,2025-01-15,Resume Screen,2025-01-22,False,True,False
APP-00723,CAND-0723,JOB-041,LinkedIn Organic,Job Posting,2025-06-25,Recruiter Screen,2025-06-30,False,True,False
APP-00724,CAND-0724,JOB-027,LinkedIn Organic,Job Posting,2025-05-19,Final Panel Interview,2025-06-12,False,True,False
APP-00725,CAND-0725,JOB-032,GitHub Sourcing,GitHub Profile,2025-06-09,Resume Screen,2025-06-18,False,True,False
APP-00726,CAND-0726,JOB-028,LinkedIn Recruiter,InMail Outreach,2025-03-26,Hiring Manager Screen,2025-04-10,False,True,False
APP-00727,CAND-0727,JOB-030,LinkedIn Recruiter,InMail Outreach,2024-01-20,Resume Screen,2024-01-28,False,True,False
APP-00728,CAND-0728,JOB-024,Recruitment Agency,Agency Submission,2025-03-17,Resume Screen,2025-03-23,False,True,False
APP-00729,CAND-0729,JOB-015,GitHub Sourcing,GitHub Profile,2025-06-13,Resume Screen,2025-06-23,False,True,False
APP-00730,CAND-0730,JOB-003,Indeed,Indeed Apply,2025-06-23,Resume Screen,2025-07-01,False,True,False
APP-00731,CAND-0731,JOB-009,Recruitment Agency,Agency Submission,2025-06-22,Resume Screen,2025-06-30,False,True,False
APP-00732,CAND-0732,JOB-028,Glassdoor,Glassdoor Apply,2025-03-14,Resume Screen,2025-03-22,False,True,False
APP-00733,CAND-0733,JOB-025,LinkedIn Recruiter,InMail Outreach,2025-06-18,Resume Screen,2025-06-24,False,True,False
APP-00734,CAND-0734,JOB-009,Other,Unknown,2025-05-20,Technical Interview,2025-06-24,False,True,False
APP-00735,CAND-0735,JOB-034,LinkedIn Recruiter,InMail Outreach,2025-04-05,Hiring Manager Screen,2025-04-22,False,True,False
APP-00736,CAND-0736,JOB-033,glassdoor,Glassdoor Apply,2025-06-25,Resume Screen,2025-06-30,False,True,False
APP-00737,CAND-0737,JOB-027,LinkedIn Organic,Job Posting,2025-06-01,Hiring Manager Screen,2025-06-16,False,False,True
APP-00738,CAND-0738,JOB-042,LinkedIn Recruiter,InMail Outreach,2024-06-19,Resume Screen,2024-06-25,False,True,False
APP-00739,CAND-0739,JOB-016,Direct Application,Careers Page,2025-06-12,Resume Screen,2025-06-19,False,True,False
APP-00740,CAND-0740,JOB-012,indeed,Indeed Apply,2025-06-11,Hiring Manager Screen,2025-06-29,False,True,False
APP-00741,CAND-0741,JOB-003,Employee Referral,Internal Referral,2025-06-29,Resume Screen,2025-06-30,False,True,False
APP-00742,CAND-0742,JOB-013,LinkedIn Organic,Job Posting,2025-03-08,Resume Screen,2025-03-16,False,True,False
APP-00743,CAND-0743,JOB-024,Indeed.com,Indeed Apply,2025-01-27,Resume Screen,2025-02-02,False,True,False
APP-00744,CAND-0744,JOB-027,LinkedIn Recruiter,InMail Outreach,2025-06-02,Hiring Manager Screen,2025-06-22,False,True,False
APP-00745,CAND-0745,JOB-004,LinkedIn Recruiter,InMail Outreach,2024-03-25,Hiring Manager Screen,2024-04-14,False,True,False
APP-00746,CAND-0746,JOB-026,Indeed.com,Indeed Apply,2024-01-12,Offer,2024-02-19,False,False,True
APP-00747,CAND-0747,JOB-010,LinkedIn Paid,Sponsored Job,2025-06-12,Resume Screen,2025-06-20,False,True,False
APP-00748,CAND-0748,JOB-002,LinkedIn Organic,Job Posting,2025-06-27,Technical Assessment,2025-07-01,False,False,True
APP-00749,CAND-0749,JOB-025,LinkedIn Organic,Job Posting,2025-06-09,Recruiter Screen,2025-06-16,False,True,False
APP-00750,CAND-0750,JOB-007,LinkedIn Organic,Job Posting,2025-05-30,Recruiter Screen,2025-06-11,False,True,False
APP-00751,CAND-0751,JOB-045,LinkedIn Organic,Job Posting,2024-05-25,Resume Screen,2024-06-01,False,True,False
APP-00752,CAND-0752,JOB-038,Direct Application,Careers Page,01/02/2025,Final Panel Interview,20/02/2025,False,True,False
APP-00753,CAND-0753,JOB-038,Direct Application,Careers Page,2025-02-07,Hiring Manager Screen,2025-02-19,False,True,False
APP-00754,CAND-0754,JOB-038,LI Recruiter,InMail Outreach,2025-02-17,Resume Screen,2025-02-25,False,True,False
APP-00755,CAND-0755,JOB-018,LinkedIn Organic,Job Posting,2025-06-09,Resume Screen,2025-06-17,False,True,False
APP-00756,CAND-0756,JOB-001,Internal Referral,Internal Referral,2025-04-09,Technical Assessment,2025-04-24,False,True,False
APP-00757,CAND-0757,JOB-002,LinkedIn,Job Posting,2025-06-25,Recruiter Screen,2025-06-28,False,True,False
APP-00758,CAND-0758,JOB-036,Employee Referral,Internal Referral,2025-04-01,Resume Screen,2025-04-08,False,True,False
APP-00759,CAND-0759,JOB-002,LinkedIn Organic,Job Posting,2025-06-08,Resume Screen,2025-06-17,False,True,False
APP-00760,CAND-0760,JOB-037,Recruitment Agency,Agency Submission,2025-05-06,Hiring Manager Screen,2025-05-23,False,True,False
APP-00761,CAND-0761,JOB-033,LinkedIn Recruiter,InMail Outreach,2025-06-12,Final Panel Interview,2025-06-30,False,True,False
APP-00762,CAND-0762,JOB-008,Linked In,Job Posting,2025-06-26,Recruiter Screen,2025-06-30,False,True,False
APP-00763,CAND-0763,JOB-043,Recruitment Agency,Agency Submission,2024-08-21,Hiring Manager Screen,2024-09-08,False,True,False
APP-00764,CAND-0764,JOB-005,LinkedIn Recruiter,InMail Outreach,2025-06-09,Technical Interview,2025-07-01,False,True,False
APP-00765,CAND-0765,JOB-039,University Partnership,Careers Fair,2025-06-23,Resume Screen,2025-06-28,False,True,False
APP-00766,CAND-0766,JOB-013,glassdoor,Glassdoor Apply,2025-04-23,Recruiter Screen,2025-05-03,False,True,False
APP-00767,CAND-0767,JOB-038,LinkedIn Organic,Job Posting,2025-01-28,Recruiter Screen,2025-02-10,False,True,False
APP-00768,CAND-0768,JOB-008,referral,Internal Referral,2025-06-27,Resume Screen,2025-06-30,False,True,False
APP-00769,CAND-0769,JOB-044,University Partnership,Careers Fair,2025-06-15,Final Panel Interview,2025-06-29,False,True,False
APP-00770,CAND-0770,JOB-023,University Partnership,Careers Fair,2024-11-04,Resume Screen,2024-11-13,False,True,False
APP-00771,CAND-0771,JOB-029,Recruitment Agency,Agency Submission,2025-01-10,Recruiter Screen,2025-01-21,False,True,False
APP-00772,CAND-0772,JOB-037,LinkedIn Organic,Job Posting,2025-05-18,Resume Screen,2025-05-25,False,True,False
APP-00773,CAND-0773,JOB-024,LinkedIn Organic,Job Posting,2025-03-16,Technical Assessment,2025-04-11,False,False,True
APP-00774,CAND-0774,JOB-029,LinkedIn Organic,Job Posting,2025-02-09,Recruiter Screen,2025-02-17,False,False,True
APP-00775,CAND-0775,JOB-037,LinkedIn Paid,Sponsored Job,2025-04-27,Resume Screen,2025-05-03,False,True,False
APP-00776,CAND-0776,JOB-007,LinkedIn Organic,Job Posting,06/25/2025,Hiring Manager Screen,01/07/2025,False,True,False
APP-00777,CAND-0777,JOB-039,GitHub Sourcing,GitHub Profile,2025-06-07,Final Panel Interview,2025-07-01,False,True,False
APP-00778,CAND-0778,JOB-033,Direct Application,Careers Page,2025-06-18,Resume Screen,2025-06-25,False,True,False
APP-00779,CAND-0779,JOB-030,LinkedIn Organic,Job Posting,2024-01-07,Resume Screen,2024-01-17,False,True,False
APP-00780,CAND-0780,JOB-019,LinkedIn Paid,Sponsored Job,2025-06-27,Resume Screen,2025-06-30,False,True,False
APP-00781,CAND-0781,JOB-043,Direct Application,Careers Page,2024-08-30,Hiring Manager Screen,2024-09-15,False,True,False
APP-00782,CAND-0782,JOB-003,Indeed,Indeed Apply,2025-06-26,Recruiter Screen,2025-06-28,False,True,False
APP-00783,CAND-0783,JOB-005,LinkedIn Recruiter,InMail Outreach,2025-06-25,Recruiter Screen,2025-06-29,False,True,False
APP-00784,CAND-0784,JOB-026,Glassdoor,Glassdoor Apply,2024-02-28,Resume Screen,2024-03-06,False,True,False
APP-00785,CAND-0785,JOB-014,LinkedIn Organic,Job Posting,16/07/2024,Recruiter Screen,28/07/2024,False,False,True
APP-00786,CAND-0786,JOB-025,LinkedIn Organic,Job Posting,06/15/2025,Resume Screen,22/06/2025,False,True,False
APP-00787,CAND-0787,JOB-011,Other,Unknown,01/02/2025,Resume Screen,07/02/2025,False,True,False
APP-00788,CAND-0788,JOB-042,GitHub Sourcing,GitHub Profile,2024-07-26,Hiring Manager Screen,2024-08-11,False,True,False
APP-00789,CAND-0789,JOB-034,LinkedIn Recruiter,InMail Outreach,2025-04-07,Hiring Manager Screen,2025-04-23,False,True,False
APP-00790,CAND-0790,JOB-025,LinkedIn Recruiter,InMail Outreach,2025-06-02,Resume Screen,2025-06-09,False,True,False
APP-00791,CAND-0791,JOB-039,Direct Application,Careers Page,2025-06-25,Hiring Manager Screen,2025-06-28,False,True,False
APP-00792,CAND-0792,JOB-018,LinkedIn Organic,Job Posting,2025-06-29,Resume Screen,2025-06-28,False,True,False
APP-00793,CAND-0793,JOB-023,LinkedIn Organic,Job Posting,2024-11-12,Technical Assessment,2024-12-06,False,False,True
APP-00794,CAND-0794,JOB-006,LinkedIn Organic,Job Posting,2024-01-22,Technical Assessment,2024-02-15,False,True,False
APP-00795,CAND-0795,JOB-028,LI,Job Posting,2025-03-16,Hiring Manager Screen,2025-04-02,False,True,False
APP-00796,CAND-0796,JOB-003,Direct Application,Careers Page,2025-06-08,Technical Assessment,2025-07-01,False,True,False
APP-00797,CAND-0797,JOB-004,Glassdoor,Glassdoor Apply,04/25/2024,Resume Screen,05/01/2024,False,True,False
APP-00798,CAND-0798,JOB-015,LinkedIn Recruiter,InMail Outreach,2025-05-25,Resume Screen,2025-06-02,False,True,False
APP-00799,CAND-0799,JOB-025,GitHub Sourcing,GitHub Profile,2025-06-25,Resume Screen,2025-06-28,False,True,False
APP-00800,CAND-0800,JOB-014,Indeed,Indeed Apply,2024-08-01,Recruiter Screen,2024-08-10,False,True,False
APP-00801,CAND-0801,JOB-034,LinkedIn Recruiter,InMail Outreach,2025-05-11,Resume Screen,2025-05-17,False,True,False
APP-00802,CAND-0802,JOB-042,University Partnership,Careers Fair,2024-07-29,Resume Screen,2024-08-06,False,True,False
APP-00803,CAND-0803,JOB-020,Employee Referral,Internal Referral,2024-01-21,Recruiter Screen,2024-01-31,False,True,False
APP-00804,CAND-0804,JOB-006,Referral,Internal Referral,2024-01-18,Hiring Manager Screen,2024-01-31,False,True,False
APP-00805,CAND-0805,JOB-020,LinkedIn Organic,Job Posting,2024-01-31,Technical Assessment,2024-02-25,False,True,False
APP-00806,CAND-0806,JOB-027,Employee Referral,Internal Referral,2025-06-03,Reference Check,2025-06-21,False,True,False
APP-00807,CAND-0807,JOB-018,LinkedIn Paid,Sponsored Job,2025-06-05,Resume Screen,2025-06-11,False,True,False
APP-00808,CAND-0808,JOB-027,LinkedIn Organic,Job Posting,2025-06-07,Recruiter Screen,2025-06-17,False,True,False
APP-00809,CAND-0809,JOB-006,referral,Internal Referral,2024-02-29,Resume Screen,2024-03-07,False,True,False
APP-00810,CAND-0810,JOB-019,LinkedIn Organic,Job Posting,2025-06-17,Resume Screen,2025-06-24,False,True,False
APP-00811,CAND-0811,JOB-010,LinkedIn Recruiter,InMail Outreach,2025-06-07,Technical Assessment,2025-06-26,False,False,True
APP-00812,CAND-0812,JOB-017,Direct Application,Careers Page,2024-12-24,Offer,2025-01-30,False,False,True
APP-00813,CAND-0813,JOB-045,LinkedIn Paid,Sponsored Job,2024-04-30,Resume Screen,2024-05-06,False,True,False
APP-00814,CAND-0814,JOB-036,linkedin.com,Job Posting,2025-04-08,Resume Screen,2025-04-18,False,True,False
APP-00815,CAND-0815,JOB-039,LinkedIn Paid,Sponsored Job,2025-06-01,Recruiter Screen,2025-06-15,False,True,False
APP-00816,CAND-0816,JOB-004,LinkedIn Recruiter,InMail Outreach,2024-03-24,Recruiter Screen,2024-04-01,False,True,False
APP-00817,CAND-0817,JOB-039,University Partnership,Careers Fair,2025-06-28,Recruiter Screen,2025-07-01,False,True,False
APP-00818,CAND-0818,JOB-001,LinkedIn Organic,Job Posting,2025-04-22,Recruiter Screen,2025-05-05,False,True,False
APP-00819,CAND-0819,JOB-044,LinkedIn Paid,Sponsored Job,2025-06-28,Resume Screen,2025-06-28,False,True,False
APP-00820,CAND-0820,JOB-019,Glassdoor,Glassdoor Apply,2025-06-14,Technical Assessment,2025-06-30,False,False,True
APP-00821,CAND-0821,JOB-026,Indeed,Indeed Apply,2024-01-18,Hiring Manager Screen,2024-02-04,False,True,False
APP-00822,CAND-0822,JOB-011,LinkedIn Organic,Job Posting,2025-01-04,Final Panel Interview,2025-02-18,False,True,False
APP-00823,CAND-0823,JOB-040,Direct Application,Careers Page,2024-02-02,Resume Screen,2024-02-07,False,True,False
APP-00824,CAND-0824,JOB-019,Indeed,Indeed Apply,2025-07-01,Resume Screen,2025-06-30,False,True,False
APP-00825,CAND-0825,JOB-018,LinkedIn,Job Posting,2025-06-21,Recruiter Screen,2025-07-01,False,True,False
APP-00826,CAND-0826,JOB-042,Direct Application,Careers Page,2024-08-16,Resume Screen,2024-08-22,False,True,False
APP-00827,CAND-0827,JOB-004,LinkedIn Recruiter,InMail Outreach,08/05/2024,Resume Screen,05/14/2024,False,True,False
APP-00828,CAND-0828,JOB-025,Glassdoor,Glassdoor Apply,06/25/2025,Recruiter Screen,06/29/2025,False,True,False
APP-00829,CAND-0829,JOB-031,LinkedIn Organic,Job Posting,2025-06-08,Resume Screen,2025-06-12,False,True,False
APP-00830,CAND-0830,JOB-045,Indeed.com,Indeed Apply,2024-05-13,Final Panel Interview,2024-06-07,False,True,False
APP-00831,CAND-0831,JOB-016,Direct Application,Careers Page,2025-06-13,Resume Screen,2025-06-18,False,True,False
APP-00832,CAND-0832,JOB-031,glassdoor,Glassdoor Apply,2025-06-06,Resume Screen,2025-06-13,False,True,False
APP-00833,CAND-0833,JOB-014,LinkedIn Recruiter,InMail Outreach,2024-07-25,Resume Screen,2024-08-02,False,True,False
APP-00834,CAND-0834,JOB-035,Recruitment Agency,Agency Submission,2025-05-03,Resume Screen,2025-05-11,False,True,False
APP-00835,CAND-0835,JOB-010,LinkedIn Recruiter,InMail Outreach,2025-06-22,Resume Screen,2025-06-30,False,True,False
APP-00836,CAND-0836,JOB-019,Direct Application,Careers Page,06/25/2025,Recruiter Screen,07/01/2025,False,True,False
APP-00837,CAND-0837,JOB-004,Glassdoor,Glassdoor Apply,2024-04-29,Resume Screen,2024-05-06,False,True,False
APP-00838,CAND-0838,JOB-005,GitHub,GitHub Profile,2025-06-28,Recruiter Screen,2025-06-30,False,True,False
APP-00839,CAND-0839,JOB-043,LinkedIn Organic,Job Posting,2024-08-01,Hiring Manager Screen,2024-08-18,False,True,False
APP-00840,CAND-0840,JOB-014,LinkedIn Paid,Sponsored Job,2024-07-29,Hiring Manager Screen,2024-08-18,False,True,False
APP-00841,CAND-0841,JOB-027,Indeed,Indeed Apply,2025-04-26,Resume Screen,2025-05-05,False,True,False
APP-00842,CAND-0842,JOB-021,LinkedIn Recruiter,InMail Outreach,2024-02-24,Final Panel Interview,2024-03-21,False,True,False
APP-00843,CAND-0843,JOB-039,Indeed,Indeed Apply,2025-06-27,Resume Screen,2025-06-28,False,True,False
APP-00844,CAND-0844,JOB-042,Recruitment Agency,Agency Submission,2024-07-14,Resume Screen,2024-07-20,False,True,False
APP-00845,CAND-0845,JOB-010,LinkedIn Recruiter,InMail Outreach,2025-06-05,Resume Screen,2025-06-09,False,True,False
APP-00846,CAND-0846,JOB-019,LinkedIn Organic,Job Posting,2025-06-23,Technical Assessment,2025-06-30,False,True,False
APP-00847,CAND-0847,JOB-016,Recruitment Agency,Agency Submission,2025-06-18,Resume Screen,2025-06-25,False,True,False
APP-00848,CAND-0848,JOB-034,Employee Referral,Internal Referral,2025-04-25,Resume Screen,2025-04-30,False,True,False
APP-00849,CAND-0849,JOB-011,LinkedIn Recruiter,InMail Outreach,2024-12-13,Resume Screen,2024-12-21,False,True,False
APP-00850,CAND-0850,JOB-003,LinkedIn Recruiter,InMail Outreach,2025-06-24,Resume Screen,2025-07-01,False,True,False
APP-00851,CAND-0851,JOB-009,Direct Application,Careers Page,2025-06-01,Resume Screen,2025-06-09,False,True,False
APP-00852,CAND-0852,JOB-023,linkedin.com,Job Posting,2024-11-01,Final Panel Interview,2024-12-01,False,True,False
APP-00853,CAND-0853,JOB-037,External Recruiter,Agency Submission,2025-05-26,Resume Screen,2025-06-04,False,True,False
APP-00854,CAND-0854,JOB-012,LI,Job Posting,2025-06-22,Offer,2025-07-01,False,False,True
APP-00855,CAND-0855,JOB-001,Employee Referral,Internal Referral,2025-05-28,Recruiter Screen,2025-06-07,False,True,False
APP-00856,CAND-0856,JOB-034,Indeed.com,Indeed Apply,2025-04-06,Recruiter Screen,2025-04-17,False,True,False
APP-00857,CAND-0857,JOB-002,agency,Agency Submission,2025-06-03,Resume Screen,2025-06-08,False,True,False
APP-00858,CAND-0858,JOB-031,LinkedIn Organic,Job Posting,2025-06-03,Resume Screen,2025-06-08,False,True,False
APP-00859,CAND-0859,JOB-023,Employee Referral,Internal Referral,2024-12-01,Resume Screen,2024-12-09,False,True,False
APP-00860,CAND-0860,JOB-044,Direct Application,Careers Page,2025-06-16,Hiring Manager Screen,2025-06-30,False,True,False
APP-00861,CAND-0861,JOB-015,LI,Job Posting,2025-05-31,Technical Assessment,2025-06-25,False,True,False
APP-00862,CAND-0862,JOB-019,LinkedIn Recruiter,InMail Outreach,2025-06-30,Resume Screen,2025-06-28,False,True,False
APP-00863,CAND-0863,JOB-021,GitHub Sourcing,GitHub Profile,2024-03-20,Recruiter Screen,2024-04-02,False,True,False
APP-00864,CAND-0864,JOB-042,LinkedIn Organic,Job Posting,2024-08-16,Hiring Manager Screen,2024-08-31,False,True,False
APP-00865,CAND-0865,JOB-016,LinkedIn Recruiter,InMail Outreach,2025-06-04,Hiring Manager Screen,2025-06-18,False,True,False
APP-00866,CAND-0866,JOB-010,External Recruiter,Agency Submission,2025-05-19,Recruiter Screen,2025-05-29,False,True,False
APP-00867,CAND-0867,JOB-043,LinkedIn Organic,Job Posting,2024-08-06,Hiring Manager Screen,2024-08-19,False,False,True
APP-00868,CAND-0868,JOB-007,LinkedIn Organic,Job Posting,2025-06-19,Recruiter Screen,2025-06-30,False,True,False
APP-00869,CAND-0869,JOB-013,LI,Job Posting,2025-04-10,Recruiter Screen,2025-04-17,False,True,False
APP-00870,CAND-0870,JOB-007,LinkedIn Recruiter,InMail Outreach,2025-05-22,Recruiter Screen,2025-06-03,False,False,True
APP-00871,CAND-0871,JOB-033,Employee Referral,Internal Referral,2025-06-26,Resume Screen,2025-07-01,False,True,False
APP-00872,CAND-0872,JOB-008,Company Website,Careers Page,2025-06-13,Recruiter Screen,2025-06-25,False,True,False
APP-00873,CAND-0873,JOB-027,LinkedIn,Job Posting,2025-05-12,Resume Screen,2025-05-16,False,True,False
APP-00874,CAND-0874,JOB-003,Direct Application,Careers Page,2025-06-21,Resume Screen,2025-06-26,False,True,False
APP-00875,CAND-0875,JOB-008,LinkedIn Recruiter,InMail Outreach,2025-06-21,Technical Assessment,2025-06-28,False,False,True
APP-00876,CAND-0876,JOB-037,Indeed,Indeed Apply,2025-05-03,Hiring Manager Screen,2025-05-18,False,True,False
APP-00877,CAND-0877,JOB-024,Recruitment Agency,Agency Submission,2025-03-21,Resume Screen,2025-03-28,False,True,False
APP-00878,CAND-0878,JOB-007,LinkedIn Recruiter,InMail Outreach,2025-06-13,Recruiter Screen,2025-06-23,False,True,False
APP-00879,CAND-0879,JOB-045,Direct Application,Careers Page,2024-05-03,Hiring Manager Screen,2024-05-22,False,True,False
APP-00880,CAND-0880,JOB-013,LinkedIn Ads,Sponsored Job,2025-04-15,Resume Screen,2025-04-23,False,True,False
APP-00881,CAND-0881,JOB-002,Employee Referral,Internal Referral,2025-06-27,Resume Screen,2025-06-29,False,True,False
APP-00882,CAND-0882,JOB-017,Indeed,Indeed Apply,2025-01-01,Resume Screen,2025-01-06,False,True,False
APP-00883,CAND-0883,JOB-017,LinkedIn Organic,Job Posting,2025-01-02,Resume Screen,2025-01-06,False,True,False
APP-00884,CAND-0884,JOB-029,Indeed,Indeed Apply,2025-01-27,Resume Screen,2025-02-03,False,True,False
APP-00885,CAND-0885,JOB-043,LinkedIn Organic,Job Posting,2024-08-26,Final Panel Interview,2024-09-21,False,True,False
APP-00886,CAND-0886,JOB-007,GitHub Sourcing,GitHub Profile,2025-06-06,Recruiter Screen,2025-06-16,False,True,False
APP-00887,CAND-0887,JOB-018,LinkedIn Recruiter,InMail Outreach,2025-06-01,Technical Assessment,2025-06-25,False,True,False
APP-00888,CAND-0888,JOB-003,Referral,Internal Referral,2025-06-07,Technical Assessment,2025-06-23,False,True,False
APP-00889,CAND-0889,JOB-016,Glassdoor,Glassdoor Apply,2025-06-29,Resume Screen,2025-07-01,False,True,False
APP-00890,CAND-0890,JOB-041,LinkedIn Organic,Job Posting,2025-06-27,Resume Screen,2025-06-28,False,True,False
APP-00891,CAND-0891,JOB-017,github,GitHub Profile,2024-12-12,Recruiter Screen,2024-12-21,False,True,False
APP-00892,CAND-0892,JOB-038,LinkedIn Organic,Job Posting,2025-02-24,Resume Screen,2025-03-05,False,True,False
APP-00893,CAND-0893,JOB-033,LinkedIn Organic,Job Posting,2025-06-04,Hiring Manager Screen,2025-06-16,False,True,False
APP-00894,CAND-0894,JOB-018,LinkedIn Organic,Job Posting,2025-06-11,Resume Screen,2025-06-17,False,True,False
APP-00895,CAND-0895,JOB-012,LinkedIn Paid,Sponsored Job,2025-06-21,Recruiter Screen,2025-07-01,False,True,False
APP-00896,CAND-0896,JOB-034,GitHub Sourcing,GitHub Profile,2025-05-16,Hiring Manager Screen,2025-06-02,False,False,True
APP-00897,CAND-0897,JOB-045,Direct Application,Careers Page,2024-04-14,Hiring Manager Screen,2024-04-30,False,True,False
APP-00898,CAND-0898,JOB-013,Indeed,Indeed Apply,2025-03-31,Hiring Manager Screen,2025-04-13,False,True,False
APP-00899,CAND-0899,JOB-002,Direct Application,Careers Page,2025-06-07,Hiring Manager Screen,2025-06-23,False,True,False
APP-00900,CAND-0900,JOB-015,LinkedIn Paid,Sponsored Job,26/06/2025,Resume Screen,07/01/2025,False,True,False
APP-00901,CAND-0901,JOB-022,LinkedIn Organic,Job Posting,2025-06-17,Recruiter Screen,2025-06-29,False,True,False
APP-00902,CAND-0902,JOB-003,LinkedIn Organic,Job Posting,2025-06-15,Resume Screen,2025-06-22,False,True,False
APP-00903,CAND-0903,JOB-014,LinkedIn Organic,Job Posting,2024-08-13,Recruiter Screen,2024-08-23,False,True,False
APP-00904,CAND-0904,JOB-030,LinkedIn Recruiter,InMail Outreach,2024-01-02,Final Panel Interview,2024-01-25,False,True,False
APP-00905,CAND-0905,JOB-012,LinkedIn Recruiter,InMail Outreach,2025-06-13,Offer,2025-07-01,False,False,True
APP-00906,CAND-0906,JOB-038,LinkedIn Ads,Sponsored Job,2025-01-29,Resume Screen,2025-02-05,False,True,False
APP-00907,CAND-0907,JOB-033,University Partnership,Careers Fair,2025-06-10,Resume Screen,2025-06-19,False,True,False
APP-00908,CAND-0908,JOB-041,Indeed,Indeed Apply,2025-07-01,Resume Screen,2025-06-29,False,True,False
APP-00909,CAND-0909,JOB-038,Direct Application,Careers Page,2025-02-20,Recruiter Screen,2025-03-03,False,True,False
APP-00910,CAND-0910,JOB-038,Employee Referral,Internal Referral,2025-01-26,Hiring Manager Screen,2025-02-06,False,True,False
APP-00911,CAND-0911,JOB-009,Recruitment Agency,Agency Submission,2025-05-12,Technical Interview,2025-06-12,False,True,False
APP-00912,CAND-0912,JOB-042,Other,Unknown,2024-06-18,Resume Screen,2024-06-22,False,True,False
APP-00913,CAND-0913,JOB-042,Indeed,Indeed Apply,2024-07-09,Recruiter Screen,2024-07-23,False,True,False
APP-00914,CAND-0914,JOB-015,LinkedIn Organic,Job Posting,2025-06-14,Resume Screen,2025-06-23,False,True,False
APP-00915,CAND-0915,JOB-003,LinkedIn Recruiter,InMail Outreach,2025-06-04,Resume Screen,2025-06-11,False,True,False
APP-00916,CAND-0916,JOB-020,LinkedIn Organic,Job Posting,2024-01-15,Recruiter Screen,2024-01-26,False,True,False
APP-00917,CAND-0917,JOB-031,LinkedIn Organic,Job Posting,2025-06-30,Recruiter Screen,2025-06-30,False,True,False
APP-00918,CAND-0918,JOB-018,Direct Application,Careers Page,2025-06-28,Resume Screen,2025-06-30,False,True,False
APP-00919,CAND-0919,JOB-042,Direct Application,Careers Page,2024-08-13,Recruiter Screen,2024-08-29,False,True,False
APP-00920,CAND-0920,JOB-012,Employee Referral,Internal Referral,2025-06-30,Recruiter Screen,2025-06-29,False,True,False
APP-00921,CAND-0921,JOB-023,LinkedIn Organic,Job Posting,2024-11-17,Resume Screen,2024-11-25,False,True,False
APP-00922,CAND-0922,JOB-001,Direct Application,Careers Page,2025-05-14,Hiring Manager Screen,2025-05-27,False,True,False
APP-00923,CAND-0923,JOB-040,LinkedIn Paid,Sponsored Job,2024-02-26,Final Panel Interview,2024-03-22,False,True,False
APP-00924,CAND-0924,JOB-002,LinkedIn Recruiter,InMail Outreach,2025-06-18,Recruiter Screen,2025-06-29,False,True,False
APP-00925,CAND-0925,JOB-020,LinkedIn Organic,Job Posting,2024-01-24,Resume Screen,2024-02-01,False,True,False
APP-00926,CAND-0926,JOB-016,LinkedIn Recruiter,InMail Outreach,2025-06-06,Resume Screen,2025-06-15,False,True,False
APP-00927,CAND-0927,JOB-034,LinkedIn Organic,Job Posting,2025-04-03,Resume Screen,2025-04-12,False,True,False
APP-00928,CAND-0928,JOB-037,LinkedIn Recruiter,InMail Outreach,2025-04-28,Hiring Manager Screen,2025-05-12,False,True,False
APP-00929,CAND-0929,JOB-035,Employee Referral,Internal Referral,2025-05-14,Hiring Manager Screen,2025-05-24,False,False,True
APP-00930,CAND-0930,JOB-019,LinkedIn Organic,Job Posting,2025-06-27,Technical Assessment,2025-06-29,False,False,True
APP-00931,CAND-0931,JOB-035,LinkedIn Paid,Sponsored Job,2025-06-08,Hiring Manager Screen,2025-06-25,False,True,False
APP-00932,CAND-0932,JOB-014,Employee Referral,Internal Referral,2024-07-05,Hiring Manager Screen,2024-07-18,False,True,False
APP-00933,CAND-0933,JOB-021,Direct Application,Careers Page,2024-02-23,Technical Assessment,2024-03-13,False,True,False
APP-00934,CAND-0934,JOB-031,Direct Application,Careers Page,2025-06-13,Recruiter Screen,2025-06-20,False,True,False
APP-00935,CAND-0935,JOB-028,Employee Referral,Internal Referral,2025-03-21,Recruiter Screen,2025-03-28,False,True,False
APP-00936,CAND-0936,JOB-024,indeed,Indeed Apply,2025-03-10,Resume Screen,2025-03-17,False,True,False
APP-00937,CAND-0937,JOB-031,LinkedIn Paid,Sponsored Job,2025-06-01,Resume Screen,2025-06-07,False,True,False
APP-00938,CAND-0938,JOB-010,LinkedIn Organic,Job Posting,2025-06-30,Resume Screen,2025-07-01,False,True,False
APP-00939,CAND-0939,JOB-024,Indeed,Indeed Apply,2025-03-11,Resume Screen,2025-03-19,False,True,False
APP-00940,CAND-0940,JOB-044,Employee Referral,Internal Referral,2025-06-25,Resume Screen,2025-06-28,False,True,False
APP-00941,CAND-0941,JOB-027,LinkedIn Organic,Job Posting,2025-06-19,Resume Screen,2025-06-27,False,True,False
APP-00942,CAND-0942,JOB-034,Employee Referral,Internal Referral,2025-04-02,Resume Screen,2025-04-11,False,True,False
APP-00943,CAND-0943,JOB-035,Other,Unknown,2025-06-03,Recruiter Screen,2025-06-14,False,True,False
APP-00944,CAND-0944,JOB-027,Other,Unknown,2025-05-12,Hiring Manager Screen,2025-05-27,False,True,False
APP-00945,CAND-0945,JOB-010,LinkedIn Organic,Job Posting,2025-06-14,Resume Screen,2025-06-21,False,True,False
APP-00946,CAND-0946,JOB-045,linkedin.com,Job Posting,2024-05-30,Resume Screen,2024-06-07,False,True,False
APP-00947,CAND-0947,JOB-028,LinkedIn Organic,Job Posting,2025-02-11,Hiring Manager Screen,2025-02-28,False,True,False
APP-00948,CAND-0948,JOB-011,LinkedIn Recruiter,InMail Outreach,2024-12-10,Hiring Manager Screen,2024-12-31,False,True,False
APP-00949,CAND-0949,JOB-017,Direct Application,Careers Page,2024-11-25,Technical Assessment,2024-12-19,False,False,True
APP-00950,CAND-0950,JOB-025,LinkedIn Organic,Job Posting,2025-06-03,Resume Screen,2025-06-09,False,True,False
APP-00951,CAND-0951,JOB-012,LinkedIn Organic,Job Posting,2025-06-28,Resume Screen,2025-06-28,False,True,False
APP-00952,CAND-0952,JOB-030,LinkedIn Recruiter,InMail Outreach,2024-01-09,Resume Screen,2024-01-15,False,True,False
APP-00953,CAND-0953,JOB-005,Indeed,Indeed Apply,2025-06-03,Resume Screen,2025-06-13,False,True,False
APP-00954,CAND-0954,JOB-025,Indeed.com,Indeed Apply,2025-06-21,Resume Screen,2025-06-28,False,True,False
APP-00955,CAND-0955,JOB-002,Other,Unknown,2025-06-04,Resume Screen,2025-06-13,False,True,False
APP-00956,CAND-0956,JOB-020,LinkedIn Organic,Job Posting,2024-02-13,Technical Assessment,2024-03-12,False,False,True
APP-00957,CAND-0957,JOB-001,github,GitHub Profile,2025-05-09,Recruiter Screen,2025-05-19,False,True,False
APP-00958,CAND-0958,JOB-030,Linked In,Job Posting,2024-01-08,Recruiter Screen,2024-01-18,False,False,True
APP-00959,CAND-0959,JOB-005,LinkedIn,Job Posting,2025-06-14,Resume Screen,2025-06-18,False,True,False
APP-00960,CAND-0960,JOB-003,LinkedIn Recruiter,InMail Outreach,2025-06-24,Technical Assessment,2025-06-29,False,False,True
APP-00961,CAND-0961,JOB-016,LinkedIn Organic,Job Posting,2025-06-28,Technical Assessment,2025-07-01,False,False,True
APP-00962,CAND-0962,JOB-036,LinkedIn Recruiter,InMail Outreach,06/04/2025,Recruiter Screen,04/22/2025,False,True,False
APP-00963,CAND-0963,JOB-030,Direct Application,Careers Page,2024-02-17,Hiring Manager Screen,2024-03-08,False,True,False
APP-00964,CAND-0964,JOB-014,Other,Unknown,2024-08-11,Recruiter Screen,2024-08-21,False,True,False
APP-00965,CAND-0965,JOB-033,LinkedIn Paid,Sponsored Job,2025-06-26,Hiring Manager Screen,2025-06-30,False,True,False
APP-00966,CAND-0966,JOB-012,Direct Application,Careers Page,2025-06-23,Final Panel Interview,2025-06-29,False,True,False
APP-00967,CAND-0967,JOB-025,Direct Application,Careers Page,2025-06-23,Hiring Manager Screen,2025-06-30,False,True,False
APP-00968,CAND-0968,JOB-011,LinkedIn Organic,Job Posting,2025-01-20,Resume Screen,2025-01-29,False,True,False
APP-00969,CAND-0969,JOB-015,Other,Unknown,2025-06-29,Resume Screen,2025-06-29,False,True,False
APP-00970,CAND-0970,JOB-016,indeed,Indeed Apply,2025-06-06,Technical Assessment,2025-06-29,False,False,True
APP-00971,CAND-0971,JOB-033,Recruitment Agency,Agency Submission,2025-06-28,Resume Screen,2025-07-01,False,True,False
APP-00972,CAND-0972,JOB-043,LinkedIn Organic,Job Posting,2024-09-15,Resume Screen,2024-09-23,False,True,False
APP-00973,CAND-0973,JOB-038,Recruitment Agency,Agency Submission,20/01/2025,Hiring Manager Screen,04/02/2025,False,False,True
APP-00974,CAND-0974,JOB-015,linkedin.com,Job Posting,09/06/2025,Hiring Manager Screen,06/27/2025,False,True,False
APP-00975,CAND-0975,JOB-039,linkedin,Job Posting,2025-06-22,Resume Screen,2025-06-30,False,True,False
APP-00976,CAND-0976,JOB-040,linkedin,Job Posting,2024-01-13,Recruiter Screen,2024-01-24,False,False,True
APP-00977,CAND-0977,JOB-044,LinkedIn Organic,Job Posting,2025-06-18,Recruiter Screen,2025-07-01,False,True,False
APP-00978,CAND-0978,JOB-005,LinkedIn Organic,Job Posting,2025-06-01,Recruiter Screen,2025-06-11,False,True,False
APP-00979,CAND-0979,JOB-029,LinkedIn Recruiter,InMail Outreach,23/01/2025,Hiring Manager Screen,02/11/2025,False,False,True
APP-00980,CAND-0980,JOB-035,Recruitment Agency,Agency Submission,2025-04-15,Hiring Manager Screen,2025-05-06,False,True,False
APP-00981,CAND-0981,JOB-002,LinkedIn Paid,Sponsored Job,2025-06-24,Recruiter Screen,2025-06-29,False,True,False
APP-00982,CAND-0982,JOB-003,Indeed,Indeed Apply,2025-06-27,Resume Screen,2025-07-01,False,True,False
APP-00983,CAND-0983,JOB-037,Careers Site,Careers Page,2025-05-11,Resume Screen,2025-05-19,False,True,False
APP-00984,CAND-0984,JOB-030,LinkedIn Recruiter,InMail Outreach,2024-01-10,Hiring Manager Screen,2024-01-30,False,True,False
APP-00985,CAND-0985,JOB-012,Linked In,Job Posting,2025-06-21,Resume Screen,2025-06-30,False,True,False
APP-00986,CAND-0986,JOB-006,Employee Referral,Internal Referral,2024-02-01,Resume Screen,2024-02-07,False,True,False
APP-00987,CAND-0987,JOB-033,Employee Ref,Internal Referral,2025-06-09,Recruiter Screen,2025-06-20,False,True,False
APP-00988,CAND-0988,JOB-036,LinkedIn,Job Posting,2025-05-28,Recruiter Screen,2025-06-08,False,True,False
APP-00989,CAND-0989,JOB-042,LinkedIn Organic,Job Posting,2024-07-24,Hiring Manager Screen,2024-08-14,False,True,False
APP-00990,CAND-0990,JOB-001,Employee Referral,Internal Referral,2025-05-04,Technical Interview,2025-05-27,False,True,False
APP-00991,CAND-0991,JOB-026,LinkedIn Recruiter,InMail Outreach,2024-02-04,Recruiter Screen,2024-02-17,False,True,False
APP-00992,CAND-0992,JOB-030,Employee Referral,Internal Referral,2024-02-19,Final Panel Interview,2024-03-08,False,True,False
APP-00993,CAND-0993,JOB-025,Other,Unknown,2025-06-20,Technical Assessment,2025-07-01,False,True,False
APP-00994,CAND-0994,JOB-009,LinkedIn Recruiter,InMail Outreach,2025-05-29,Final Panel Interview,2025-06-30,False,True,False
APP-00995,CAND-0995,JOB-009,Employee Referral,Internal Referral,2025-06-19,Resume Screen,2025-06-28,False,True,False
APP-00996,CAND-0996,JOB-034,Direct Application,Careers Page,2025-05-22,Resume Screen,2025-05-27,False,True,False
APP-00997,CAND-0997,JOB-023,Referral,Internal Referral,2024-11-25,Resume Screen,2024-12-02,False,True,False
APP-00998,CAND-0998,JOB-025,Direct Application,Careers Page,2025-06-19,Resume Screen,2025-06-29,False,True,False
APP-00999,CAND-0999,JOB-009,LinkedIn Paid,Sponsored Job,2025-06-11,Recruiter Screen,2025-06-23,False,True,False
APP-01000,CAND-1000,JOB-010,linkedin.com,Job Posting,2025-06-29,Resume Screen,2025-07-01,False,True,False
APP-01001,CAND-1001,JOB-023,LinkedIn Paid,Sponsored Job,2024-11-07,Resume Screen,2024-11-14,False,True,False
APP-01002,CAND-1002,JOB-026,Indeed,Indeed Apply,2024-03-05,Resume Screen,2024-03-11,False,True,False
APP-01003,CAND-1003,JOB-030,LinkedIn Recruiter,InMail Outreach,2024-02-23,Resume Screen,2024-02-29,False,True,False
APP-01004,CAND-1004,JOB-030,LinkedIn InMail,InMail Outreach,2024-01-21,Resume Screen,2024-01-28,False,True,False
APP-01005,CAND-1005,JOB-039,LinkedIn Organic,Job Posting,2025-06-28,Resume Screen,2025-07-01,False,True,False
APP-01006,CAND-1006,JOB-018,LinkedIn Paid,Sponsored Job,2025-06-09,Resume Screen,2025-06-16,False,True,False
APP-01007,CAND-1007,JOB-042,LinkedIn Organic,Job Posting,2024-07-16,Hiring Manager Screen,2024-08-01,False,True,False
APP-01008,CAND-1008,JOB-001,Employee Referral,Internal Referral,2025-05-27,Recruiter Screen,2025-06-05,False,True,False
APP-01009,CAND-1009,JOB-029,LinkedIn Recruiter,InMail Outreach,2025-02-10,Recruiter Screen,2025-02-21,False,True,False
APP-01010,CAND-1010,JOB-026,Indeed,Indeed Apply,2024-02-08,Technical Assessment,2024-02-29,False,True,False
APP-01011,CAND-1011,JOB-009,Other,Unknown,2025-05-31,Resume Screen,2025-06-08,False,True,False
APP-01012,CAND-1012,JOB-031,LinkedIn Organic,Job Posting,06/16/2025,Resume Screen,06/22/2025,False,True,False
APP-01013,CAND-1013,JOB-014,LinkedIn Organic,Job Posting,2024-08-27,Resume Screen,2024-09-03,False,True,False
APP-01014,CAND-1014,JOB-042,Direct Application,Careers Page,2024-07-01,Resume Screen,2024-07-07,False,True,False
APP-01015,CAND-1015,JOB-031,LinkedIn Organic,Job Posting,2025-07-01,Recruiter Screen,2025-07-01,False,True,False
APP-01016,CAND-1016,JOB-016,LinkedIn Organic,Job Posting,2025-06-06,Recruiter Screen,2025-06-20,False,True,False
APP-01017,CAND-1017,JOB-010,Indeed,Indeed Apply,2025-06-30,Hiring Manager Screen,2025-06-30,False,True,False
APP-01018,CAND-1018,JOB-029,LinkedIn Organic,Job Posting,2025-01-18,Final Panel Interview,2025-02-13,False,True,False
APP-01019,CAND-1019,JOB-035,LinkedIn Organic,Job Posting,2025-04-17,Hiring Manager Screen,2025-05-01,False,True,False
APP-01020,CAND-1020,JOB-017,Direct Application,Careers Page,2025-01-18,Technical Assessment,2025-02-10,False,True,False
APP-01021,CAND-1021,JOB-042,LinkedIn Recruiter,InMail Outreach,2024-08-03,Hiring Manager Screen,2024-08-13,False,True,False
APP-01022,CAND-1022,JOB-042,LinkedIn Organic,Job Posting,2024-07-30,Hiring Manager Screen,2024-08-13,False,True,False
APP-01023,CAND-1023,JOB-039,LinkedIn Recruiter,InMail Outreach,2025-07-01,Resume Screen,2025-07-01,False,True,False
APP-01024,CAND-1024,JOB-036,LinkedIn Paid,Sponsored Job,2025-04-23,Resume Screen,2025-05-01,False,True,False
APP-01025,CAND-1025,JOB-028,LinkedIn Recruiter,InMail Outreach,2025-03-31,Resume Screen,2025-04-10,False,True,False
APP-01026,CAND-1026,JOB-037,LinkedIn Recruiter,InMail Outreach,2025-06-18,Resume Screen,2025-06-24,False,True,False
APP-01027,CAND-1027,JOB-043,LinkedIn Recruiter,InMail Outreach,2024-07-30,Recruiter Screen,2024-08-08,False,True,False
APP-01028,CAND-1028,JOB-020,LinkedIn Recruiter,InMail Outreach,2024-02-25,Technical Assessment,2024-03-24,False,True,False
APP-01029,CAND-1029,JOB-004,Employee Referral,Internal Referral,2024-04-01,Hiring Manager Screen,2024-04-13,False,True,False
APP-01030,CAND-1030,JOB-041,Other,Unknown,2025-06-14,Hiring Manager Screen,2025-06-28,False,True,False
APP-01031,CAND-1031,JOB-002,Direct Application,Careers Page,2025-06-19,Resume Screen,2025-06-26,False,True,False
APP-01032,CAND-1032,JOB-020,Glassdoor,Glassdoor Apply,2024-01-18,Recruiter Screen,2024-01-30,False,True,False
APP-01033,CAND-1033,JOB-016,Recruitment Agency,Agency Submission,2025-06-28,Recruiter Screen,2025-06-30,False,True,False
APP-01034,CAND-1034,JOB-036,LinkedIn Organic,Job Posting,2025-05-16,Recruiter Screen,2025-05-26,False,True,False
APP-01035,CAND-1035,JOB-032,LinkedIn Organic,Job Posting,2025-06-11,Resume Screen,2025-06-20,False,True,False
APP-01036,CAND-1036,JOB-017,Recruitment Agency,Agency Submission,2024-11-28,Resume Screen,2024-12-04,False,True,False
APP-01037,CAND-1037,JOB-043,LinkedIn Organic,Job Posting,2024-08-19,Recruiter Screen,2024-08-30,False,True,False
APP-01038,CAND-1038,JOB-035,Direct Application,Careers Page,2025-05-11,Resume Screen,2025-05-21,False,True,False
APP-01039,CAND-1039,JOB-040,Glassdoor,Glassdoor Apply,2024-02-29,Resume Screen,2024-03-09,False,True,False
APP-01040,CAND-1040,JOB-015,LinkedIn Organic,Job Posting,2025-06-10,Resume Screen,2025-06-16,False,True,False
APP-01041,CAND-1041,JOB-035,Direct Application,Careers Page,2025-05-17,Recruiter Screen,2025-05-25,False,True,False
APP-01042,CAND-1042,JOB-013,LI Recruiter,InMail Outreach,2025-03-18,Resume Screen,2025-03-22,False,True,False
APP-01043,CAND-1043,JOB-032,LinkedIn Paid,Sponsored Job,2025-06-05,Hiring Manager Screen,2025-06-23,False,True,False
APP-01044,CAND-1044,JOB-038,LinkedIn Organic,Job Posting,2025-02-08,Resume Screen,2025-02-16,False,True,False
APP-01045,CAND-1045,JOB-045,LinkedIn Organic,Job Posting,2024-04-18,Resume Screen,2024-04-22,False,True,False
APP-01046,CAND-1046,JOB-044,Other,Unknown,06/28/2025,Resume Screen,29/06/2025,False,True,False
APP-01047,CAND-1047,JOB-041,Direct Application,Careers Page,2025-06-16,Resume Screen,2025-06-21,False,True,False
APP-01048,CAND-1048,JOB-034,LinkedIn Organic,Job Posting,2025-05-29,Recruiter Screen,2025-06-10,False,True,False
APP-01049,CAND-1049,JOB-008,Glassdoor,Glassdoor Apply,2025-06-08,Resume Screen,2025-06-13,False,True,False
APP-01050,CAND-1050,JOB-036,LinkedIn Organic,Job Posting,2025-05-24,Recruiter Screen,2025-06-01,False,True,False
APP-01051,CAND-1051,JOB-012,Company Website,Careers Page,2025-06-21,Reference Check,2025-07-01,False,True,False
APP-01052,CAND-1052,JOB-001,Direct Application,Careers Page,2025-05-24,Recruiter Screen,2025-06-01,False,True,False
APP-01053,CAND-1053,JOB-013,LinkedIn Sponsored,Sponsored Job,2025-04-21,Hiring Manager Screen,2025-05-07,False,True,False
APP-01054,CAND-1054,JOB-043,LinkedIn Recruiter,InMail Outreach,2024-09-01,Hiring Manager Screen,2024-09-20,False,True,False
APP-01055,CAND-1055,JOB-023,Direct Application,Careers Page,2024-12-02,Technical Assessment,2024-12-23,False,False,True
APP-01056,CAND-1056,JOB-002,Linked In,Job Posting,2025-06-28,Resume Screen,2025-06-28,False,True,False
APP-01057,CAND-1057,JOB-041,Direct Application,Careers Page,2025-06-24,Resume Screen,2025-06-28,False,True,False
APP-01058,CAND-1058,JOB-022,LinkedIn Organic,Job Posting,2025-06-24,Resume Screen,2025-07-01,False,True,False
APP-01059,CAND-1059,JOB-033,Indeed.com,Indeed Apply,2025-06-29,Resume Screen,2025-07-01,False,True,False
APP-01060,CAND-1060,JOB-016,GitHub,GitHub Profile,2025-06-19,Resume Screen,2025-06-28,False,True,False
APP-01061,CAND-1061,JOB-011,LinkedIn Recruiter,InMail Outreach,2025-01-28,Resume Screen,2025-02-05,False,True,False
APP-01062,CAND-1062,JOB-009,LinkedIn Recruiter,InMail Outreach,2025-06-08,Recruiter Screen,2025-06-20,False,True,False
APP-01063,CAND-1063,JOB-032,LinkedIn Paid,Sponsored Job,2025-06-02,Resume Screen,2025-06-11,False,True,False
APP-01064,CAND-1064,JOB-036,Employee Ref,Internal Referral,2025-04-22,Recruiter Screen,2025-05-01,False,True,False
APP-01065,CAND-1065,JOB-038,LinkedIn Organic,Job Posting,2025-02-02,Resume Screen,2025-02-08,False,True,False
APP-01066,CAND-1066,JOB-016,Glassdoor,Glassdoor Apply,2025-06-06,Resume Screen,2025-06-13,False,True,False
APP-01067,CAND-1067,JOB-009,Employee Referral,Internal Referral,2025-06-12,Resume Screen,2025-06-19,False,True,False
APP-01068,CAND-1068,JOB-002,Glassdoor,Glassdoor Apply,2025-06-10,Resume Screen,2025-06-18,False,True,False
APP-01069,CAND-1069,JOB-008,LinkedIn Organic,Job Posting,2025-06-15,Resume Screen,2025-06-24,False,True,False
APP-01070,CAND-1070,JOB-027,LinkedIn Organic,Job Posting,2025-04-24,Hiring Manager Screen,2025-05-13,False,True,False
APP-01071,CAND-1071,JOB-017,Employee Referral,Internal Referral,2024-11-30,Resume Screen,2024-12-09,False,True,False
APP-01072,CAND-1072,JOB-005,Indeed,Indeed Apply,2025-06-28,Technical Assessment,2025-07-01,False,True,False
APP-01073,CAND-1073,JOB-035,Indeed,Indeed Apply,2025-06-07,Hiring Manager Screen,2025-06-24,False,True,False
APP-01074,CAND-1074,JOB-019,Direct Application,Careers Page,2025-06-22,Final Panel Interview,2025-06-29,False,True,False
APP-01075,CAND-1075,JOB-043,Glassdoor,Glassdoor Apply,2024-08-30,Resume Screen,2024-09-06,False,True,False
APP-01076,CAND-1076,JOB-025,LinkedIn Organic,Job Posting,2025-06-18,Technical Assessment,2025-06-30,False,True,False
APP-01077,CAND-1077,JOB-006,University Partnership,Careers Fair,2024-01-22,Recruiter Screen,2024-02-03,False,True,False
APP-01078,CAND-1078,JOB-029,LinkedIn Organic,Job Posting,2025-01-07,Resume Screen,2025-01-17,False,True,False
APP-01079,CAND-1079,JOB-005,Direct Application,Careers Page,30/06/2025,Resume Screen,06/29/2025,False,True,False
APP-01080,CAND-1080,JOB-010,Indeed,Indeed Apply,2025-05-26,Final Panel Interview,2025-06-25,False,True,False
APP-01081,CAND-1081,JOB-045,LinkedIn Organic,Job Posting,2024-04-23,Recruiter Screen,2024-05-02,False,False,True
APP-01082,CAND-1082,JOB-040,LinkedIn Ads,Sponsored Job,2024-01-11,Hiring Manager Screen,2024-02-02,False,True,False
APP-01083,CAND-1083,JOB-038,LinkedIn Paid,Sponsored Job,2025-02-23,Recruiter Screen,2025-03-07,False,True,False
APP-01084,CAND-1084,JOB-040,Recruitment Agency,Agency Submission,2024-02-15,Resume Screen,2024-02-21,False,True,False
APP-01085,CAND-1085,JOB-030,LinkedIn Organic,Job Posting,2024-01-30,Resume Screen,2024-02-07,False,True,False
APP-01086,CAND-1086,JOB-043,Careers Site,Careers Page,2024-08-05,Resume Screen,2024-08-10,False,True,False
APP-01087,CAND-1087,JOB-038,Other,Unknown,2025-01-18,Hiring Manager Screen,2025-02-04,False,True,False
APP-01088,CAND-1088,JOB-044,LinkedIn Organic,Job Posting,28/06/2025,Hiring Manager Screen,28/06/2025,False,False,True
APP-01089,CAND-1089,JOB-038,LinkedIn Organic,Job Posting,2024-12-31,Resume Screen,2025-01-06,False,True,False
APP-01090,CAND-1090,JOB-010,LinkedIn Recruiter,InMail Outreach,2025-06-08,Technical Assessment,2025-06-27,False,True,False
APP-01091,CAND-1091,JOB-007,LinkedIn Recruiter,InMail Outreach,2025-06-10,Resume Screen,2025-06-20,False,True,False
APP-01092,CAND-1092,JOB-010,Indeed,Indeed Apply,2025-06-28,Final Panel Interview,2025-07-01,False,True,False
APP-01093,CAND-1093,JOB-003,Direct Application,Careers Page,2025-06-22,Resume Screen,2025-06-29,False,True,False
APP-01094,CAND-1094,JOB-012,LI Recruiter,InMail Outreach,2025-06-18,Hiring Manager Screen,2025-06-29,False,True,False
APP-01095,CAND-1095,JOB-001,INDEED,Indeed Apply,2025-05-02,Final Panel Interview,2025-06-02,False,True,False
APP-01096,CAND-1096,JOB-015,Linked In,Job Posting,2025-05-31,Resume Screen,2025-06-08,False,True,False
APP-01097,CAND-1097,JOB-034,Indeed,Indeed Apply,2025-04-15,Hiring Manager Screen,2025-05-03,False,True,False
APP-01098,CAND-1098,JOB-031,Employee Referral,Internal Referral,2025-06-18,Resume Screen,2025-06-28,False,True,False
APP-01099,CAND-1099,JOB-017,LinkedIn Paid,Sponsored Job,2024-11-25,Recruiter Screen,2024-12-03,False,True,False
APP-01100,CAND-1100,JOB-010,LinkedIn InMail,InMail Outreach,2025-05-19,Resume Screen,2025-05-25,False,True,False
APP-01101,CAND-1101,JOB-017,LinkedIn Paid,Sponsored Job,2024-11-29,Resume Screen,2024-12-06,False,True,False
APP-01102,CAND-1102,JOB-015,LinkedIn Recruiter,InMail Outreach,2025-06-08,Recruiter Screen,2025-06-17,False,True,False
APP-01103,CAND-1103,JOB-014,LinkedIn Organic,Job Posting,2024-07-22,Final Panel Interview,2024-09-01,False,True,False
APP-01104,CAND-1104,JOB-007,LinkedIn Organic,Job Posting,2025-05-30,Resume Screen,2025-06-06,False,True,False
APP-01105,CAND-1105,JOB-002,Employee Referral,Internal Referral,2025-06-14,Technical Assessment,2025-07-01,False,True,False
APP-01106,CAND-1106,JOB-015,Agency,Agency Submission,2025-06-26,Hiring Manager Screen,2025-06-30,False,True,False
APP-01107,CAND-1107,JOB-022,Employee Referral,Internal Referral,2025-06-10,Resume Screen,2025-06-17,False,True,False
APP-01108,CAND-1108,JOB-029,LinkedIn Recruiter,InMail Outreach,2025-01-24,Final Panel Interview,2025-02-21,False,True,False
APP-01109,CAND-1109,JOB-028,LinkedIn Organic,Job Posting,2025-03-22,Resume Screen,2025-03-30,False,True,False
APP-01110,CAND-1110,JOB-041,LinkedIn Organic,Job Posting,2025-06-28,Recruiter Screen,2025-07-01,False,True,False
APP-01111,CAND-1111,JOB-005,LinkedIn Recruiter,InMail Outreach,2025-06-30,Resume Screen,2025-06-29,False,True,False
APP-01112,CAND-1112,JOB-018,agency,Agency Submission,2025-06-28,Recruiter Screen,2025-06-28,False,False,True
APP-01113,CAND-1113,JOB-025,referral,Internal Referral,2025-06-09,Hiring Manager Screen,2025-06-20,False,True,False
APP-01114,CAND-1114,JOB-002,LinkedIn Organic,Job Posting,2025-06-09,Hiring Manager Screen,2025-06-21,False,True,False
APP-01115,CAND-1115,JOB-020,INDEED,Indeed Apply,2024-02-02,Recruiter Screen,2024-02-15,False,True,False
APP-01116,CAND-1116,JOB-015,Glassdoor,Glassdoor Apply,2025-06-02,Technical Assessment,2025-06-23,False,True,False
APP-01117,CAND-1117,JOB-022,Employee Referral,Internal Referral,2025-06-24,Resume Screen,2025-07-01,False,True,False
APP-01118,CAND-1118,JOB-014,indeed,Indeed Apply,2024-07-03,Resume Screen,2024-07-12,False,True,False
APP-01119,CAND-1119,JOB-015,Employee Referral,Internal Referral,2025-06-10,Resume Screen,2025-06-18,False,True,False
APP-01120,CAND-1120,JOB-038,Employee Referral,Internal Referral,2025-01-15,Hiring Manager Screen,2025-01-26,False,True,False
APP-01121,CAND-1121,JOB-028,Direct Application,Careers Page,2025-03-22,Recruiter Screen,2025-04-02,False,True,False
APP-01122,CAND-1122,JOB-012,LinkedIn Recruiter,InMail Outreach,2025-06-24,Recruiter Screen,2025-07-01,False,True,False
APP-01123,CAND-1123,JOB-019,LinkedIn,Job Posting,2025-06-27,Resume Screen,2025-06-30,False,True,False
APP-01124,CAND-1124,JOB-002,LinkedIn Organic,Job Posting,2025-06-05,Resume Screen,2025-06-11,False,True,False
APP-01125,CAND-1125,JOB-044,LinkedIn Organic,Job Posting,2025-06-30,Hiring Manager Screen,2025-06-28,False,False,True
APP-01126,CAND-1126,JOB-033,Recruitment Agency,Agency Submission,2025-06-30,Resume Screen,2025-07-01,False,True,False
APP-01127,CAND-1127,JOB-005,LinkedIn Recruiter,InMail Outreach,2025-06-20,Technical Assessment,2025-06-30,False,True,False
APP-01128,CAND-1128,JOB-003,LinkedIn Organic,Job Posting,2025-06-04,Recruiter Screen,2025-06-16,False,True,False
APP-01129,CAND-1129,JOB-045,LinkedIn Paid,Sponsored Job,2024-04-23,Recruiter Screen,2024-05-04,False,True,False
APP-01130,CAND-1130,JOB-021,LinkedIn Organic,Job Posting,2024-02-05,Recruiter Screen,2024-02-17,False,True,False
APP-01131,CAND-1131,JOB-035,LinkedIn Recruiter,InMail Outreach,2025-04-14,Resume Screen,2025-04-21,False,True,False
APP-01132,CAND-1132,JOB-006,LinkedIn Organic,Job Posting,2024-01-14,Resume Screen,2024-01-19,False,True,False
APP-01133,CAND-1133,JOB-009,University Partnership,Careers Fair,2025-06-09,Recruiter Screen,2025-06-22,False,True,False
APP-01134,CAND-1134,JOB-035,LinkedIn,Job Posting,2025-04-22,Resume Screen,2025-04-29,False,True,False
APP-01135,CAND-1135,JOB-039,LinkedIn Organic,Job Posting,2025-06-09,Hiring Manager Screen,2025-06-21,False,True,False
APP-01136,CAND-1136,JOB-036,linkedin.com,Job Posting,2025-04-16,Recruiter Screen,2025-04-30,False,True,False
APP-01137,CAND-1137,JOB-014,referral,Internal Referral,2024-07-09,Resume Screen,2024-07-15,False,True,False
APP-01138,CAND-1138,JOB-037,Indeed,Indeed Apply,2025-05-27,Recruiter Screen,2025-06-09,False,True,False
APP-01139,CAND-1139,JOB-019,LinkedIn Paid,Sponsored Job,2025-06-28,Resume Screen,2025-06-28,False,True,False
APP-01140,CAND-1140,JOB-020,LinkedIn Organic,Job Posting,2024-02-19,Hiring Manager Screen,2024-03-08,False,True,False
APP-01141,CAND-1141,JOB-040,LI Recruiter,InMail Outreach,2024-01-26,Hiring Manager Screen,2024-02-07,False,False,True
APP-01142,CAND-1142,JOB-027,LinkedIn Organic,Job Posting,2025-04-24,Resume Screen,2025-05-03,False,True,False
APP-01143,CAND-1143,JOB-027,LinkedIn Organic,Job Posting,2025-05-31,Hiring Manager Screen,2025-06-18,False,False,True
APP-01144,CAND-1144,JOB-034,Other,Unknown,2025-05-04,Recruiter Screen,2025-05-17,False,True,False
APP-01145,CAND-1145,JOB-033,LinkedIn Organic,Job Posting,2025-06-21,Resume Screen,2025-06-25,False,True,False
APP-01146,CAND-1146,JOB-012,Recruitment Agency,Agency Submission,2025-06-20,Resume Screen,2025-06-27,False,True,False
APP-01147,CAND-1147,JOB-037,LinkedIn Paid,Sponsored Job,2025-05-22,Resume Screen,2025-05-29,False,True,False
APP-01148,CAND-1148,JOB-022,LinkedIn Organic,Job Posting,2025-06-11,Resume Screen,2025-06-18,False,True,False
APP-01149,CAND-1149,JOB-010,Direct Application,Careers Page,20/05/2025,Hiring Manager Screen,06/03/2025,False,True,False
APP-01150,CAND-1150,JOB-026,LinkedIn Organic,Job Posting,2024-01-11,Technical Assessment,2024-02-05,False,False,True
APP-01151,CAND-1151,JOB-032,LinkedIn Recruiter,InMail Outreach,2025-06-16,Resume Screen,2025-06-21,False,True,False
APP-01152,CAND-1152,JOB-001,Employee Referral,Internal Referral,2025-04-10,Technical Assessment,2025-04-26,False,False,True
APP-01153,CAND-1153,JOB-022,GitHub Sourcing,GitHub Profile,2025-06-16,Technical Assessment,2025-06-29,False,False,True
APP-01154,CAND-1154,JOB-031,agency,Agency Submission,2025-06-03,Recruiter Screen,2025-06-10,False,True,False
APP-01155,CAND-1155,JOB-023,LinkedIn Recruiter,InMail Outreach,11/18/2024,Resume Screen,11/25/2024,False,True,False
APP-01156,CAND-1156,JOB-037,LinkedIn Organic,Job Posting,2025-04-26,Resume Screen,2025-05-04,False,True,False
APP-01157,CAND-1157,JOB-018,Indeed,Indeed Apply,2025-06-13,Recruiter Screen,2025-06-24,False,True,False
APP-01158,CAND-1158,JOB-038,LI,Job Posting,2025-02-16,Resume Screen,2025-02-21,False,True,False
APP-01159,CAND-1159,JOB-006,Direct Application,Careers Page,2024-01-25,Technical Assessment,2024-02-19,False,True,False
APP-01160,CAND-1160,JOB-036,LinkedIn Paid,Sponsored Job,2025-04-13,Offer,2025-05-10,False,False,True
APP-01161,CAND-1161,JOB-026,LinkedIn Organic,Job Posting,2024-02-28,Resume Screen,2024-03-04,False,True,False
APP-01162,CAND-1162,JOB-021,Linked In,Job Posting,2024-02-22,Resume Screen,2024-02-27,False,True,False
APP-01163,CAND-1163,JOB-045,Recruitment Agency,Agency Submission,2024-05-25,Resume Screen,2024-05-30,False,True,False
APP-01164,CAND-1164,JOB-008,LinkedIn InMail,InMail Outreach,2025-06-05,Resume Screen,2025-06-11,False,True,False
APP-01165,CAND-1165,JOB-043,Other,Unknown,2024-08-21,Resume Screen,2024-08-26,False,True,False
APP-01166,CAND-1166,JOB-016,Employee Referral,Internal Referral,2025-06-06,Final Panel Interview,2025-06-22,False,True,False
APP-01167,CAND-1167,JOB-017,LinkedIn Organic,Job Posting,2024-12-20,Resume Screen,2024-12-28,False,True,False
APP-01168,CAND-1168,JOB-004,Recruitment Agency,Agency Submission,2024-05-01,Recruiter Screen,2024-05-15,False,True,False
APP-01169,CAND-1169,JOB-012,LinkedIn Recruiter,InMail Outreach,2025-06-17,Final Panel Interview,2025-06-29,False,True,False
APP-01170,CAND-1170,JOB-026,LinkedIn Organic,Job Posting,2024-01-30,Final Panel Interview,2024-03-01,False,True,False
APP-01171,CAND-1171,JOB-020,LinkedIn Organic,Job Posting,2024-02-02,Resume Screen,2024-02-08,False,True,False
APP-01172,CAND-1172,JOB-014,LI Recruiter,InMail Outreach,2024-08-01,Final Panel Interview,2024-09-02,False,True,False
APP-01173,CAND-1173,JOB-020,LinkedIn Recruiter,InMail Outreach,2024-03-05,Resume Screen,2024-03-10,False,True,False
APP-01174,CAND-1174,JOB-008,Glassdoor,Glassdoor Apply,2025-06-11,Technical Assessment,2025-06-30,False,False,True
APP-01175,CAND-1175,JOB-041,LinkedIn Organic,Job Posting,2025-06-11,Resume Screen,2025-06-18,False,True,False
APP-01176,CAND-1176,JOB-005,LI Recruiter,InMail Outreach,2025-06-14,Technical Assessment,2025-06-30,False,True,False
APP-01177,CAND-1177,JOB-021,University Partnership,Careers Fair,2024-02-08,Resume Screen,2024-02-15,False,True,False
APP-01178,CAND-1178,JOB-036,Indeed,Indeed Apply,2025-04-23,Resume Screen,2025-05-03,False,True,False
APP-01179,CAND-1179,JOB-029,LinkedIn Organic,Job Posting,2024-12-25,Recruiter Screen,2025-01-03,False,True,False
APP-01180,CAND-1180,JOB-032,Employee Referral,Internal Referral,2025-06-18,Final Panel Interview,2025-07-01,False,True,False
APP-01181,CAND-1181,JOB-042,LinkedIn Organic,Job Posting,2024-06-23,Resume Screen,2024-07-01,False,True,False
APP-01182,CAND-1182,JOB-006,Direct Application,Careers Page,2024-01-21,Final Panel Interview,2024-02-28,False,True,False
APP-01183,CAND-1183,JOB-030,LinkedIn Organic,Job Posting,01/26/2024,Recruiter Screen,01/02/2024,False,True,False
APP-01184,CAND-1184,JOB-040,Employee Referral,Internal Referral,2024-02-21,Hiring Manager Screen,2024-03-03,False,True,False
APP-01185,CAND-1185,JOB-022,LinkedIn Organic,Job Posting,2025-06-29,Technical Assessment,2025-06-29,False,False,True
APP-01186,CAND-1186,JOB-001,Direct Application,Careers Page,2025-05-13,Recruiter Screen,2025-05-26,False,True,False
APP-01187,CAND-1187,JOB-021,Indeed,Indeed Apply,2024-02-28,Resume Screen,2024-03-06,False,True,False
APP-01188,CAND-1188,JOB-001,Direct Application,Careers Page,2025-05-04,Resume Screen,2025-05-13,False,True,False
APP-01189,CAND-1189,JOB-041,LinkedIn Recruiter,InMail Outreach,2025-06-26,Hiring Manager Screen,2025-06-29,False,True,False
APP-01190,CAND-1190,JOB-026,Glassdoor,Glassdoor Apply,2024-03-01,Resume Screen,2024-03-06,False,True,False
APP-01191,CAND-1191,JOB-036,Indeed,Indeed Apply,2025-04-14,Resume Screen,2025-04-18,False,True,False
APP-01192,CAND-1192,JOB-010,LinkedIn Paid,Sponsored Job,2025-05-28,Technical Assessment,2025-06-24,False,False,True
APP-01193,CAND-1193,JOB-023,LinkedIn Organic,Job Posting,2024-10-09,Technical Assessment,2024-10-31,False,False,True
APP-01194,CAND-1194,JOB-001,LinkedIn Recruiter,InMail Outreach,2025-06-01,Recruiter Screen,2025-06-08,False,True,False
APP-01195,CAND-1195,JOB-028,LinkedIn Paid,Sponsored Job,2025-03-11,Recruiter Screen,2025-03-24,False,True,False
APP-01196,CAND-1196,JOB-044,LinkedIn Organic,Job Posting,2025-06-20,Recruiter Screen,2025-07-01,False,True,False
APP-01197,CAND-1197,JOB-019,linkedin,Job Posting,2025-06-23,Resume Screen,2025-07-01,False,True,False
APP-01198,CAND-1198,JOB-027,Direct Application,Careers Page,2025-05-06,Resume Screen,2025-05-12,False,True,False
APP-01199,CAND-1199,JOB-012,LI Recruiter,InMail Outreach,2025-06-27,Recruiter Screen,2025-06-29,False,True,False
APP-01200,CAND-1200,JOB-006,LinkedIn Paid,Sponsored Job,2024-03-06,Resume Screen,2024-03-13,False,True,False
APP-01201,CAND-1201,JOB-041,Other,Unknown,2025-06-02,Hiring Manager Screen,2025-06-19,False,False,True
APP-01202,CAND-1202,JOB-030,LinkedIn Organic,Job Posting,2024-02-15,Resume Screen,2024-02-24,False,True,False
APP-01203,CAND-1203,JOB-027,Other,Unknown,2025-05-22,Recruiter Screen,2025-06-02,False,True,False
APP-01204,CAND-1204,JOB-004,LI,Job Posting,2024-04-05,Resume Screen,2024-04-10,False,True,False
APP-01205,CAND-1205,JOB-038,Direct Application,Careers Page,2025-01-12,Resume Screen,2025-01-19,False,True,False
APP-01206,CAND-1206,JOB-039,LinkedIn Organic,Job Posting,2025-06-05,Resume Screen,2025-06-09,False,True,False
APP-01207,CAND-1207,JOB-005,LinkedIn Recruiter,InMail Outreach,2025-06-29,Hiring Manager Screen,2025-07-01,False,True,False
APP-01208,CAND-1208,JOB-033,LinkedIn Organic,Job Posting,02/06/2025,Recruiter Screen,06/10/2025,False,True,False
APP-01209,CAND-1209,JOB-027,Indeed.com,Indeed Apply,2025-06-07,Resume Screen,2025-06-16,False,True,False
APP-01210,CAND-1210,JOB-006,LI,Job Posting,2024-01-28,Resume Screen,2024-02-04,False,True,False
APP-01211,CAND-1211,JOB-034,Direct Application,Careers Page,2025-05-21,Resume Screen,2025-05-29,False,True,False
APP-01212,CAND-1212,JOB-029,LinkedIn Organic,Job Posting,2025-01-31,Hiring Manager Screen,2025-02-18,False,True,False
APP-01213,CAND-1213,JOB-001,LinkedIn Organic,Job Posting,2025-04-24,Recruiter Screen,2025-05-03,False,True,False
APP-01214,CAND-1214,JOB-030,LinkedIn Recruiter,InMail Outreach,2024-01-06,Recruiter Screen,2024-01-16,False,True,False
APP-01215,CAND-1215,JOB-022,LinkedIn Recruiter,InMail Outreach,2025-06-27,Resume Screen,2025-06-29,False,True,False
APP-01216,CAND-1216,JOB-038,LinkedIn Organic,Job Posting,2025-02-10,Recruiter Screen,2025-02-22,False,True,False
APP-01217,CAND-1217,JOB-042,LinkedIn Organic,Job Posting,2024-07-15,Recruiter Screen,2024-07-31,False,True,False
APP-01218,CAND-1218,JOB-024,linkedin.com,Job Posting,2025-02-19,Resume Screen,2025-02-26,False,True,False
APP-01219,CAND-1219,JOB-009,Recruitment Agency,Agency Submission,2025-05-17,Technical Assessment,2025-06-10,False,False,True
APP-01220,CAND-1220,JOB-001,Glassdoor,Glassdoor Apply,2025-04-27,Resume Screen,2025-05-06,False,True,False
APP-01221,CAND-1221,JOB-043,LinkedIn Organic,Job Posting,2024-07-29,Hiring Manager Screen,2024-08-20,False,True,False
APP-01222,CAND-1222,JOB-033,Glassdoor,Glassdoor Apply,2025-06-11,Resume Screen,2025-06-18,False,True,False
APP-01223,CAND-1223,JOB-045,Other,Unknown,2024-05-13,Resume Screen,2024-05-17,False,True,False
APP-01224,CAND-1224,JOB-030,LinkedIn Recruiter,InMail Outreach,2024-01-13,Resume Screen,2024-01-17,False,True,False
APP-01225,CAND-1225,JOB-044,LinkedIn,Job Posting,2025-06-14,Recruiter Screen,2025-06-22,False,True,False
APP-01226,CAND-1226,JOB-039,Careers Site,Careers Page,2025-06-19,Hiring Manager Screen,2025-06-28,False,True,False
APP-01227,CAND-1227,JOB-026,Employee Referral,Internal Referral,2024-02-25,Hiring Manager Screen,2024-03-08,False,True,False
APP-01228,CAND-1228,JOB-040,Direct Application,Careers Page,2024-02-24,Resume Screen,2024-03-03,False,True,False
APP-01229,CAND-1229,JOB-031,LinkedIn Organic,Job Posting,2025-06-08,Final Panel Interview,2025-06-30,False,True,False
APP-01230,CAND-1230,JOB-004,Employee Referral,Internal Referral,2024-03-23,Resume Screen,2024-03-29,False,True,False
APP-01231,CAND-1231,JOB-028,Employee Referral,Internal Referral,2025-03-23,Hiring Manager Screen,2025-04-07,False,True,False
APP-01232,CAND-1232,JOB-004,LinkedIn Organic,Job Posting,2024-04-17,Resume Screen,2024-04-23,False,True,False
APP-01233,CAND-1233,JOB-016,LinkedIn Recruiter,InMail Outreach,2025-06-13,Hiring Manager Screen,2025-06-28,False,True,False
APP-01234,CAND-1234,JOB-039,Direct,Careers Page,2025-06-29,Recruiter Screen,2025-07-01,False,True,False
APP-01235,CAND-1235,JOB-012,glassdoor,Glassdoor Apply,2025-06-19,Recruiter Screen,2025-06-26,False,True,False
APP-01236,CAND-1236,JOB-006,Direct Application,Careers Page,2024-02-23,Technical Assessment,2024-03-14,False,False,True
APP-01237,CAND-1237,JOB-045,Glassdoor,Glassdoor Apply,2024-05-01,Resume Screen,2024-05-08,False,True,False
APP-01238,CAND-1238,JOB-011,LinkedIn Organic,Job Posting,2025-01-11,Technical Interview,2025-02-07,False,True,False
APP-01239,CAND-1239,JOB-038,Glassdoor,Glassdoor Apply,2024-12-29,Resume Screen,2025-01-02,False,True,False
APP-01240,CAND-1240,JOB-024,LinkedIn Organic,Job Posting,2025-03-17,Resume Screen,2025-03-22,False,True,False
APP-01241,CAND-1241,JOB-015,Direct Application,Careers Page,2025-06-08,Resume Screen,2025-06-13,False,True,False
APP-01242,CAND-1242,JOB-027,LinkedIn Organic,Job Posting,2025-05-25,Final Panel Interview,2025-06-17,False,True,False
APP-01243,CAND-1243,JOB-028,LinkedIn Organic,Job Posting,2025-03-16,Recruiter Screen,2025-04-01,False,True,False
APP-01244,CAND-1244,JOB-020,LinkedIn Recruiter,InMail Outreach,2024-01-31,Reference Check,2024-03-05,False,True,False
APP-01245,CAND-1245,JOB-035,LinkedIn Organic,Job Posting,2025-05-12,Resume Screen,2025-05-22,False,True,False
APP-01246,CAND-1246,JOB-009,referral,Internal Referral,2025-05-14,Resume Screen,2025-05-20,False,True,False
APP-01247,CAND-1247,JOB-007,Glassdoor,Glassdoor Apply,06/14/2025,Resume Screen,06/22/2025,False,True,False
APP-01248,CAND-1248,JOB-030,Indeed,Indeed Apply,2024-01-19,Hiring Manager Screen,2024-02-04,False,True,False
APP-01249,CAND-1249,JOB-001,Direct Application,Careers Page,2025-04-10,Technical Assessment,2025-05-05,False,False,True
APP-01250,CAND-1250,JOB-011,Recruitment Agency,Agency Submission,2024-12-09,Hiring Manager Screen,2024-12-26,False,True,False
APP-01251,CAND-1251,JOB-034,LinkedIn Organic,Job Posting,2025-05-28,Resume Screen,2025-06-05,False,True,False
APP-01252,CAND-1252,JOB-008,GitHub Sourcing,GitHub Profile,2025-06-16,Resume Screen,2025-06-20,False,True,False
APP-01253,CAND-1253,JOB-033,Indeed,Indeed Apply,2025-06-22,Final Panel Interview,2025-06-28,False,True,False
APP-01254,CAND-1254,JOB-043,LinkedIn Paid,Sponsored Job,2024-08-15,Resume Screen,2024-08-23,False,True,False
APP-01255,CAND-1255,JOB-014,LinkedIn Recruiter,InMail Outreach,2024-08-13,Hiring Manager Screen,2024-08-29,False,True,False
APP-01256,CAND-1256,JOB-034,Indeed,Indeed Apply,2025-05-27,Resume Screen,2025-06-05,False,True,False
APP-01257,CAND-1257,JOB-012,LinkedIn Recruiter,InMail Outreach,2025-06-30,Technical Assessment,2025-07-01,False,True,False
APP-01258,CAND-1258,JOB-014,LinkedIn Recruiter,InMail Outreach,2024-07-27,Offer,2024-09-19,False,False,True
APP-01259,CAND-1259,JOB-020,LinkedIn Organic,Job Posting,2024-02-23,Hiring Manager Screen,2024-03-05,False,True,False
APP-01260,CAND-1260,JOB-003,Direct Application,Careers Page,2025-06-21,Hiring Manager Screen,2025-06-29,False,True,False
APP-01261,CAND-1261,JOB-010,LinkedIn Recruiter,InMail Outreach,2025-06-04,Hiring Manager Screen,2025-06-23,False,True,False
APP-01262,CAND-1262,JOB-009,LI,Job Posting,2025-05-23,Resume Screen,2025-06-02,False,True,False
APP-01263,CAND-1263,JOB-028,Direct Application,Careers Page,2025-03-20,Resume Screen,2025-03-29,False,True,False
APP-01264,CAND-1264,JOB-043,indeed,Indeed Apply,2024-08-30,Hiring Manager Screen,2024-09-15,False,True,False
APP-01265,CAND-1265,JOB-023,LinkedIn Organic,Job Posting,2024-10-18,Resume Screen,2024-10-26,False,True,False
APP-01266,CAND-1266,JOB-016,Other,Unknown,2025-06-10,Resume Screen,2025-06-15,False,True,False
APP-01267,CAND-1267,JOB-014,Glassdoor.com,Glassdoor Apply,2024-08-07,Final Panel Interview,2024-09-20,False,True,False
APP-01268,CAND-1268,JOB-027,LinkedIn Paid,Sponsored Job,2025-05-18,Hiring Manager Screen,2025-06-03,False,True,False
APP-01269,CAND-1269,JOB-022,LinkedIn Recruiter,InMail Outreach,2025-06-23,Recruiter Screen,2025-06-28,False,True,False
APP-01270,CAND-1270,JOB-043,LinkedIn,Job Posting,2024-09-17,Resume Screen,2024-09-26,False,True,False
APP-01271,CAND-1271,JOB-034,LinkedIn Recruiter,InMail Outreach,2025-04-18,Resume Screen,2025-04-26,False,True,False
APP-01272,CAND-1272,JOB-045,LinkedIn Recruiter,InMail Outreach,2024-04-22,Hiring Manager Screen,2024-05-07,False,True,False
APP-01273,CAND-1273,JOB-002,Employee Referral,Internal Referral,2025-06-15,Resume Screen,2025-06-19,False,True,False
APP-01274,CAND-1274,JOB-031,LinkedIn Organic,Job Posting,2025-06-07,Resume Screen,2025-06-12,False,True,False
APP-01275,CAND-1275,JOB-045,LinkedIn Recruiter,InMail Outreach,2024-04-18,Resume Screen,2024-04-23,False,True,False
APP-01276,CAND-1276,JOB-004,Employee Referral,Internal Referral,2024-04-03,Resume Screen,2024-04-10,False,True,False
APP-01277,CAND-1277,JOB-007,Glassdoor,Glassdoor Apply,2025-05-30,Hiring Manager Screen,2025-06-13,False,True,False
APP-01278,CAND-1278,JOB-025,Linked In,Job Posting,2025-06-21,Recruiter Screen,2025-06-29,False,True,False
APP-01279,CAND-1279,JOB-002,LinkedIn Paid,Sponsored Job,2025-06-13,Resume Screen,2025-06-22,False,True,False
APP-01280,CAND-1280,JOB-005,Employee Referral,Internal Referral,2025-06-21,Resume Screen,2025-06-27,False,True,False
APP-01281,CAND-1281,JOB-005,LinkedIn Organic,Job Posting,04/06/2025,Hiring Manager Screen,06/21/2025,False,True,False
APP-01282,CAND-1282,JOB-036,indeed,Indeed Apply,2025-04-20,Hiring Manager Screen,2025-05-10,False,True,False
APP-01283,CAND-1283,JOB-044,LinkedIn Organic,Job Posting,2025-06-11,Recruiter Screen,2025-06-19,False,True,False
APP-01284,CAND-1284,JOB-012,LinkedIn Recruiter,InMail Outreach,2025-06-16,Resume Screen,2025-06-20,False,True,False
APP-01285,CAND-1285,JOB-004,LinkedIn Organic,Job Posting,2024-03-31,Technical Assessment,2024-04-26,False,True,False
APP-01286,CAND-1286,JOB-028,Direct Application,Careers Page,2025-03-11,Hiring Manager Screen,2025-03-25,False,True,False
APP-01287,CAND-1287,JOB-041,LinkedIn Recruiter,InMail Outreach,2025-06-28,Hiring Manager Screen,2025-06-28,False,True,False
APP-01288,CAND-1288,JOB-033,LinkedIn Organic,Job Posting,2025-06-03,Recruiter Screen,2025-06-11,False,True,False
APP-01289,CAND-1289,JOB-003,LinkedIn,Job Posting,2025-06-24,Recruiter Screen,2025-06-28,False,True,False
APP-01290,CAND-1290,JOB-019,LinkedIn Organic,Job Posting,2025-06-21,Recruiter Screen,2025-06-30,False,True,False
APP-01291,CAND-1291,JOB-042,Direct Application,Careers Page,2024-07-04,Resume Screen,2024-07-11,False,True,False
APP-01292,CAND-1292,JOB-019,LinkedIn Recruiter,InMail Outreach,2025-06-01,Resume Screen,2025-06-11,False,True,False
APP-01293,CAND-1293,JOB-026,LinkedIn Recruiter,InMail Outreach,2024-01-11,Resume Screen,2024-01-18,False,True,False
APP-01294,CAND-1294,JOB-017,Glassdoor,Glassdoor Apply,2024-11-30,Hiring Manager Screen,2024-12-14,False,True,False
APP-01295,CAND-1295,JOB-010,Employee Referral,Internal Referral,2025-05-20,Hiring Manager Screen,2025-05-29,False,True,False
APP-01296,CAND-1296,JOB-038,Glassdoor,Glassdoor Apply,2025-02-18,Resume Screen,2025-02-26,False,True,False
APP-01297,CAND-1297,JOB-006,Direct Application,Careers Page,2024-01-21,Resume Screen,2024-01-28,False,True,False
APP-01298,CAND-1298,JOB-040,Linked In,Job Posting,2024-02-12,Recruiter Screen,2024-02-27,False,True,False
APP-01299,CAND-1299,JOB-043,LinkedIn Recruiter,InMail Outreach,2024-07-24,Recruiter Screen,2024-08-06,False,True,False
APP-01300,CAND-1300,JOB-029,LinkedIn Organic,Job Posting,2025-01-20,Resume Screen,2025-01-27,False,True,False
APP-01301,CAND-1301,JOB-033,Indeed,Indeed Apply,2025-06-16,Resume Screen,2025-06-20,False,True,False
APP-01302,CAND-1302,JOB-019,Glassdoor,Glassdoor Apply,2025-06-27,Technical Assessment,2025-06-28,False,True,False
APP-01303,CAND-1303,JOB-040,LinkedIn Organic,Job Posting,2024-01-10,Recruiter Screen,2024-01-19,False,False,True
APP-01304,CAND-1304,JOB-013,LinkedIn Paid,Sponsored Job,2025-03-03,Resume Screen,2025-03-10,False,True,False
APP-01305,CAND-1305,JOB-010,Linked In,Job Posting,2025-06-09,Offer,2025-06-28,False,False,True
APP-01306,CAND-1306,JOB-005,LinkedIn InMail,InMail Outreach,2025-06-10,Technical Assessment,2025-06-30,False,True,False
APP-01307,CAND-1307,JOB-008,University Partnership,Careers Fair,2025-06-09,Hiring Manager Screen,2025-06-27,False,True,False
APP-01308,CAND-1308,JOB-019,Recruitment Agency,Agency Submission,2025-06-25,Resume Screen,2025-06-29,False,True,False
APP-01309,CAND-1309,JOB-012,LinkedIn Organic,Job Posting,2025-06-14,Offer,2025-06-30,False,False,True
APP-01310,CAND-1310,JOB-024,LinkedIn Recruiter,InMail Outreach,2025-03-18,Technical Assessment,2025-04-07,False,False,True
APP-01311,CAND-1311,JOB-036,Indeed.com,Indeed Apply,2025-04-07,Recruiter Screen,2025-04-17,False,True,False
APP-01312,CAND-1312,JOB-007,LinkedIn Organic,Job Posting,2025-06-29,Final Panel Interview,2025-06-29,False,True,False
APP-01313,CAND-1313,JOB-011,linkedin.com,Job Posting,01/24/2025,Resume Screen,01/30/2025,False,True,False
APP-01314,CAND-1314,JOB-004,Indeed,Indeed Apply,2024-05-03,Resume Screen,2024-05-09,False,True,False
APP-01315,CAND-1315,JOB-006,Indeed,Indeed Apply,2024-02-06,Resume Screen,2024-02-13,False,True,False
APP-01316,CAND-1316,JOB-039,Indeed,Indeed Apply,2025-06-23,Resume Screen,2025-07-01,False,True,False
APP-01317,CAND-1317,JOB-036,LinkedIn Recruiter,InMail Outreach,2025-04-25,Recruiter Screen,2025-05-05,False,True,False
APP-01318,CAND-1318,JOB-022,LinkedIn,Job Posting,2025-06-11,Final Panel Interview,2025-06-28,False,True,False
APP-01319,CAND-1319,JOB-005,LinkedIn Recruiter,InMail Outreach,2025-06-11,Resume Screen,2025-06-20,False,True,False
APP-01320,CAND-1320,JOB-020,LinkedIn Paid,Sponsored Job,2024-02-12,Technical Assessment,2024-03-09,False,False,True
APP-01321,CAND-1321,JOB-008,LinkedIn Organic,Job Posting,2025-06-22,Technical Assessment,2025-06-30,False,True,False
APP-01322,CAND-1322,JOB-042,LinkedIn Organic,Job Posting,2024-07-17,Hiring Manager Screen,2024-08-05,False,True,False
APP-01323,CAND-1323,JOB-045,Employee Referral,Internal Referral,2024-05-21,Resume Screen,2024-05-26,False,True,False
APP-01324,CAND-1324,JOB-020,LinkedIn Organic,Job Posting,2024-02-17,Recruiter Screen,2024-02-25,False,True,False
APP-01325,CAND-1325,JOB-036,Recruitment Agency,Agency Submission,2025-05-05,Resume Screen,2025-05-12,False,True,False
APP-01326,CAND-1326,JOB-019,Glassdoor,Glassdoor Apply,2025-06-29,Resume Screen,2025-06-30,False,True,False
APP-01327,CAND-1327,JOB-042,LinkedIn Recruiter,InMail Outreach,2024-07-11,Hiring Manager Screen,2024-07-28,False,True,False
APP-01328,CAND-1328,JOB-039,Referral,Internal Referral,2025-06-26,Resume Screen,2025-06-30,False,True,False
APP-01329,CAND-1329,JOB-020,LinkedIn Organic,Job Posting,2024-02-29,Hiring Manager Screen,2024-03-19,False,True,False
APP-01330,CAND-1330,JOB-034,LinkedIn Recruiter,InMail Outreach,2025-04-30,Hiring Manager Screen,2025-05-14,False,True,False
APP-01331,CAND-1331,JOB-030,Glassdoor,Glassdoor Apply,2024-02-22,Recruiter Screen,2024-03-05,False,True,False
APP-01332,CAND-1332,JOB-039,Employee Referral,Internal Referral,2025-07-01,Resume Screen,2025-06-29,False,True,False
APP-01333,CAND-1333,JOB-043,LinkedIn Recruiter,InMail Outreach,2024-09-19,Resume Screen,2024-09-29,False,True,False
APP-01334,CAND-1334,JOB-032,LinkedIn Ads,Sponsored Job,2025-06-28,Recruiter Screen,2025-06-29,False,True,False
APP-01335,CAND-1335,JOB-045,LI Recruiter,InMail Outreach,30/04/2024,Resume Screen,08/05/2024,False,True,False
APP-01336,CAND-1336,JOB-020,LinkedIn Paid,Sponsored Job,2024-01-18,Recruiter Screen,2024-01-27,False,True,False
APP-01337,CAND-1337,JOB-016,indeed,Indeed Apply,2025-06-04,Resume Screen,2025-06-11,False,True,False
APP-01338,CAND-1338,JOB-017,Employee Referral,Internal Referral,2025-01-02,Final Panel Interview,2025-01-21,False,True,False
APP-01339,CAND-1339,JOB-033,LinkedIn,Job Posting,2025-06-10,Resume Screen,2025-06-20,False,True,False
APP-01340,CAND-1340,JOB-042,LinkedIn InMail,InMail Outreach,2024-06-19,Hiring Manager Screen,2024-07-03,False,False,True
APP-01341,CAND-1341,JOB-034,Direct Application,Careers Page,2025-04-28,Final Panel Interview,2025-05-21,False,True,False
APP-01342,CAND-1342,JOB-010,GitHub Sourcing,GitHub Profile,2025-06-10,Technical Assessment,2025-06-30,False,True,False
APP-01343,CAND-1343,JOB-005,github,GitHub Profile,2025-06-10,Technical Assessment,2025-06-29,False,True,False
APP-01344,CAND-1344,JOB-003,linkedin,Job Posting,2025-06-16,Technical Assessment,2025-06-28,False,True,False
APP-01345,CAND-1345,JOB-041,Indeed,Indeed Apply,2025-06-08,Resume Screen,2025-06-15,False,True,False
APP-01346,CAND-1346,JOB-024,LinkedIn Paid,Sponsored Job,2025-01-22,Final Panel Interview,2025-02-18,False,True,False
APP-01347,CAND-1347,JOB-034,Employee Referral,Internal Referral,2025-05-16,Resume Screen,2025-05-23,False,True,False
APP-01348,CAND-1348,JOB-007,LinkedIn InMail,InMail Outreach,2025-06-30,Recruiter Screen,2025-06-29,False,True,False
APP-01349,CAND-1349,JOB-025,LinkedIn Recruiter,InMail Outreach,2025-06-12,Recruiter Screen,2025-06-23,False,True,False
APP-01350,CAND-1350,JOB-020,Glassdoor,Glassdoor Apply,2024-02-20,Technical Assessment,2024-03-12,False,False,True
APP-01351,CAND-1351,JOB-038,Other,Unknown,2024-12-31,Resume Screen,2025-01-07,False,True,False
APP-01352,CAND-1352,JOB-040,Direct Application,Careers Page,2024-01-02,Resume Screen,2024-01-08,False,True,False
APP-01353,CAND-1353,JOB-008,LinkedIn InMail,InMail Outreach,2025-06-14,Offer,2025-07-01,False,False,True
APP-01354,CAND-1354,JOB-015,LinkedIn Organic,Job Posting,2025-06-20,Recruiter Screen,2025-06-30,False,True,False
APP-01355,CAND-1355,JOB-015,LinkedIn Recruiter,InMail Outreach,2025-06-08,Hiring Manager Screen,2025-06-22,False,True,False
APP-01356,CAND-1356,JOB-030,LinkedIn Organic,Job Posting,05/02/2024,Hiring Manager Screen,02/24/2024,False,True,False
APP-01357,CAND-1357,JOB-030,Indeed,Indeed Apply,2024-02-04,Hiring Manager Screen,2024-02-14,False,True,False
APP-01358,CAND-1358,JOB-030,Direct Application,Careers Page,2024-02-04,Resume Screen,2024-02-11,False,True,False
APP-01359,CAND-1359,JOB-039,LinkedIn Recruiter,InMail Outreach,2025-06-10,Hiring Manager Screen,2025-06-29,False,True,False
APP-01360,CAND-1360,JOB-037,LinkedIn Organic,Job Posting,2025-05-22,Recruiter Screen,2025-06-01,False,True,False
APP-01361,CAND-1361,JOB-035,Other,Unknown,2025-06-01,Hiring Manager Screen,2025-06-19,False,True,False
APP-01362,CAND-1362,JOB-012,LinkedIn Organic,Job Posting,2025-06-13,Resume Screen,2025-06-21,False,True,False
APP-01363,CAND-1363,JOB-032,Direct Application,Careers Page,2025-06-28,Final Panel Interview,2025-06-30,False,True,False
APP-01364,CAND-1364,JOB-012,Glassdoor,Glassdoor Apply,2025-06-18,Final Panel Interview,2025-07-01,False,True,False
APP-01365,CAND-1365,JOB-042,LinkedIn Organic,Job Posting,2024-07-26,Recruiter Screen,2024-08-06,False,True,False
APP-01366,CAND-1366,JOB-011,LinkedIn,Job Posting,2024-12-31,Hiring Manager Screen,2025-01-18,False,True,False
APP-01367,CAND-1367,JOB-003,LinkedIn Recruiter,InMail Outreach,2025-06-26,Resume Screen,2025-07-01,False,True,False
APP-01368,CAND-1368,JOB-033,LinkedIn Paid,Sponsored Job,2025-06-14,Hiring Manager Screen,2025-06-29,False,True,False
APP-01369,CAND-1369,JOB-039,Recruitment Agency,Agency Submission,2025-06-18,Resume Screen,2025-06-27,False,True,False
APP-01370,CAND-1370,JOB-037,LinkedIn Organic,Job Posting,2025-05-06,Resume Screen,2025-05-10,False,True,False
APP-01371,CAND-1371,JOB-037,Recruitment Agency,Agency Submission,2025-05-18,Hiring Manager Screen,2025-06-06,False,True,False
APP-01372,CAND-1372,JOB-033,Employee Referral,Internal Referral,2025-06-23,Hiring Manager Screen,2025-06-29,False,True,False
APP-01373,CAND-1373,JOB-034,referral,Internal Referral,2025-05-01,Resume Screen,2025-05-06,False,True,False
APP-01374,CAND-1374,JOB-028,LinkedIn Recruiter,InMail Outreach,2025-03-29,Hiring Manager Screen,2025-04-15,False,True,False
APP-01375,CAND-1375,JOB-017,Referral,Internal Referral,2024-12-30,Recruiter Screen,2025-01-04,False,True,False
APP-01376,CAND-1376,JOB-029,LinkedIn Organic,Job Posting,2025-01-25,Hiring Manager Screen,2025-02-09,False,False,True
APP-01377,CAND-1377,JOB-001,LI,Job Posting,2025-05-24,Resume Screen,2025-05-30,False,True,False
APP-01378,CAND-1378,JOB-030,Direct Application,Careers Page,2024-02-12,Hiring Manager Screen,2024-03-03,False,True,False
APP-01379,CAND-1379,JOB-025,Employee Ref,Internal Referral,2025-06-22,Recruiter Screen,2025-07-01,False,True,False
APP-01380,CAND-1380,JOB-029,Direct Application,Careers Page,2024-12-30,Recruiter Screen,2025-01-10,False,True,False
APP-01381,CAND-1381,JOB-013,LinkedIn Organic,Job Posting,2025-02-24,Hiring Manager Screen,2025-03-11,False,True,False
APP-01382,CAND-1382,JOB-019,LinkedIn Organic,Job Posting,2025-06-28,Technical Assessment,2025-06-28,False,False,True
APP-01383,CAND-1383,JOB-035,Employee Referral,Internal Referral,2025-06-05,Recruiter Screen,2025-06-13,False,True,False
APP-01384,CAND-1384,JOB-016,LinkedIn Recruiter,InMail Outreach,2025-06-08,Resume Screen,2025-06-16,False,True,False
APP-01385,CAND-1385,JOB-032,indeed,Indeed Apply,2025-07-01,Final Panel Interview,2025-06-28,False,True,False
APP-01386,CAND-1386,JOB-029,Employee Referral,Internal Referral,2025-02-07,Hiring Manager Screen,2025-02-21,False,True,False
APP-01387,CAND-1387,JOB-017,Direct Application,Careers Page,2025-01-05,Technical Assessment,2025-01-31,False,True,False
APP-01388,CAND-1388,JOB-022,Recruitment Agency,Agency Submission,2025-06-26,Technical Assessment,2025-07-01,False,False,True
APP-01389,CAND-1389,JOB-032,LinkedIn Organic,Job Posting,2025-06-08,Recruiter Screen,2025-06-18,False,True,False
APP-01390,CAND-1390,JOB-014,LinkedIn Organic,Job Posting,22/07/2024,Resume Screen,08/01/2024,False,True,False
APP-01391,CAND-1391,JOB-011,LinkedIn Recruiter,InMail Outreach,2025-01-31,Technical Assessment,2025-02-24,False,True,False
APP-01392,CAND-1392,JOB-015,LinkedIn Recruiter,InMail Outreach,2025-06-03,Recruiter Screen,2025-06-13,False,True,False
APP-01393,CAND-1393,JOB-038,LinkedIn Paid,Sponsored Job,2025-01-04,Recruiter Screen,2025-01-16,False,True,False
APP-01394,CAND-1394,JOB-039,LinkedIn Recruiter,InMail Outreach,2025-06-09,Recruiter Screen,2025-06-19,False,True,False
APP-01395,CAND-1395,JOB-042,LinkedIn,Job Posting,2024-07-27,Resume Screen,2024-08-01,False,True,False
APP-01396,CAND-1396,JOB-025,Direct Application,Careers Page,2025-07-01,Recruiter Screen,2025-07-01,False,True,False
APP-01397,CAND-1397,JOB-028,Other,Unknown,2025-03-18,Recruiter Screen,2025-04-01,False,True,False
APP-01398,CAND-1398,JOB-011,Direct,Careers Page,2025-01-15,Resume Screen,2025-01-21,False,True,False
APP-01399,CAND-1399,JOB-014,Employee Referral,Internal Referral,2024-08-17,Final Panel Interview,2024-09-14,False,True,False
APP-01400,CAND-1400,JOB-022,Linked In,Job Posting,2025-06-25,Resume Screen,2025-06-30,False,True,False
APP-01401,CAND-1401,JOB-002,Glassdoor,Glassdoor Apply,2025-06-16,Final Panel Interview,2025-06-28,False,True,False
APP-01402,CAND-1402,JOB-018,Direct Application,Careers Page,2025-06-17,Recruiter Screen,2025-06-24,False,True,False
APP-01403,CAND-1403,JOB-019,Direct Application,Careers Page,2025-06-12,Recruiter Screen,2025-06-23,False,True,False
APP-01404,CAND-1404,JOB-039,LinkedIn Organic,Job Posting,2025-06-19,Resume Screen,2025-06-23,False,True,False
APP-01405,CAND-1405,JOB-026,LinkedIn Recruiter,InMail Outreach,2024-01-16,Resume Screen,2024-01-24,False,True,False
APP-01406,CAND-1406,JOB-019,LinkedIn Recruiter,InMail Outreach,2025-06-09,Technical Assessment,2025-07-01,False,False,True
APP-01407,CAND-1407,JOB-029,Indeed.com,Indeed Apply,2025-01-18,Resume Screen,2025-01-27,False,True,False
APP-01408,CAND-1408,JOB-013,Indeed,Indeed Apply,2025-04-13,Hiring Manager Screen,2025-04-30,False,True,False
APP-01409,CAND-1409,JOB-016,Employee Referral,Internal Referral,2025-06-15,Resume Screen,2025-06-25,False,True,False
APP-01410,CAND-1410,JOB-040,LinkedIn Recruiter,InMail Outreach,2024-02-01,Hiring Manager Screen,2024-02-19,False,True,False
APP-01411,CAND-1411,JOB-022,LinkedIn Recruiter,InMail Outreach,2025-06-09,Resume Screen,2025-06-16,False,True,False
APP-01412,CAND-1412,JOB-030,Recruitment Agency,Agency Submission,2024-01-06,Resume Screen,2024-01-12,False,True,False
APP-01413,CAND-1413,JOB-035,Employee Referral,Internal Referral,04/28/2025,Hiring Manager Screen,05/06/2025,False,True,False
APP-01414,CAND-1414,JOB-036,Recruitment Agency,Agency Submission,2025-05-05,Resume Screen,2025-05-11,False,True,False
APP-01415,CAND-1415,JOB-011,LinkedIn Organic,Job Posting,12/09/2024,Resume Screen,12/15/2024,False,True,False
APP-01416,CAND-1416,JOB-039,Direct Application,Careers Page,2025-06-15,Final Panel Interview,2025-06-30,False,True,False
APP-01417,CAND-1417,JOB-001,LinkedIn Organic,Job Posting,2025-05-29,Resume Screen,2025-06-02,False,True,False
APP-01418,CAND-1418,JOB-038,Direct Application,Careers Page,2025-01-30,Hiring Manager Screen,2025-02-14,False,True,False
APP-01419,CAND-1419,JOB-003,Direct Application,Careers Page,2025-06-25,Resume Screen,2025-06-29,False,True,False
APP-01420,CAND-1420,JOB-013,Direct Application,Careers Page,2025-03-27,Resume Screen,2025-04-02,False,True,False
APP-01421,CAND-1421,JOB-019,LinkedIn,Job Posting,30/06/2025,Resume Screen,30/06/2025,False,True,False
APP-01422,CAND-1422,JOB-021,University Partnership,Careers Fair,2024-03-16,Technical Assessment,2024-04-06,False,False,True
APP-01423,CAND-1423,JOB-024,LinkedIn Organic,Job Posting,2025-01-23,Final Panel Interview,2025-02-21,False,True,False
APP-01424,CAND-1424,JOB-004,LinkedIn Recruiter,InMail Outreach,2024-04-11,Hiring Manager Screen,2024-04-28,False,True,False
APP-01425,CAND-1425,JOB-043,Indeed,Indeed Apply,2024-08-12,Resume Screen,2024-08-22,False,True,False
APP-01426,CAND-1426,JOB-027,Employee Referral,Internal Referral,2025-04-28,Resume Screen,2025-05-03,False,True,False
APP-01427,CAND-1427,JOB-012,Other,Unknown,2025-06-12,Resume Screen,2025-06-16,False,True,False
APP-01428,CAND-1428,JOB-036,Glassdoor,Glassdoor Apply,2025-04-07,Hiring Manager Screen,2025-04-19,False,False,True
APP-01429,CAND-1429,JOB-038,Glassdoor,Glassdoor Apply,2025-01-25,Resume Screen,2025-02-02,False,True,False
APP-01430,CAND-1430,JOB-033,LinkedIn Recruiter,InMail Outreach,2025-06-15,Final Panel Interview,2025-06-29,False,True,False
APP-01431,CAND-1431,JOB-022,LinkedIn Paid,Sponsored Job,2025-06-11,Resume Screen,2025-06-17,False,True,False
APP-01432,CAND-1432,JOB-017,LinkedIn Recruiter,InMail Outreach,2024-12-04,Resume Screen,2024-12-08,False,True,False
APP-01433,CAND-1433,JOB-004,Employee Referral,Internal Referral,2024-05-01,Resume Screen,2024-05-08,False,True,False
APP-01434,CAND-1434,JOB-040,LinkedIn Organic,Job Posting,2024-01-24,Resume Screen,2024-02-02,False,True,False
APP-01435,CAND-1435,JOB-036,Indeed,Indeed Apply,2025-05-26,Resume Screen,2025-06-01,False,True,False
APP-01436,CAND-1436,JOB-016,Employee Referral,Internal Referral,2025-06-12,Resume Screen,2025-06-20,False,True,False
APP-01437,CAND-1437,JOB-031,LinkedIn InMail,InMail Outreach,2025-06-10,Hiring Manager Screen,2025-06-26,False,True,False
APP-01438,CAND-1438,JOB-015,Direct Application,Careers Page,2025-06-27,Recruiter Screen,2025-06-29,False,True,False
APP-01439,CAND-1439,JOB-021,LinkedIn Organic,Job Posting,2024-03-03,Resume Screen,2024-03-11,False,True,False
APP-01440,CAND-1440,JOB-027,linkedin,Job Posting,2025-04-24,Recruiter Screen,2025-05-08,False,True,False
APP-01441,CAND-1441,JOB-019,LinkedIn Organic,Job Posting,2025-06-04,Hiring Manager Screen,2025-06-24,False,True,False
APP-01442,CAND-1442,JOB-021,Glassdoor,Glassdoor Apply,2024-01-24,Technical Assessment,2024-02-10,False,True,False
APP-01443,CAND-1443,JOB-020,Direct Application,Careers Page,2024-02-04,Hiring Manager Screen,2024-02-19,False,True,False
APP-01444,CAND-1444,JOB-024,LinkedIn Recruiter,InMail Outreach,2025-02-17,Hiring Manager Screen,2025-03-01,False,True,False
APP-01445,CAND-1445,JOB-035,LinkedIn Organic,Job Posting,2025-04-15,Recruiter Screen,2025-04-25,False,True,False
APP-01446,CAND-1446,JOB-008,LinkedIn Organic,Job Posting,2025-06-10,Hiring Manager Screen,2025-06-27,False,True,False
APP-01447,CAND-1447,JOB-030,University Partnership,Careers Fair,2024-01-05,Resume Screen,2024-01-13,False,True,False
APP-01448,CAND-1448,JOB-013,LinkedIn Recruiter,InMail Outreach,2025-03-20,Offer,2025-04-21,False,False,True
APP-01449,CAND-1449,JOB-018,LinkedIn Organic,Job Posting,2025-06-20,Hiring Manager Screen,2025-06-28,False,True,False
APP-01450,CAND-1450,JOB-002,Glassdoor,Glassdoor Apply,2025-05-30,Resume Screen,2025-06-05,False,True,False
APP-01451,CAND-1451,JOB-035,GitHub Sourcing,GitHub Profile,16/05/2025,Hiring Manager Screen,06/07/2025,False,True,False
APP-01452,CAND-1452,JOB-017,LinkedIn Organic,Job Posting,2025-01-06,Technical Assessment,2025-01-30,False,False,True
APP-01453,CAND-1453,JOB-027,Direct Application,Careers Page,2025-05-04,Resume Screen,2025-05-10,False,True,False
APP-01454,CAND-1454,JOB-039,LinkedIn Paid,Sponsored Job,2025-06-26,Recruiter Screen,2025-07-01,False,True,False
APP-01455,CAND-1455,JOB-044,LinkedIn Paid,Sponsored Job,08/06/2025,Hiring Manager Screen,22/06/2025,False,True,False
APP-01456,CAND-1456,JOB-007,LinkedIn Organic,Job Posting,2025-06-25,Resume Screen,2025-06-28,False,True,False
APP-01457,CAND-1457,JOB-035,Other,Unknown,2025-05-20,Resume Screen,2025-05-28,False,True,False
APP-01458,CAND-1458,JOB-041,Employee Ref,Internal Referral,2025-06-14,Hiring Manager Screen,2025-06-27,False,True,False
APP-01459,CAND-1459,JOB-018,glassdoor,Glassdoor Apply,2025-06-26,Resume Screen,2025-07-01,False,True,False
APP-01460,CAND-1460,JOB-013,Employee Referral,Internal Referral,2025-03-18,Resume Screen,2025-03-23,False,True,False
APP-01461,CAND-1461,JOB-021,Recruitment Agency,Agency Submission,2024-03-14,Resume Screen,2024-03-22,False,True,False
APP-01462,CAND-1462,JOB-013,LinkedIn Recruiter,InMail Outreach,2025-03-05,Recruiter Screen,2025-03-18,False,True,False
APP-01463,CAND-1463,JOB-018,LinkedIn Paid,Sponsored Job,2025-06-22,Resume Screen,2025-07-01,False,True,False
APP-01464,CAND-1464,JOB-033,LinkedIn Recruiter,InMail Outreach,2025-06-04,Offer,2025-06-30,False,False,True
APP-01465,CAND-1465,JOB-022,glassdoor,Glassdoor Apply,2025-06-03,Resume Screen,2025-06-09,False,True,False
APP-01466,CAND-1466,JOB-005,Linked In,Job Posting,05/06/2025,Resume Screen,12/06/2025,False,True,False
APP-01467,CAND-1467,JOB-045,Indeed,Indeed Apply,2024-05-10,Resume Screen,2024-05-19,False,True,False
APP-01468,CAND-1468,JOB-011,referral,Internal Referral,2024-12-15,Resume Screen,2024-12-20,False,True,False
APP-01469,CAND-1469,JOB-039,Recruitment Agency,Agency Submission,2025-06-12,Hiring Manager Screen,2025-06-30,False,True,False
APP-01470,CAND-1470,JOB-026,LinkedIn Organic,Job Posting,2024-03-06,Technical Assessment,2024-04-03,False,False,True
APP-01471,CAND-1471,JOB-008,Indeed,Indeed Apply,2025-06-12,Resume Screen,2025-06-19,False,True,False
APP-01472,CAND-1472,JOB-017,Direct Application,Careers Page,2025-01-03,Resume Screen,2025-01-07,False,True,False
APP-01473,CAND-1473,JOB-045,LinkedIn Organic,Job Posting,2024-05-06,Resume Screen,2024-05-12,False,True,False
APP-01474,CAND-1474,JOB-014,LinkedIn Organic,Job Posting,2024-08-24,Recruiter Screen,2024-09-03,False,True,False
APP-01475,CAND-1475,JOB-024,Recruitment Agency,Agency Submission,2025-02-15,Recruiter Screen,2025-02-24,False,True,False
APP-01476,CAND-1476,JOB-035,LinkedIn Recruiter,InMail Outreach,2025-05-12,Hiring Manager Screen,2025-05-24,False,True,False
APP-01477,CAND-1477,JOB-025,LinkedIn Recruiter,InMail Outreach,2025-06-27,Offer,2025-06-29,False,False,True
APP-01478,CAND-1478,JOB-045,External Recruiter,Agency Submission,2024-05-23,Resume Screen,2024-05-31,False,True,False
APP-01479,CAND-1479,JOB-038,Employee Referral,Internal Referral,2025-01-03,Resume Screen,2025-01-08,False,True,False
APP-01480,CAND-1480,JOB-043,glassdoor,Glassdoor Apply,2024-08-12,Recruiter Screen,2024-08-22,False,True,False
APP-01481,CAND-1481,JOB-013,LinkedIn Recruiter,InMail Outreach,2025-03-05,Resume Screen,2025-03-12,False,True,False
APP-01482,CAND-1482,JOB-018,LinkedIn Organic,Job Posting,2025-06-12,Resume Screen,2025-06-20,False,True,False
APP-01483,CAND-1483,JOB-039,Internal Referral,Internal Referral,2025-06-12,Resume Screen,2025-06-22,False,True,False
APP-01484,CAND-1484,JOB-037,LinkedIn Organic,Job Posting,2025-06-07,Hiring Manager Screen,2025-06-25,False,True,False
APP-01485,CAND-1485,JOB-032,LinkedIn,Job Posting,2025-07-01,Recruiter Screen,2025-06-28,False,True,False
APP-01486,CAND-1486,JOB-039,LI,Job Posting,2025-06-07,Recruiter Screen,2025-06-21,False,True,False
APP-01487,CAND-1487,JOB-017,LinkedIn Organic,Job Posting,2025-01-18,Resume Screen,2025-01-22,False,True,False
APP-01488,CAND-1488,JOB-012,Employee Referral,Internal Referral,2025-06-28,Resume Screen,2025-06-29,False,True,False
APP-01489,CAND-1489,JOB-004,LinkedIn Recruiter,InMail Outreach,2024-04-05,Resume Screen,2024-04-14,False,True,False
APP-01490,CAND-1490,JOB-037,Other,Unknown,2025-05-19,Resume Screen,2025-05-29,False,True,False
APP-01491,CAND-1491,JOB-013,Employee Referral,Internal Referral,2025-03-28,Recruiter Screen,2025-04-06,False,True,False
APP-01492,CAND-1492,JOB-035,LinkedIn Organic,Job Posting,2025-06-10,Hiring Manager Screen,2025-06-23,False,True,False
APP-01493,CAND-1493,JOB-031,Glassdoor,Glassdoor Apply,30/06/2025,Resume Screen,30/06/2025,False,True,False
APP-01494,CAND-1494,JOB-040,LI Recruiter,InMail Outreach,2024-02-21,Hiring Manager Screen,2024-03-03,False,True,False
APP-01495,CAND-1495,JOB-044,Glassdoor,Glassdoor Apply,2025-06-06,Recruiter Screen,2025-06-18,False,True,False
APP-01496,CAND-1496,JOB-036,Direct Application,Careers Page,2025-04-02,Resume Screen,2025-04-09,False,True,False
APP-01497,CAND-1497,JOB-038,LinkedIn Organic,Job Posting,2025-02-23,Hiring Manager Screen,2025-03-10,False,True,False
APP-01498,CAND-1498,JOB-034,LinkedIn Recruiter,InMail Outreach,2025-05-28,Resume Screen,2025-06-04,False,True,False
APP-01499,CAND-1499,JOB-024,LinkedIn Organic,Job Posting,2025-02-28,Resume Screen,2025-03-07,False,True,False
APP-01500,CAND-1500,JOB-002,LinkedIn Ads,Sponsored Job,2025-06-27,Recruiter Screen,2025-07-01,False,True,False
APP-01501,CAND-1501,JOB-026,LinkedIn Organic,Job Posting,2024-01-21,Technical Assessment,2024-02-07,False,True,False
APP-01502,CAND-1502,JOB-029,Glassdoor,Glassdoor Apply,2025-02-16,Final Panel Interview,2025-03-11,False,True,False
APP-01503,CAND-1503,JOB-032,LinkedIn Organic,Job Posting,2025-06-13,Resume Screen,2025-06-18,False,True,False
APP-01504,CAND-1504,JOB-022,Direct Application,Careers Page,2025-06-02,Recruiter Screen,2025-06-13,False,True,False
APP-01505,CAND-1505,JOB-013,Recruitment Agency,Agency Submission,2025-03-31,Resume Screen,2025-04-05,False,True,False
APP-01506,CAND-1506,JOB-025,GitHub Sourcing,GitHub Profile,2025-06-09,Technical Assessment,2025-06-30,False,True,False
APP-01507,CAND-1507,JOB-012,LinkedIn Paid,Sponsored Job,2025-06-14,Final Panel Interview,2025-07-01,False,True,False
APP-01508,CAND-1508,JOB-026,Recruitment Agency,Agency Submission,2024-01-24,Resume Screen,2024-02-02,False,True,False
APP-01509,CAND-1509,JOB-005,Indeed,Indeed Apply,2025-06-29,Technical Interview,2025-06-29,False,True,False
APP-01510,CAND-1510,JOB-014,LinkedIn Recruiter,InMail Outreach,08/29/2024,Hiring Manager Screen,09/13/2024,False,True,False
APP-01511,CAND-1511,JOB-024,LinkedIn Organic,Job Posting,2025-01-28,Resume Screen,2025-02-04,False,True,False
APP-01512,CAND-1512,JOB-020,Glassdoor.com,Glassdoor Apply,2024-02-29,Final Panel Interview,2024-04-02,False,True,False
APP-01513,CAND-1513,JOB-039,LinkedIn Ads,Sponsored Job,2025-06-06,Final Panel Interview,2025-06-29,False,True,False
APP-01514,CAND-1514,JOB-024,Other,Unknown,2025-02-07,Resume Screen,2025-02-12,False,True,False
APP-01515,CAND-1515,JOB-044,Direct Application,Careers Page,2025-06-17,Resume Screen,2025-06-25,False,True,False
APP-01516,CAND-1516,JOB-038,LinkedIn Ads,Sponsored Job,2025-01-09,Resume Screen,2025-01-15,False,True,False
APP-01517,CAND-1517,JOB-042,LinkedIn Recruiter,InMail Outreach,2024-06-28,Recruiter Screen,2024-07-10,False,True,False
APP-01518,CAND-1518,JOB-002,LinkedIn Organic,Job Posting,2025-06-25,Resume Screen,2025-07-01,False,True,False
APP-01519,CAND-1519,JOB-043,linkedin.com,Job Posting,2024-09-07,Resume Screen,2024-09-16,False,True,False
APP-01520,CAND-1520,JOB-026,LinkedIn Recruiter,InMail Outreach,2024-01-27,Hiring Manager Screen,2024-02-08,False,True,False
APP-01521,CAND-1521,JOB-021,LinkedIn Recruiter,InMail Outreach,2024-01-26,Resume Screen,2024-02-04,False,True,False
APP-01522,CAND-1522,JOB-005,Direct Application,Careers Page,2025-06-17,Resume Screen,2025-06-23,False,True,False
APP-01523,CAND-1523,JOB-041,LinkedIn Organic,Job Posting,2025-06-27,Recruiter Screen,2025-06-30,False,True,False
APP-01524,CAND-1524,JOB-038,LinkedIn Organic,Job Posting,2025-01-31,Resume Screen,2025-02-06,False,True,False
APP-01525,CAND-1525,JOB-015,LinkedIn Paid,Sponsored Job,2025-05-27,Resume Screen,2025-06-05,False,True,False
APP-01526,CAND-1526,JOB-027,Direct Application,Careers Page,2025-05-28,Hiring Manager Screen,2025-06-09,False,True,False
APP-01527,CAND-1527,JOB-041,github,GitHub Profile,2025-06-25,Hiring Manager Screen,2025-06-28,False,False,True
APP-01528,CAND-1528,JOB-042,Direct Application,Careers Page,2024-08-04,Recruiter Screen,2024-08-14,False,True,False
APP-01529,CAND-1529,JOB-030,LinkedIn Organic,Job Posting,06/01/2024,Resume Screen,13/01/2024,False,True,False
APP-01530,CAND-1530,JOB-022,LinkedIn Organic,Job Posting,2025-06-29,Resume Screen,2025-07-01,False,True,False
APP-01531,CAND-1531,JOB-007,LinkedIn InMail,InMail Outreach,2025-06-03,Final Panel Interview,2025-06-29,False,True,False
APP-01532,CAND-1532,JOB-027,LinkedIn Recruiter,InMail Outreach,2025-06-06,Recruiter Screen,2025-06-18,False,True,False
APP-01533,CAND-1533,JOB-006,Recruitment Agency,Agency Submission,2024-01-27,Resume Screen,2024-02-06,False,True,False
APP-01534,CAND-1534,JOB-040,Indeed,Indeed Apply,2024-02-23,Resume Screen,2024-02-29,False,True,False
APP-01535,CAND-1535,JOB-042,LinkedIn Recruiter,InMail Outreach,2024-07-30,Resume Screen,2024-08-03,False,True,False
APP-01536,CAND-1536,JOB-007,LinkedIn Organic,Job Posting,2025-06-10,Recruiter Screen,2025-06-21,False,True,False
APP-01537,CAND-1537,JOB-025,linkedin,Job Posting,2025-06-08,Recruiter Screen,2025-06-17,False,True,False
APP-01538,CAND-1538,JOB-016,LinkedIn Recruiter,InMail Outreach,2025-06-23,Technical Assessment,2025-06-29,False,True,False
APP-01539,CAND-1539,JOB-044,LinkedIn Recruiter,InMail Outreach,16/06/2025,Hiring Manager Screen,06/29/2025,False,True,False
APP-01540,CAND-1540,JOB-038,LinkedIn Recruiter,InMail Outreach,2025-01-04,Hiring Manager Screen,2025-01-24,False,True,False
APP-01541,CAND-1541,JOB-015,University Partnership,Careers Fair,2025-06-29,Resume Screen,2025-06-30,False,True,False
APP-01542,CAND-1542,JOB-022,Referral,Internal Referral,2025-06-18,Technical Assessment,2025-06-30,False,True,False
APP-01543,CAND-1543,JOB-010,Employee Referral,Internal Referral,2025-05-29,Resume Screen,2025-06-04,False,True,False
APP-01544,CAND-1544,JOB-020,Employee Referral,Internal Referral,2024-01-23,Technical Assessment,2024-02-09,False,True,False
APP-01545,CAND-1545,JOB-003,Employee Referral,Internal Referral,2025-06-14,Technical Assessment,2025-06-29,False,True,False
APP-01546,CAND-1546,JOB-034,Direct Application,Careers Page,2025-05-14,Final Panel Interview,2025-06-07,False,True,False
APP-01547,CAND-1547,JOB-024,LI Recruiter,InMail Outreach,2025-02-28,Resume Screen,2025-03-09,False,True,False
APP-01548,CAND-1548,JOB-011,LinkedIn Organic,Job Posting,2025-01-31,Final Panel Interview,2025-03-07,False,True,False
APP-01549,CAND-1549,JOB-021,Recruitment Agency,Agency Submission,2024-03-14,Resume Screen,2024-03-20,False,True,False
APP-01550,CAND-1550,JOB-003,Indeed,Indeed Apply,2025-06-30,Resume Screen,2025-06-30,False,True,False
APP-01551,CAND-1551,JOB-021,LinkedIn Organic,Job Posting,2024-02-24,Offer,2024-04-01,False,False,True
APP-01552,CAND-1552,JOB-035,Direct Application,Careers Page,2025-05-18,Hiring Manager Screen,2025-06-04,False,True,False
APP-01553,CAND-1553,JOB-009,Direct Application,Careers Page,2025-04-30,Hiring Manager Screen,2025-05-17,False,True,False
APP-01554,CAND-1554,JOB-036,LinkedIn Recruiter,InMail Outreach,2025-05-16,Hiring Manager Screen,2025-06-03,False,True,False
APP-01555,CAND-1555,JOB-016,LinkedIn Recruiter,InMail Outreach,2025-06-19,Resume Screen,2025-06-28,False,True,False
APP-01556,CAND-1556,JOB-009,glassdoor,Glassdoor Apply,2025-04-30,Resume Screen,2025-05-08,False,True,False
APP-01557,CAND-1557,JOB-001,Indeed.com,Indeed Apply,2025-05-03,Hiring Manager Screen,2025-05-18,False,True,False
APP-01558,CAND-1558,JOB-006,LinkedIn Organic,Job Posting,2024-02-03,Recruiter Screen,2024-02-15,False,True,False
APP-01559,CAND-1559,JOB-011,University Partnership,Careers Fair,2024-12-07,Resume Screen,2024-12-15,False,True,False
APP-01560,CAND-1560,JOB-016,Recruitment Agency,Agency Submission,2025-06-11,Final Panel Interview,2025-06-30,False,True,False
APP-01561,CAND-1561,JOB-009,Other,Unknown,2025-06-11,Resume Screen,2025-06-19,False,True,False
APP-01562,CAND-1562,JOB-030,Other,Unknown,2024-02-21,Resume Screen,2024-02-29,False,True,False
APP-01563,CAND-1563,JOB-002,LinkedIn Recruiter,InMail Outreach,2025-06-29,Hiring Manager Screen,2025-06-29,False,True,False
APP-01564,CAND-1564,JOB-004,Direct Application,Careers Page,2024-04-02,Final Panel Interview,2024-05-15,False,True,False
APP-01565,CAND-1565,JOB-029,Glassdoor,Glassdoor Apply,2025-02-14,Resume Screen,2025-02-19,False,True,False
APP-01566,CAND-1566,JOB-019,LinkedIn Organic,Job Posting,2025-06-27,Resume Screen,2025-06-30,False,True,False
APP-01567,CAND-1567,JOB-010,LinkedIn Recruiter,InMail Outreach,2025-06-03,Technical Assessment,2025-06-26,False,False,True
APP-01568,CAND-1568,JOB-037,Employee Referral,Internal Referral,2025-06-10,Recruiter Screen,2025-06-21,False,True,False
APP-01569,CAND-1569,JOB-041,Careers Site,Careers Page,2025-06-09,Hiring Manager Screen,2025-06-20,False,True,False
APP-01570,CAND-1570,JOB-042,LI,Job Posting,2024-07-24,Resume Screen,2024-08-01,False,True,False
APP-01571,CAND-1571,JOB-025,Direct Application,Careers Page,2025-06-18,Hiring Manager Screen,2025-06-28,False,True,False
APP-01572,CAND-1572,JOB-010,LinkedIn Recruiter,InMail Outreach,2025-05-31,Resume Screen,2025-06-06,False,True,False
APP-01573,CAND-1573,JOB-021,Careers Page,Careers Page,2024-02-29,Recruiter Screen,2024-03-09,False,True,False
APP-01574,CAND-1574,JOB-018,Employee Referral,Internal Referral,2025-06-30,Hiring Manager Screen,2025-06-30,False,True,False
APP-01575,CAND-1575,JOB-045,Employee Referral,Internal Referral,2024-04-13,Resume Screen,2024-04-22,False,True,False
APP-01576,CAND-1576,JOB-002,LI,Job Posting,2025-06-14,Hiring Manager Screen,2025-07-01,False,True,False
APP-01577,CAND-1577,JOB-016,LinkedIn Paid,Sponsored Job,2025-06-04,Recruiter Screen,2025-06-15,False,True,False
APP-01578,CAND-1578,JOB-026,LinkedIn Organic,Job Posting,2024-02-19,Resume Screen,2024-02-24,False,True,False
APP-01579,CAND-1579,JOB-007,LinkedIn Recruiter,InMail Outreach,2025-06-06,Resume Screen,2025-06-13,False,True,False
APP-01580,CAND-1580,JOB-024,LI Recruiter,InMail Outreach,2025-02-11,Recruiter Screen,2025-02-22,False,True,False
APP-01581,CAND-1581,JOB-037,Direct,Careers Page,2025-04-25,Recruiter Screen,2025-05-06,False,True,False
APP-01582,CAND-1582,JOB-045,Glassdoor,Glassdoor Apply,2024-05-13,Offer,2024-06-18,False,False,True
APP-01583,CAND-1583,JOB-008,LinkedIn Organic,Job Posting,2025-06-23,Hiring Manager Screen,2025-07-01,False,True,False
APP-01584,CAND-1584,JOB-045,LinkedIn Paid,Sponsored Job,2024-05-27,Resume Screen,2024-06-02,False,True,False
APP-01585,CAND-1585,JOB-008,GitHub Sourcing,GitHub Profile,2025-06-04,Hiring Manager Screen,2025-06-17,False,True,False
APP-01586,CAND-1586,JOB-024,LinkedIn InMail,InMail Outreach,2025-03-21,Recruiter Screen,2025-04-01,False,True,False
APP-01587,CAND-1587,JOB-044,linkedin.com,Job Posting,2025-06-11,Recruiter Screen,2025-06-23,False,True,False
APP-01588,CAND-1588,JOB-008,LinkedIn Organic,Job Posting,2025-06-26,Hiring Manager Screen,2025-06-29,False,True,False
APP-01589,CAND-1589,JOB-010,LinkedIn Recruiter,InMail Outreach,2025-06-02,Resume Screen,2025-06-10,False,True,False
APP-01590,CAND-1590,JOB-019,Employee Referral,Internal Referral,2025-06-14,Hiring Manager Screen,2025-06-28,False,True,False
APP-01591,CAND-1591,JOB-043,Employee Referral,Internal Referral,2024-08-02,Resume Screen,2024-08-12,False,True,False
APP-01592,CAND-1592,JOB-010,LinkedIn Paid,Sponsored Job,2025-06-19,Recruiter Screen,2025-06-29,False,True,False
APP-01593,CAND-1593,JOB-019,LinkedIn Paid,Sponsored Job,2025-06-30,Technical Assessment,2025-07-01,False,True,False
APP-01594,CAND-1594,JOB-018,LinkedIn Organic,Job Posting,2025-06-21,Technical Assessment,2025-06-28,False,True,False
APP-01595,CAND-1595,JOB-007,Direct Application,Careers Page,2025-06-03,Resume Screen,2025-06-10,False,True,False
APP-01596,CAND-1596,JOB-021,Glassdoor,Glassdoor Apply,2024-01-23,Resume Screen,2024-02-01,False,True,False
APP-01597,CAND-1597,JOB-026,LinkedIn Paid,Sponsored Job,2024-01-20,Resume Screen,2024-01-25,False,True,False
APP-01598,CAND-1598,JOB-037,University Partnership,Careers Fair,2025-05-03,Recruiter Screen,2025-05-13,False,True,False
APP-01599,CAND-1599,JOB-012,Indeed.com,Indeed Apply,2025-06-06,Recruiter Screen,2025-06-21,False,True,False
APP-01600,CAND-1600,JOB-009,LinkedIn Organic,Job Posting,2025-05-02,Recruiter Screen,2025-05-13,False,True,False
APP-01601,CAND-1601,JOB-024,Recruitment Agency,Agency Submission,2025-03-12,Recruiter Screen,2025-03-24,False,True,False
APP-01602,CAND-1602,JOB-039,LinkedIn Organic,Job Posting,2025-06-28,Recruiter Screen,2025-07-01,False,True,False
APP-01603,CAND-1603,JOB-035,Employee Referral,Internal Referral,2025-06-11,Resume Screen,2025-06-18,False,True,False
APP-01604,CAND-1604,JOB-018,LinkedIn Organic,Job Posting,2025-06-20,Hiring Manager Screen,2025-07-01,False,True,False
APP-01605,CAND-1605,JOB-037,Indeed,Indeed Apply,2025-06-13,Resume Screen,2025-06-21,False,True,False
APP-01606,CAND-1606,JOB-012,LinkedIn Organic,Job Posting,2025-06-10,Technical Assessment,2025-07-01,False,True,False
APP-01607,CAND-1607,JOB-014,LinkedIn Recruiter,InMail Outreach,2024-07-20,Recruiter Screen,2024-07-30,False,True,False
APP-01608,CAND-1608,JOB-038,LinkedIn Paid,Sponsored Job,2024-12-29,Resume Screen,2025-01-03,False,True,False
APP-01609,CAND-1609,JOB-043,Direct Application,Careers Page,2024-07-24,Resume Screen,2024-07-30,False,True,False
APP-01610,CAND-1610,JOB-004,Direct Application,Careers Page,2024-04-22,Resume Screen,2024-04-26,False,True,False
APP-01611,CAND-1611,JOB-036,Glassdoor,Glassdoor Apply,2025-05-09,Resume Screen,2025-05-14,False,True,False
APP-01612,CAND-1612,JOB-037,GitHub Sourcing,GitHub Profile,2025-06-14,Resume Screen,2025-06-22,False,True,False
APP-01613,CAND-1613,JOB-028,referral,Internal Referral,2025-03-21,Resume Screen,2025-03-28,False,True,False
APP-01614,CAND-1614,JOB-026,LinkedIn Organic,Job Posting,2024-02-10,Offer,2024-03-08,False,False,True
APP-01615,CAND-1615,JOB-003,LinkedIn Organic,Job Posting,2025-06-02,Resume Screen,2025-06-08,False,True,False
APP-01616,CAND-1616,JOB-005,LinkedIn Organic,Job Posting,2025-06-23,Final Panel Interview,2025-06-29,False,True,False
APP-01617,CAND-1617,JOB-040,LinkedIn Recruiter,InMail Outreach,2024-02-03,Recruiter Screen,2024-02-14,False,True,False
APP-01618,CAND-1618,JOB-008,University Partnership,Careers Fair,2025-06-01,Recruiter Screen,2025-06-11,False,True,False
APP-01619,CAND-1619,JOB-037,Indeed,Indeed Apply,2025-05-03,Resume Screen,2025-05-10,False,True,False
APP-01620,CAND-1620,JOB-021,indeed,Indeed Apply,2024-01-26,Resume Screen,2024-02-03,False,True,False
APP-01621,CAND-1621,JOB-040,Direct Application,Careers Page,2024-02-07,Resume Screen,2024-02-13,False,True,False
APP-01622,CAND-1622,JOB-002,LinkedIn Organic,Job Posting,2025-06-20,Resume Screen,2025-06-30,False,True,False
APP-01623,CAND-1623,JOB-027,LinkedIn Organic,Job Posting,2025-05-06,Hiring Manager Screen,2025-05-20,False,True,False
APP-01624,CAND-1624,JOB-024,LinkedIn Organic,Job Posting,2025-03-20,Hiring Manager Screen,2025-04-07,False,True,False
APP-01625,CAND-1625,JOB-027,LinkedIn,Job Posting,2025-06-17,Resume Screen,2025-06-24,False,True,False
APP-01626,CAND-1626,JOB-010,University Partnership,Careers Fair,2025-06-17,Resume Screen,2025-06-24,False,True,False
APP-01627,CAND-1627,JOB-004,Linked In,Job Posting,2024-04-11,Resume Screen,2024-04-18,False,True,False
APP-01628,CAND-1628,JOB-010,LinkedIn Organic,Job Posting,2025-06-20,Resume Screen,2025-06-29,False,True,False
APP-01629,CAND-1629,JOB-031,Indeed,Indeed Apply,2025-06-08,Hiring Manager Screen,2025-06-25,False,True,False
APP-01630,CAND-1630,JOB-007,LinkedIn Recruiter,InMail Outreach,2025-06-27,Resume Screen,2025-06-28,False,True,False
APP-01631,CAND-1631,JOB-009,Other,Unknown,2025-05-15,Hiring Manager Screen,2025-05-31,False,True,False
APP-01632,CAND-1632,JOB-037,Recruitment Agency,Agency Submission,2025-05-30,Recruiter Screen,2025-06-13,False,True,False
APP-01633,CAND-1633,JOB-039,LinkedIn Organic,Job Posting,2025-06-23,Resume Screen,2025-07-01,False,True,False
APP-01634,CAND-1634,JOB-038,LinkedIn Organic,Job Posting,2025-01-04,Recruiter Screen,2025-01-14,False,True,False
APP-01635,CAND-1635,JOB-016,LinkedIn Recruiter,InMail Outreach,2025-06-16,Technical Assessment,2025-06-30,False,False,True
APP-01636,CAND-1636,JOB-031,Glassdoor,Glassdoor Apply,2025-06-13,Recruiter Screen,2025-06-26,False,True,False
APP-01637,CAND-1637,JOB-001,Glassdoor,Glassdoor Apply,2025-04-23,Resume Screen,2025-04-30,False,True,False
APP-01638,CAND-1638,JOB-032,LinkedIn Organic,Job Posting,2025-06-02,Resume Screen,2025-06-09,False,True,False
APP-01639,CAND-1639,JOB-037,LinkedIn Organic,Job Posting,2025-05-08,Recruiter Screen,2025-05-20,False,False,True
APP-01640,CAND-1640,JOB-035,LinkedIn Organic,Job Posting,2025-05-15,Hiring Manager Screen,2025-05-31,False,True,False
APP-01641,CAND-1641,JOB-012,LinkedIn Recruiter,InMail Outreach,2025-06-12,Resume Screen,2025-06-19,False,True,False
APP-01642,CAND-1642,JOB-035,Indeed,Indeed Apply,2025-05-06,Final Panel Interview,2025-05-30,False,True,False
APP-01643,CAND-1643,JOB-039,Glassdoor,Glassdoor Apply,2025-06-27,Resume Screen,2025-06-29,False,True,False
APP-01644,CAND-1644,JOB-003,LinkedIn Paid,Sponsored Job,2025-06-03,Recruiter Screen,2025-06-11,False,True,False
APP-01645,CAND-1645,JOB-006,LinkedIn Organic,Job Posting,2024-02-22,Hiring Manager Screen,2024-03-15,False,True,False
APP-01646,CAND-1646,JOB-025,Indeed,Indeed Apply,2025-06-17,Reference Check,2025-07-01,False,True,False
APP-01647,CAND-1647,JOB-032,LinkedIn Recruiter,InMail Outreach,2025-07-01,Resume Screen,2025-07-01,False,True,False
APP-01648,CAND-1648,JOB-034,LinkedIn Recruiter,InMail Outreach,2025-05-25,Resume Screen,2025-06-01,False,True,False
APP-01649,CAND-1649,JOB-041,External Recruiter,Agency Submission,2025-06-21,Resume Screen,2025-06-27,False,True,False
APP-01650,CAND-1650,JOB-003,referral,Internal Referral,2025-06-29,Resume Screen,2025-06-28,False,True,False
APP-01651,CAND-1651,JOB-032,Employee Referral,Internal Referral,2025-06-24,Hiring Manager Screen,2025-07-01,False,True,False
APP-01652,CAND-1652,JOB-022,LinkedIn Organic,Job Posting,2025-06-06,Resume Screen,2025-06-13,False,True,False
APP-01653,CAND-1653,JOB-038,Direct Application,Careers Page,2025-02-04,Hiring Manager Screen,2025-02-18,False,True,False
APP-01654,CAND-1654,JOB-008,Employee Referral,Internal Referral,2025-06-11,Resume Screen,2025-06-16,False,True,False
APP-01655,CAND-1655,JOB-031,LinkedIn,Job Posting,24/06/2025,Resume Screen,01/07/2025,False,True,False
APP-01656,CAND-1656,JOB-019,LinkedIn Organic,Job Posting,2025-06-17,Technical Assessment,2025-06-28,False,True,False
APP-01657,CAND-1657,JOB-045,LinkedIn Organic,Job Posting,13/04/2024,Resume Screen,20/04/2024,False,True,False
APP-01658,CAND-1658,JOB-018,LinkedIn Paid,Sponsored Job,2025-06-10,Technical Assessment,2025-06-30,False,True,False
APP-01659,CAND-1659,JOB-015,LinkedIn Recruiter,InMail Outreach,2025-05-28,Resume Screen,2025-06-03,False,True,False
APP-01660,CAND-1660,JOB-031,LinkedIn Organic,Job Posting,2025-06-30,Resume Screen,2025-07-01,False,True,False
APP-01661,CAND-1661,JOB-012,LinkedIn Organic,Job Posting,06/19/2025,Resume Screen,06/26/2025,False,True,False
APP-01662,CAND-1662,JOB-034,LinkedIn Recruiter,InMail Outreach,2025-05-23,Resume Screen,2025-05-28,False,True,False
APP-01663,CAND-1663,JOB-041,Recruitment Agency,Agency Submission,2025-06-22,Recruiter Screen,2025-06-29,False,True,False
APP-01664,CAND-1664,JOB-026,Indeed,Indeed Apply,2024-03-02,Recruiter Screen,2024-03-14,False,True,False
APP-01665,CAND-1665,JOB-016,LinkedIn Organic,Job Posting,2025-06-02,Technical Assessment,2025-06-25,False,False,True
APP-01666,CAND-1666,JOB-024,LinkedIn Organic,Job Posting,2025-03-07,Resume Screen,2025-03-12,False,True,False
APP-01667,CAND-1667,JOB-017,Direct Application,Careers Page,2025-01-06,Recruiter Screen,2025-01-18,False,True,False
APP-01668,CAND-1668,JOB-037,Employee Referral,Internal Referral,2025-05-05,Recruiter Screen,2025-05-12,False,True,False
APP-01669,CAND-1669,JOB-034,LinkedIn Paid,Sponsored Job,2025-04-09,Recruiter Screen,2025-04-18,False,True,False
APP-01670,CAND-1670,JOB-023,LinkedIn Organic,Job Posting,2024-10-26,Resume Screen,2024-11-02,False,True,False
APP-01671,CAND-1671,JOB-008,Glassdoor,Glassdoor Apply,2025-06-08,Final Panel Interview,2025-07-01,False,True,False
APP-01672,CAND-1672,JOB-044,linkedin.com,Job Posting,2025-06-25,Recruiter Screen,2025-06-29,False,True,False
APP-01673,CAND-1673,JOB-028,LinkedIn Recruiter,InMail Outreach,2025-03-06,Hiring Manager Screen,2025-03-19,False,True,False
APP-01674,CAND-1674,JOB-017,Employee Referral,Internal Referral,2024-12-06,Recruiter Screen,2024-12-18,False,True,False
APP-01675,CAND-1675,JOB-010,Direct,Careers Page,2025-06-12,Resume Screen,2025-06-19,False,True,False
APP-01676,CAND-1676,JOB-022,Indeed,Indeed Apply,2025-06-24,Resume Screen,2025-06-30,False,True,False
APP-01677,CAND-1677,JOB-032,LinkedIn Recruiter,InMail Outreach,2025-06-18,Hiring Manager Screen,2025-06-29,False,True,False
APP-01678,CAND-1678,JOB-044,Direct Application,Careers Page,2025-06-29,Resume Screen,2025-07-01,False,True,False
APP-01679,CAND-1679,JOB-002,Employee Referral,Internal Referral,2025-06-25,Resume Screen,2025-07-01,False,True,False
APP-01680,CAND-1680,JOB-024,Direct Application,Careers Page,2025-02-04,Recruiter Screen,2025-02-15,False,True,False
APP-01681,CAND-1681,JOB-008,LinkedIn Organic,Job Posting,2025-06-28,Resume Screen,2025-06-30,False,True,False
APP-01682,CAND-1682,JOB-010,LinkedIn Paid,Sponsored Job,2025-06-12,Hiring Manager Screen,2025-07-01,False,True,False
APP-01683,CAND-1683,JOB-018,LinkedIn Recruiter,InMail Outreach,2025-06-17,Final Panel Interview,2025-06-28,False,True,False
APP-01684,CAND-1684,JOB-017,Employee Referral,Internal Referral,12/06/2024,Resume Screen,14/12/2024,False,True,False
APP-01685,CAND-1685,JOB-027,Indeed,Indeed Apply,2025-06-06,Recruiter Screen,2025-06-15,False,True,False
APP-01686,CAND-1686,JOB-014,linkedin,Job Posting,2024-08-09,Recruiter Screen,2024-08-18,False,True,False
APP-01687,CAND-1687,JOB-038,LinkedIn Organic,Job Posting,2025-02-01,Recruiter Screen,2025-02-11,False,True,False
APP-01688,CAND-1688,JOB-004,LinkedIn Organic,Job Posting,2024-03-22,Recruiter Screen,2024-04-04,False,True,False
APP-01689,CAND-1689,JOB-016,LinkedIn Organic,Job Posting,2025-06-28,Resume Screen,2025-06-30,False,True,False
APP-01690,CAND-1690,JOB-007,Other,Unknown,2025-06-17,Resume Screen,2025-06-24,False,True,False
APP-01691,CAND-1691,JOB-033,LinkedIn Organic,Job Posting,2025-06-05,Resume Screen,2025-06-14,False,True,False
APP-01692,CAND-1692,JOB-023,LinkedIn Recruiter,InMail Outreach,2024-11-28,Hiring Manager Screen,2024-12-16,False,True,False
APP-01693,CAND-1693,JOB-009,LinkedIn Paid,Sponsored Job,2025-05-26,Technical Interview,2025-06-28,False,True,False
APP-01694,CAND-1694,JOB-006,LinkedIn Organic,Job Posting,2024-02-04,Recruiter Screen,2024-02-15,False,True,False
APP-01695,CAND-1695,JOB-036,Direct Application,Careers Page,2025-04-11,Resume Screen,2025-04-17,False,True,False
APP-01696,CAND-1696,JOB-006,LinkedIn Organic,Job Posting,2024-01-21,Technical Assessment,2024-02-15,False,True,False
APP-01697,CAND-1697,JOB-034,LinkedIn Recruiter,InMail Outreach,2025-05-17,Recruiter Screen,2025-05-29,False,True,False
APP-01698,CAND-1698,JOB-021,INDEED,Indeed Apply,2024-03-21,Technical Assessment,2024-04-11,False,False,True
APP-01699,CAND-1699,JOB-012,Direct Application,Careers Page,2025-07-01,Technical Assessment,2025-07-01,False,True,False
APP-01700,CAND-1700,JOB-027,LinkedIn Organic,Job Posting,2025-05-29,Resume Screen,2025-06-06,False,True,False
APP-01701,CAND-1701,JOB-012,LinkedIn Organic,Job Posting,06/05/2025,Resume Screen,06/10/2025,False,True,False
APP-01702,CAND-1702,JOB-036,Employee Referral,Internal Referral,2025-04-26,Recruiter Screen,2025-05-06,False,True,False
APP-01703,CAND-1703,JOB-039,linkedin,Job Posting,2025-06-25,Resume Screen,2025-06-28,False,True,False
APP-01704,CAND-1704,JOB-030,Glassdoor.com,Glassdoor Apply,2024-01-25,Hiring Manager Screen,2024-02-04,False,True,False
APP-01705,CAND-1705,JOB-022,Employee Referral,Internal Referral,2025-06-07,Recruiter Screen,2025-06-15,False,True,False
APP-01706,CAND-1706,JOB-025,LinkedIn Organic,Job Posting,2025-06-19,Technical Assessment,2025-06-29,False,True,False
APP-01707,CAND-1707,JOB-037,LinkedIn Organic,Job Posting,2025-06-06,Resume Screen,2025-06-12,False,True,False
APP-01708,CAND-1708,JOB-044,LI Recruiter,InMail Outreach,2025-06-13,Resume Screen,2025-06-21,False,True,False
APP-01709,CAND-1709,JOB-029,Careers Page,Careers Page,2025-01-28,Hiring Manager Screen,2025-02-12,False,True,False
APP-01710,CAND-1710,JOB-028,Direct Application,Careers Page,2025-02-23,Recruiter Screen,2025-03-03,False,True,False
APP-01711,CAND-1711,JOB-044,Employee Referral,Internal Referral,2025-06-26,Resume Screen,2025-07-01,False,True,False
APP-01712,CAND-1712,JOB-040,Employee Ref,Internal Referral,2024-02-29,Recruiter Screen,2024-03-10,False,True,False
APP-01713,CAND-1713,JOB-017,Company Website,Careers Page,2024-12-04,Recruiter Screen,2024-12-13,False,True,False
APP-01714,CAND-1714,JOB-031,University Partnership,Careers Fair,2025-06-05,Resume Screen,2025-06-11,False,True,False
APP-01715,CAND-1715,JOB-029,Glassdoor,Glassdoor Apply,2025-02-02,Recruiter Screen,2025-02-13,False,True,False
APP-01716,CAND-1716,JOB-010,Indeed,Indeed Apply,2025-06-27,Technical Assessment,2025-06-30,False,True,False
APP-01717,CAND-1717,JOB-027,Company Website,Careers Page,2025-06-09,Hiring Manager Screen,2025-06-25,False,False,True
APP-01718,CAND-1718,JOB-015,Direct Application,Careers Page,2025-06-13,Final Panel Interview,2025-06-29,False,True,False
APP-01719,CAND-1719,JOB-025,Direct Application,Careers Page,2025-06-27,Resume Screen,2025-07-01,False,True,False
APP-01720,CAND-1720,JOB-014,LinkedIn Organic,Job Posting,2024-08-23,Resume Screen,2024-09-02,False,True,False
APP-01721,CAND-1721,JOB-007,Glassdoor,Glassdoor Apply,2025-06-20,Resume Screen,2025-06-27,False,True,False
APP-01722,CAND-1722,JOB-037,LinkedIn Recruiter,InMail Outreach,04/28/2025,Recruiter Screen,09/05/2025,False,False,True
APP-01723,CAND-1723,JOB-018,linkedin.com,Job Posting,2025-06-15,Resume Screen,2025-06-22,False,True,False
APP-01724,CAND-1724,JOB-014,Other,Unknown,2024-08-21,Hiring Manager Screen,2024-09-11,False,True,False
APP-01725,CAND-1725,JOB-038,Glassdoor.com,Glassdoor Apply,2025-02-10,Recruiter Screen,2025-02-20,False,True,False
APP-01726,CAND-1726,JOB-039,LI Recruiter,InMail Outreach,2025-06-02,Resume Screen,2025-06-09,False,True,False
APP-01727,CAND-1727,JOB-002,Recruitment Agency,Agency Submission,2025-06-14,Technical Assessment,2025-07-01,False,False,True
APP-01728,CAND-1728,JOB-040,Direct Application,Careers Page,2024-01-27,Resume Screen,2024-02-04,False,True,False
APP-01729,CAND-1729,JOB-019,Glassdoor,Glassdoor Apply,2025-06-23,Recruiter Screen,2025-07-01,False,True,False
APP-01730,CAND-1730,JOB-027,Direct Application,Careers Page,2025-06-16,Hiring Manager Screen,2025-06-30,False,True,False
APP-01731,CAND-1731,JOB-025,LinkedIn Recruiter,InMail Outreach,2025-06-16,Hiring Manager Screen,2025-07-01,False,True,False
APP-01732,CAND-1732,JOB-002,Recruitment Agency,Agency Submission,2025-06-13,Technical Assessment,2025-06-30,False,True,False
APP-01733,CAND-1733,JOB-037,Indeed,Indeed Apply,2025-05-11,Recruiter Screen,2025-05-19,False,True,False
APP-01734,CAND-1734,JOB-039,Glassdoor,Glassdoor Apply,2025-06-03,Hiring Manager Screen,2025-06-22,False,True,False
APP-01735,CAND-1735,JOB-008,INDEED,Indeed Apply,2025-06-03,Resume Screen,2025-06-09,False,True,False
APP-01736,CAND-1736,JOB-020,LinkedIn Organic,Job Posting,2024-02-17,Recruiter Screen,2024-02-27,False,True,False
APP-01737,CAND-1737,JOB-037,LinkedIn Ads,Sponsored Job,2025-05-25,Resume Screen,2025-05-31,False,True,False
APP-01738,CAND-1738,JOB-018,LinkedIn Paid,Sponsored Job,2025-06-16,Recruiter Screen,2025-06-30,False,True,False
APP-01739,CAND-1739,JOB-014,LinkedIn Organic,Job Posting,2024-08-23,Recruiter Screen,2024-09-05,False,True,False
APP-01740,CAND-1740,JOB-030,Direct Application,Careers Page,2024-01-19,Hiring Manager Screen,2024-02-06,False,True,False
APP-01741,CAND-1741,JOB-029,LinkedIn Paid,Sponsored Job,2024-12-26,Recruiter Screen,2025-01-07,False,True,False
APP-01742,CAND-1742,JOB-042,Direct Application,Careers Page,2024-08-08,Recruiter Screen,2024-08-20,False,True,False
APP-01743,CAND-1743,JOB-045,Employee Referral,Internal Referral,2024-05-03,Resume Screen,2024-05-13,False,True,False
APP-01744,CAND-1744,JOB-030,LinkedIn Recruiter,InMail Outreach,2024-01-15,Hiring Manager Screen,2024-02-03,False,True,False
APP-01745,CAND-1745,JOB-019,LinkedIn Organic,Job Posting,2025-06-01,Resume Screen,2025-06-09,False,True,False
APP-01746,CAND-1746,JOB-036,Direct Application,Careers Page,2025-03-31,Resume Screen,2025-04-08,False,True,False
APP-01747,CAND-1747,JOB-008,Indeed,Indeed Apply,2025-06-06,Resume Screen,2025-06-12,False,True,False
APP-01748,CAND-1748,JOB-024,Careers Site,Careers Page,2025-02-09,Resume Screen,2025-02-14,False,True,False
APP-01749,CAND-1749,JOB-018,Direct Application,Careers Page,2025-06-27,Resume Screen,2025-06-28,False,True,False
APP-01750,CAND-1750,JOB-014,LinkedIn Recruiter,InMail Outreach,2024-08-13,Final Panel Interview,2024-09-22,False,True,False
APP-01751,CAND-1751,JOB-044,LinkedIn Organic,Job Posting,2025-06-06,Recruiter Screen,2025-06-17,False,True,False
APP-01752,CAND-1752,JOB-030,LinkedIn Recruiter,InMail Outreach,2024-01-05,Recruiter Screen,2024-01-12,False,True,False
APP-01753,CAND-1753,JOB-018,LinkedIn Paid,Sponsored Job,2025-06-13,Technical Assessment,2025-06-30,False,True,False
APP-01754,CAND-1754,JOB-020,LinkedIn Organic,Job Posting,2024-02-05,Resume Screen,2024-02-11,False,True,False
APP-01755,CAND-1755,JOB-030,referral,Internal Referral,2024-01-13,Hiring Manager Screen,2024-01-27,False,True,False
APP-01756,CAND-1756,JOB-043,Employee Referral,Internal Referral,2024-09-19,Hiring Manager Screen,2024-09-29,False,True,False
APP-01757,CAND-1757,JOB-042,LinkedIn Organic,Job Posting,2024-06-23,Recruiter Screen,2024-07-04,False,False,True
APP-01758,CAND-1758,JOB-011,LinkedIn Sponsored,Sponsored Job,2025-01-22,Recruiter Screen,2025-01-31,False,True,False
APP-01759,CAND-1759,JOB-007,LI,Job Posting,2025-06-22,Resume Screen,2025-06-28,False,True,False
APP-01760,CAND-1760,JOB-039,Glassdoor,Glassdoor Apply,2025-06-28,Resume Screen,2025-07-01,False,True,False
APP-01761,CAND-1761,JOB-020,LI Recruiter,InMail Outreach,2024-03-12,Resume Screen,2024-03-19,False,True,False
APP-01762,CAND-1762,JOB-010,LinkedIn Recruiter,InMail Outreach,2025-07-01,Resume Screen,2025-07-01,False,True,False
APP-01763,CAND-1763,JOB-035,Other,Unknown,2025-06-07,Resume Screen,2025-06-14,False,True,False
APP-01764,CAND-1764,JOB-034,LI Recruiter,InMail Outreach,2025-04-22,Resume Screen,2025-04-30,False,True,False
APP-01765,CAND-1765,JOB-006,Indeed,Indeed Apply,2024-02-26,Hiring Manager Screen,2024-03-17,False,True,False
APP-01766,CAND-1766,JOB-021,LinkedIn Recruiter,InMail Outreach,2024-03-12,Technical Assessment,2024-04-09,False,True,False
APP-01767,CAND-1767,JOB-042,Employee Referral,Internal Referral,2024-06-20,Hiring Manager Screen,2024-06-29,False,True,False
APP-01768,CAND-1768,JOB-027,indeed,Indeed Apply,2025-05-15,Resume Screen,2025-05-23,False,True,False
APP-01769,CAND-1769,JOB-020,LinkedIn Paid,Sponsored Job,2024-01-27,Resume Screen,2024-01-31,False,True,False
APP-01770,CAND-1770,JOB-045,LinkedIn Paid,Sponsored Job,2024-05-29,Final Panel Interview,2024-06-22,False,True,False
APP-01771,CAND-1771,JOB-013,LinkedIn Organic,Job Posting,2025-03-22,Technical Assessment,2025-04-19,False,True,False
APP-01772,CAND-1772,JOB-004,LinkedIn Organic,Job Posting,2024-04-28,Resume Screen,2024-05-03,False,True,False
APP-01773,CAND-1773,JOB-007,Glassdoor,Glassdoor Apply,2025-07-01,Technical Interview,2025-06-30,False,True,False
APP-01774,CAND-1774,JOB-022,LI Recruiter,InMail Outreach,2025-06-25,Resume Screen,2025-07-01,False,True,False
APP-01775,CAND-1775,JOB-014,LinkedIn Recruiter,InMail Outreach,2024-08-28,Final Panel Interview,2024-09-27,False,True,False
APP-01776,CAND-1776,JOB-040,LinkedIn Paid,Sponsored Job,2024-01-02,Resume Screen,2024-01-08,False,True,False
APP-01777,CAND-1777,JOB-015,GitHub Sourcing,GitHub Profile,2025-06-27,Technical Assessment,2025-07-01,False,False,True
APP-01778,CAND-1778,JOB-044,indeed,Indeed Apply,2025-06-26,Hiring Manager Screen,2025-06-30,False,True,False
APP-01779,CAND-1779,JOB-028,Employee Referral,Internal Referral,2025-03-10,Recruiter Screen,2025-03-18,False,True,False
APP-01780,CAND-1780,JOB-019,LinkedIn Organic,Job Posting,2025-06-29,Resume Screen,2025-07-01,False,True,False
APP-01781,CAND-1781,JOB-002,LinkedIn Organic,Job Posting,2025-06-25,Resume Screen,2025-06-28,False,True,False
APP-01782,CAND-1782,JOB-015,GitHub Sourcing,GitHub Profile,2025-06-09,Recruiter Screen,2025-06-24,False,True,False
APP-01783,CAND-1783,JOB-022,Glassdoor,Glassdoor Apply,2025-06-30,Resume Screen,2025-06-30,False,True,False
APP-01784,CAND-1784,JOB-039,Indeed,Indeed Apply,2025-06-14,Offer,2025-07-01,False,False,True
APP-01785,CAND-1785,JOB-028,Employee Referral,Internal Referral,2025-03-28,Resume Screen,2025-04-06,False,True,False
APP-01786,CAND-1786,JOB-028,LI Recruiter,InMail Outreach,30/03/2025,Recruiter Screen,04/11/2025,False,True,False
APP-01787,CAND-1787,JOB-001,LinkedIn Paid,Sponsored Job,2025-05-12,Resume Screen,2025-05-20,False,True,False
APP-01788,CAND-1788,JOB-014,LinkedIn Paid,Sponsored Job,2024-07-22,Resume Screen,2024-07-29,False,True,False
APP-01789,CAND-1789,JOB-031,GitHub Sourcing,GitHub Profile,2025-06-30,Reference Check,2025-06-30,False,True,False
APP-01790,CAND-1790,JOB-022,LinkedIn Recruiter,InMail Outreach,2025-06-28,Hiring Manager Screen,2025-06-29,False,True,False
APP-01791,CAND-1791,JOB-022,LinkedIn Organic,Job Posting,2025-06-28,Recruiter Screen,2025-06-29,False,False,True
APP-01792,CAND-1792,JOB-001,LinkedIn Recruiter,InMail Outreach,2025-04-09,Resume Screen,2025-04-17,False,True,False
APP-01793,CAND-1793,JOB-025,Glassdoor,Glassdoor Apply,2025-06-20,Resume Screen,2025-06-24,False,True,False
APP-01794,CAND-1794,JOB-014,linkedin.com,Job Posting,2024-08-19,Resume Screen,2024-08-25,False,True,False
APP-01795,CAND-1795,JOB-018,LinkedIn Recruiter,InMail Outreach,2025-06-28,Final Panel Interview,2025-06-30,False,True,False
APP-01796,CAND-1796,JOB-028,indeed,Indeed Apply,2025-02-23,Hiring Manager Screen,2025-03-14,False,True,False
APP-01797,CAND-1797,JOB-021,Employee Referral,Internal Referral,2024-02-01,Resume Screen,2024-02-11,False,True,False
APP-01798,CAND-1798,JOB-027,indeed,Indeed Apply,2025-06-03,Recruiter Screen,2025-06-16,False,True,False
APP-01799,CAND-1799,JOB-020,Employee Referral,Internal Referral,10/03/2024,Resume Screen,19/03/2024,False,True,False
APP-01800,CAND-1800,JOB-018,Employee Referral,Internal Referral,06/14/2025,Final Panel Interview,29/06/2025,False,True,False
APP-01801,CAND-1801,JOB-036,Indeed.com,Indeed Apply,2025-04-12,Hiring Manager Screen,2025-04-27,False,True,False
APP-01802,CAND-1802,JOB-043,GitHub Sourcing,GitHub Profile,2024-09-01,Resume Screen,2024-09-10,False,True,False
APP-01803,CAND-1803,JOB-004,LinkedIn Paid,Sponsored Job,2024-04-10,Resume Screen,2024-04-16,False,True,False
APP-01804,CAND-1804,JOB-038,Employee Referral,Internal Referral,2025-01-30,Recruiter Screen,2025-02-06,False,True,False
APP-01805,CAND-1805,JOB-033,LinkedIn Organic,Job Posting,2025-06-17,Resume Screen,2025-06-22,False,True,False
APP-01806,CAND-1806,JOB-028,Indeed,Indeed Apply,2025-03-11,Resume Screen,2025-03-19,False,True,False
APP-01807,CAND-1807,JOB-028,LinkedIn Recruiter,InMail Outreach,2025-03-14,Resume Screen,2025-03-22,False,True,False
APP-01808,CAND-1808,JOB-024,LinkedIn Organic,Job Posting,04/02/2025,Resume Screen,13/02/2025,False,True,False
APP-01809,CAND-1809,JOB-032,LinkedIn Organic,Job Posting,2025-06-12,Hiring Manager Screen,2025-06-29,False,True,False
APP-01810,CAND-1810,JOB-004,University Partnership,Careers Fair,2024-05-12,Resume Screen,2024-05-20,False,True,False
APP-01811,CAND-1811,JOB-033,linkedin.com,Job Posting,2025-06-28,Hiring Manager Screen,2025-06-30,False,True,False
APP-01812,CAND-1812,JOB-029,Recruitment Agency,Agency Submission,2025-01-22,Recruiter Screen,2025-02-04,False,True,False
APP-01813,CAND-1813,JOB-009,Indeed,Indeed Apply,2025-06-17,Resume Screen,2025-06-24,False,True,False
APP-01814,CAND-1814,JOB-041,LinkedIn Organic,Job Posting,2025-06-08,Resume Screen,2025-06-18,False,True,False
APP-01815,CAND-1815,JOB-030,Direct Application,Careers Page,2024-01-31,Resume Screen,2024-02-05,False,True,False
APP-01816,CAND-1816,JOB-025,Employee Referral,Internal Referral,2025-06-09,Final Panel Interview,2025-06-27,False,True,False
APP-01817,CAND-1817,JOB-004,LinkedIn Organic,Job Posting,2024-03-28,Recruiter Screen,2024-04-10,False,True,False
APP-01818,CAND-1818,JOB-013,LinkedIn Organic,Job Posting,2025-02-25,Resume Screen,2025-03-07,False,True,False
APP-01819,CAND-1819,JOB-016,LinkedIn Recruiter,InMail Outreach,06/27/2025,Recruiter Screen,06/30/2025,False,True,False
APP-01820,CAND-1820,JOB-010,LinkedIn Recruiter,InMail Outreach,2025-07-01,Resume Screen,2025-06-29,False,True,False
APP-01821,CAND-1821,JOB-025,LinkedIn Recruiter,InMail Outreach,2025-06-09,Hiring Manager Screen,2025-06-26,False,True,False
APP-01822,CAND-1822,JOB-016,LinkedIn Organic,Job Posting,06/03/2025,Hiring Manager Screen,06/20/2025,False,True,False
APP-01823,CAND-1823,JOB-008,Recruitment Agency,Agency Submission,2025-06-11,Hiring Manager Screen,2025-06-30,False,True,False
APP-01824,CAND-1824,JOB-018,LinkedIn Recruiter,InMail Outreach,2025-06-16,Resume Screen,2025-06-24,False,True,False
APP-01825,CAND-1825,JOB-022,Glassdoor,Glassdoor Apply,2025-06-05,Technical Interview,2025-06-29,False,True,False
APP-01826,CAND-1826,JOB-045,LinkedIn Paid,Sponsored Job,2024-04-11,Hiring Manager Screen,2024-04-26,False,True,False
APP-01827,CAND-1827,JOB-045,LinkedIn Paid,Sponsored Job,05/18/2024,Recruiter Screen,05/28/2024,False,True,False
APP-01828,CAND-1828,JOB-032,LinkedIn Organic,Job Posting,2025-06-27,Recruiter Screen,2025-06-30,False,True,False
APP-01829,CAND-1829,JOB-045,Company Website,Careers Page,2024-05-20,Hiring Manager Screen,2024-06-10,False,False,True
APP-01830,CAND-1830,JOB-044,Employee Referral,Internal Referral,2025-06-16,Resume Screen,2025-06-23,False,True,False
APP-01831,CAND-1831,JOB-024,Glassdoor.com,Glassdoor Apply,2025-02-12,Final Panel Interview,2025-03-14,False,True,False
APP-01832,CAND-1832,JOB-015,Employee Ref,Internal Referral,2025-06-08,Hiring Manager Screen,2025-06-18,False,True,False
APP-01833,CAND-1833,JOB-033,Glassdoor,Glassdoor Apply,2025-06-16,Hiring Manager Screen,2025-06-27,False,False,True
APP-01834,CAND-1834,JOB-006,LinkedIn Organic,Job Posting,2024-02-11,Technical Assessment,2024-03-11,False,True,False
APP-01835,CAND-1835,JOB-013,LinkedIn Recruiter,InMail Outreach,2025-03-21,Resume Screen,2025-03-31,False,True,False
APP-01836,CAND-1836,JOB-041,LinkedIn,Job Posting,2025-06-13,Resume Screen,2025-06-22,False,True,False
APP-01837,CAND-1837,JOB-045,Glassdoor,Glassdoor Apply,2024-04-15,Resume Screen,2024-04-22,False,True,False
APP-01838,CAND-1838,JOB-031,Glassdoor,Glassdoor Apply,2025-06-30,Recruiter Screen,2025-06-28,False,True,False
APP-01839,CAND-1839,JOB-022,Glassdoor,Glassdoor Apply,2025-06-19,Resume Screen,2025-06-24,False,True,False
APP-01840,CAND-1840,JOB-004,linkedin,Job Posting,2024-03-29,Recruiter Screen,2024-04-10,False,True,False
APP-01841,CAND-1841,JOB-043,Indeed,Indeed Apply,2024-09-02,Recruiter Screen,2024-09-14,False,False,True
APP-01842,CAND-1842,JOB-019,LinkedIn InMail,InMail Outreach,2025-06-09,Resume Screen,2025-06-18,False,True,False
APP-01843,CAND-1843,JOB-037,Direct Application,Careers Page,2025-05-23,Hiring Manager Screen,2025-06-11,False,True,False
APP-01844,CAND-1844,JOB-043,LinkedIn Organic,Job Posting,2024-08-26,Hiring Manager Screen,2024-09-05,False,True,False
APP-01845,CAND-1845,JOB-027,Direct Application,Careers Page,2025-05-07,Final Panel Interview,2025-05-28,False,True,False
APP-01846,CAND-1846,JOB-023,LinkedIn Recruiter,InMail Outreach,2024-11-23,Technical Interview,2024-12-20,False,True,False
APP-01847,CAND-1847,JOB-013,Direct Application,Careers Page,2025-03-06,Final Panel Interview,2025-04-13,False,True,False
APP-01848,CAND-1848,JOB-007,Direct Application,Careers Page,2025-05-22,Recruiter Screen,2025-06-04,False,True,False
APP-01849,CAND-1849,JOB-027,LinkedIn Paid,Sponsored Job,2025-05-28,Resume Screen,2025-06-04,False,True,False
APP-01850,CAND-1850,JOB-003,LinkedIn Organic,Job Posting,2025-06-29,Hiring Manager Screen,2025-06-28,False,True,False
APP-01851,CAND-1851,JOB-010,Indeed,Indeed Apply,2025-05-25,Technical Assessment,2025-06-23,False,True,False
APP-01852,CAND-1852,JOB-031,Linked In,Job Posting,2025-06-19,Hiring Manager Screen,2025-07-01,False,False,True
APP-01853,CAND-1853,JOB-045,Glassdoor,Glassdoor Apply,2024-04-09,Resume Screen,2024-04-18,False,True,False
APP-01854,CAND-1854,JOB-008,Direct Application,Careers Page,2025-06-21,Resume Screen,2025-06-28,False,True,False
APP-01855,CAND-1855,JOB-035,Direct Application,Careers Page,2025-04-24,Recruiter Screen,2025-05-03,False,True,False
APP-01856,CAND-1856,JOB-015,Careers Page,Careers Page,2025-06-06,Resume Screen,2025-06-13,False,True,False
APP-01857,CAND-1857,JOB-016,Recruitment Agency,Agency Submission,2025-06-23,Technical Assessment,2025-07-01,False,False,True
APP-01858,CAND-1858,JOB-041,LinkedIn Organic,Job Posting,2025-06-15,Offer,2025-06-29,False,False,True
APP-01859,CAND-1859,JOB-009,LinkedIn Recruiter,InMail Outreach,2025-05-15,Resume Screen,2025-05-21,False,True,False
APP-01860,CAND-1860,JOB-032,Glassdoor,Glassdoor Apply,2025-06-07,Resume Screen,2025-06-14,False,True,False
APP-01861,CAND-1861,JOB-022,Indeed,Indeed Apply,2025-06-20,Recruiter Screen,2025-06-28,False,True,False
APP-01862,CAND-1862,JOB-025,Careers Page,Careers Page,2025-06-07,Resume Screen,2025-06-13,False,True,False
APP-01863,CAND-1863,JOB-018,LinkedIn Organic,Job Posting,2025-06-29,Hiring Manager Screen,2025-06-30,False,True,False
APP-01864,CAND-1864,JOB-022,Indeed,Indeed Apply,2025-06-15,Final Panel Interview,2025-06-28,False,True,False
APP-01865,CAND-1865,JOB-003,Other,Unknown,2025-07-01,Resume Screen,2025-06-29,False,True,False
APP-01866,CAND-1866,JOB-040,LinkedIn Recruiter,InMail Outreach,21/02/2024,Recruiter Screen,03/03/2024,False,True,False
APP-01867,CAND-1867,JOB-020,LinkedIn Recruiter,InMail Outreach,2024-02-06,Resume Screen,2024-02-13,False,True,False
APP-01868,CAND-1868,JOB-003,Direct Application,Careers Page,2025-06-02,Recruiter Screen,2025-06-13,False,True,False
APP-01869,CAND-1869,JOB-038,University Partnership,Careers Fair,2025-01-03,Resume Screen,2025-01-09,False,True,False
APP-01870,CAND-1870,JOB-011,LinkedIn Recruiter,InMail Outreach,2025-01-17,Recruiter Screen,2025-01-23,False,True,False
APP-01871,CAND-1871,JOB-045,LinkedIn Recruiter,InMail Outreach,2024-05-02,Hiring Manager Screen,2024-05-20,False,True,False
APP-01872,CAND-1872,JOB-041,Direct Application,Careers Page,2025-06-13,Resume Screen,2025-06-18,False,True,False
APP-01873,CAND-1873,JOB-018,Direct Application,Careers Page,2025-06-30,Resume Screen,2025-06-30,False,True,False
APP-01874,CAND-1874,JOB-010,Internal Referral,Internal Referral,2025-06-16,Hiring Manager Screen,2025-06-29,False,True,False
APP-01875,CAND-1875,JOB-017,LinkedIn Organic,Job Posting,2024-12-14,Recruiter Screen,2024-12-26,False,True,False
APP-01876,CAND-1876,JOB-005,Direct,Careers Page,2025-06-17,Technical Interview,2025-06-29,False,True,False
APP-01877,CAND-1877,JOB-017,LinkedIn Recruiter,InMail Outreach,2025-01-16,Technical Assessment,2025-02-12,False,True,False
APP-01878,CAND-1878,JOB-016,Careers Site,Careers Page,2025-06-10,Resume Screen,2025-06-19,False,True,False
APP-01879,CAND-1879,JOB-041,LinkedIn Organic,Job Posting,2025-06-13,Recruiter Screen,2025-06-22,False,True,False
APP-01880,CAND-1880,JOB-015,LinkedIn Organic,Job Posting,2025-06-16,Hiring Manager Screen,2025-06-29,False,True,False
APP-01881,CAND-1881,JOB-044,LinkedIn Organic,Job Posting,2025-06-22,Recruiter Screen,2025-07-01,False,True,False
APP-01882,CAND-1882,JOB-039,Employee Ref,Internal Referral,2025-06-29,Recruiter Screen,2025-06-30,False,False,True
APP-01883,CAND-1883,JOB-042,LinkedIn Recruiter,InMail Outreach,2024-08-09,Resume Screen,2024-08-16,False,True,False
APP-01884,CAND-1884,JOB-012,Direct Application,Careers Page,2025-06-04,Resume Screen,2025-06-10,False,True,False
APP-01885,CAND-1885,JOB-038,Indeed,Indeed Apply,2025-01-14,Resume Screen,2025-01-21,False,True,False
APP-01886,CAND-1886,JOB-009,LinkedIn Organic,Job Posting,2025-05-06,Resume Screen,2025-05-12,False,True,False
APP-01887,CAND-1887,JOB-028,LinkedIn Organic,Job Posting,2025-03-02,Recruiter Screen,2025-03-09,False,False,True
APP-01888,CAND-1888,JOB-041,Direct Application,Careers Page,2025-06-02,Recruiter Screen,2025-06-13,False,False,True
APP-01889,CAND-1889,JOB-007,LinkedIn Organic,Job Posting,2025-06-22,Hiring Manager Screen,2025-07-01,False,True,False
APP-01890,CAND-1890,JOB-008,Recruitment Agency,Agency Submission,2025-06-16,Resume Screen,2025-06-21,False,True,False
APP-01891,CAND-1891,JOB-017,Employee Referral,Internal Referral,2024-12-22,Technical Assessment,2025-01-07,False,True,False
APP-01892,CAND-1892,JOB-017,Direct Application,Careers Page,2024-12-18,Recruiter Screen,2024-12-25,False,True,False
APP-01893,CAND-1893,JOB-011,LinkedIn Recruiter,InMail Outreach,2025-01-16,Recruiter Screen,2025-01-27,False,True,False
APP-01894,CAND-1894,JOB-028,GitHub Sourcing,GitHub Profile,2025-03-11,Resume Screen,2025-03-18,False,True,False
APP-01895,CAND-1895,JOB-036,Employee Referral,Internal Referral,2025-04-24,Recruiter Screen,2025-05-04,False,True,False
APP-01896,CAND-1896,JOB-035,linkedin.com,Job Posting,2025-06-07,Resume Screen,2025-06-12,False,True,False
APP-01897,CAND-1897,JOB-011,LinkedIn Organic,Job Posting,2024-12-18,Recruiter Screen,2024-12-26,False,True,False
APP-01898,CAND-1898,JOB-025,LinkedIn Recruiter,InMail Outreach,2025-06-10,Resume Screen,2025-06-16,False,True,False
APP-01899,CAND-1899,JOB-026,LinkedIn Recruiter,InMail Outreach,2024-02-05,Resume Screen,2024-02-11,False,True,False
APP-01900,CAND-1900,JOB-032,Employee Ref,Internal Referral,2025-06-22,Resume Screen,2025-06-28,False,True,False
APP-01901,CAND-1901,JOB-037,Employee Referral,Internal Referral,2025-06-01,Resume Screen,2025-06-09,False,True,False
APP-01902,CAND-1902,JOB-032,LinkedIn Recruiter,InMail Outreach,2025-06-19,Hiring Manager Screen,2025-07-01,False,True,False
APP-01903,CAND-1903,JOB-004,Indeed,Indeed Apply,2024-04-27,Resume Screen,2024-05-05,False,True,False
APP-01904,CAND-1904,JOB-042,Glassdoor,Glassdoor Apply,2024-08-16,Final Panel Interview,2024-09-05,False,True,False
APP-01905,CAND-1905,JOB-029,Direct Application,Careers Page,2025-02-05,Resume Screen,2025-02-11,False,True,False
APP-01906,CAND-1906,JOB-025,Employee Referral,Internal Referral,2025-06-19,Technical Assessment,2025-07-01,False,False,True
APP-01907,CAND-1907,JOB-003,Glassdoor,Glassdoor Apply,2025-06-27,Resume Screen,2025-07-01,False,True,False
APP-01908,CAND-1908,JOB-043,Employee Referral,Internal Referral,2024-09-12,Resume Screen,2024-09-20,False,True,False
APP-01909,CAND-1909,JOB-041,Direct Application,Careers Page,2025-06-29,Recruiter Screen,2025-07-01,False,True,False
APP-01910,CAND-1910,JOB-034,Direct Application,Careers Page,2025-04-26,Recruiter Screen,2025-05-04,False,True,False
APP-01911,CAND-1911,JOB-045,LinkedIn Organic,Job Posting,2024-04-26,Resume Screen,2024-05-04,False,True,False
APP-01912,CAND-1912,JOB-006,LinkedIn Recruiter,InMail Outreach,2024-02-27,Technical Assessment,2024-03-19,False,True,False
APP-01913,CAND-1913,JOB-029,LinkedIn Organic,Job Posting,2025-02-03,Resume Screen,2025-02-11,False,True,False
APP-01914,CAND-1914,JOB-016,LinkedIn Organic,Job Posting,2025-06-04,Final Panel Interview,2025-06-30,False,True,False
APP-01915,CAND-1915,JOB-034,LinkedIn Recruiter,InMail Outreach,2025-04-05,Resume Screen,2025-04-11,False,True,False
APP-01916,CAND-1916,JOB-037,LinkedIn Organic,Job Posting,2025-05-28,Resume Screen,2025-06-04,False,True,False
APP-01917,CAND-1917,JOB-041,Referral,Internal Referral,2025-06-25,Resume Screen,2025-06-29,False,True,False
APP-01918,CAND-1918,JOB-031,LinkedIn Organic,Job Posting,04/06/2025,Resume Screen,06/10/2025,False,True,False
APP-01919,CAND-1919,JOB-031,LinkedIn Organic,Job Posting,2025-06-07,Resume Screen,2025-06-14,False,True,False
APP-01920,CAND-1920,JOB-003,Direct Application,Careers Page,2025-06-24,Recruiter Screen,2025-06-29,False,True,False
APP-01921,CAND-1921,JOB-036,University Partnership,Careers Fair,2025-05-24,Resume Screen,2025-05-31,False,True,False
APP-01922,CAND-1922,JOB-003,LinkedIn Recruiter,InMail Outreach,2025-06-25,Technical Assessment,2025-06-29,False,True,False
APP-01923,CAND-1923,JOB-037,LinkedIn Organic,Job Posting,2025-06-10,Resume Screen,2025-06-17,False,True,False
APP-01924,CAND-1924,JOB-003,LinkedIn InMail,InMail Outreach,2025-06-26,Resume Screen,2025-06-28,False,True,False
APP-01925,CAND-1925,JOB-043,LinkedIn Paid,Sponsored Job,2024-08-04,Resume Screen,2024-08-11,False,True,False
APP-01926,CAND-1926,JOB-033,Agency,Agency Submission,2025-06-15,Recruiter Screen,2025-06-22,False,True,False
APP-01927,CAND-1927,JOB-014,Indeed,Indeed Apply,2024-08-18,Technical Assessment,2024-09-14,False,True,False
APP-01928,CAND-1928,JOB-007,Direct Application,Careers Page,2025-05-26,Resume Screen,2025-06-03,False,True,False
APP-01929,CAND-1929,JOB-025,LinkedIn Organic,Job Posting,2025-06-03,Resume Screen,2025-06-09,False,True,False
APP-01930,CAND-1930,JOB-016,Direct Application,Careers Page,2025-06-01,Resume Screen,2025-06-11,False,True,False
APP-01931,CAND-1931,JOB-030,Direct Application,Careers Page,2024-01-23,Resume Screen,2024-01-29,False,True,False
APP-01932,CAND-1932,JOB-010,LinkedIn Organic,Job Posting,2025-06-11,Final Panel Interview,2025-07-01,False,True,False
APP-01933,CAND-1933,JOB-016,Employee Referral,Internal Referral,2025-06-09,Hiring Manager Screen,2025-06-21,False,True,False
APP-01934,CAND-1934,JOB-021,External Recruiter,Agency Submission,2024-02-02,Technical Assessment,2024-03-05,False,False,True
APP-01935,CAND-1935,JOB-012,Employee Referral,Internal Referral,2025-06-29,Resume Screen,2025-06-28,False,True,False
APP-01936,CAND-1936,JOB-035,Direct Application,Careers Page,2025-05-18,Resume Screen,2025-05-25,False,True,False
APP-01937,CAND-1937,JOB-021,Company Website,Careers Page,2024-03-13,Resume Screen,2024-03-18,False,True,False
APP-01938,CAND-1938,JOB-011,University Partnership,Careers Fair,2025-01-13,Recruiter Screen,2025-01-25,False,True,False
APP-01939,CAND-1939,JOB-024,LinkedIn Recruiter,InMail Outreach,2025-03-07,Resume Screen,2025-03-14,False,True,False
APP-01940,CAND-1940,JOB-039,LinkedIn Recruiter,InMail Outreach,2025-06-27,Resume Screen,2025-07-01,False,True,False
APP-01941,CAND-1941,JOB-020,LinkedIn Paid,Sponsored Job,2024-02-06,Resume Screen,2024-02-15,False,True,False
APP-01942,CAND-1942,JOB-032,GitHub Sourcing,GitHub Profile,2025-06-07,Hiring Manager Screen,2025-06-21,False,True,False
APP-01943,CAND-1943,JOB-022,LinkedIn Recruiter,InMail Outreach,2025-06-17,Resume Screen,2025-06-24,False,True,False
APP-01944,CAND-1944,JOB-014,Direct Application,Careers Page,2024-07-08,Hiring Manager Screen,2024-07-23,False,True,False
APP-01945,CAND-1945,JOB-022,LinkedIn Recruiter,InMail Outreach,2025-06-01,Resume Screen,2025-06-06,False,True,False
APP-01946,CAND-1946,JOB-029,LinkedIn Organic,Job Posting,2025-01-22,Resume Screen,2025-01-31,False,True,False
APP-01947,CAND-1947,JOB-008,LinkedIn Recruiter,InMail Outreach,2025-06-13,Recruiter Screen,2025-06-24,False,True,False
APP-01948,CAND-1948,JOB-013,Employee Referral,Internal Referral,27/03/2025,Recruiter Screen,06/04/2025,False,True,False
APP-01949,CAND-1949,JOB-045,LinkedIn Recruiter,InMail Outreach,2024-04-28,Resume Screen,2024-05-06,False,True,False
APP-01950,CAND-1950,JOB-017,Employee Referral,Internal Referral,2025-01-11,Recruiter Screen,2025-01-24,False,True,False
APP-01951,CAND-1951,JOB-004,LinkedIn Organic,Job Posting,2024-05-04,Technical Assessment,2024-05-25,False,True,False
APP-01952,CAND-1952,JOB-032,LinkedIn Paid,Sponsored Job,2025-06-15,Resume Screen,2025-06-25,False,True,False
APP-01953,CAND-1953,JOB-023,GitHub,GitHub Profile,2024-10-10,Resume Screen,2024-10-15,False,True,False
APP-01954,CAND-1954,JOB-001,Employee Ref,Internal Referral,2025-04-08,Offer,2025-05-03,False,False,True
APP-01955,CAND-1955,JOB-022,Recruitment Agency,Agency Submission,2025-06-05,Hiring Manager Screen,2025-06-21,False,True,False
APP-01956,CAND-1956,JOB-013,Employee Referral,Internal Referral,2025-04-15,Hiring Manager Screen,2025-04-27,False,True,False
APP-01957,CAND-1957,JOB-011,Glassdoor,Glassdoor Apply,2024-12-28,Resume Screen,2025-01-04,False,True,False
APP-01958,CAND-1958,JOB-022,Internal Referral,Internal Referral,2025-06-09,Resume Screen,2025-06-17,False,True,False
APP-01959,CAND-1959,JOB-020,LinkedIn Organic,Job Posting,2024-02-05,Technical Assessment,2024-02-26,False,True,False
APP-01960,CAND-1960,JOB-039,agency,Agency Submission,2025-06-08,Resume Screen,2025-06-16,False,True,False
APP-01961,CAND-1961,JOB-021,LinkedIn Organic,Job Posting,2024-01-24,Recruiter Screen,2024-02-02,False,True,False
APP-01962,CAND-1962,JOB-028,LinkedIn Paid,Sponsored Job,2025-03-06,Resume Screen,2025-03-16,False,True,False
APP-01963,CAND-1963,JOB-045,Headhunter,Agency Submission,2024-04-08,Resume Screen,2024-04-15,False,True,False
APP-01964,CAND-1964,JOB-028,Glassdoor,Glassdoor Apply,2025-04-10,Resume Screen,2025-04-16,False,True,False
APP-01965,CAND-1965,JOB-014,Direct Application,Careers Page,2024-08-11,Resume Screen,2024-08-19,False,True,False
APP-01966,CAND-1966,JOB-029,LinkedIn Recruiter,InMail Outreach,2025-01-29,Recruiter Screen,2025-02-09,False,True,False
APP-01967,CAND-1967,JOB-044,LinkedIn Recruiter,InMail Outreach,2025-06-13,Resume Screen,2025-06-20,False,True,False
APP-01968,CAND-1968,JOB-041,LinkedIn Organic,Job Posting,2025-06-08,Resume Screen,2025-06-16,False,True,False
APP-01969,CAND-1969,JOB-041,LinkedIn Organic,Job Posting,2025-06-18,Final Panel Interview,2025-06-28,False,True,False
APP-01970,CAND-1970,JOB-034,LinkedIn Organic,Job Posting,2025-04-27,Resume Screen,2025-05-02,False,True,False
APP-01971,CAND-1971,JOB-025,LinkedIn Recruiter,InMail Outreach,2025-06-15,Technical Assessment,2025-07-01,False,True,False
APP-01972,CAND-1972,JOB-001,LinkedIn Organic,Job Posting,2025-04-23,Recruiter Screen,2025-05-03,False,True,False
APP-01973,CAND-1973,JOB-004,Indeed,Indeed Apply,2024-05-07,Technical Assessment,2024-05-29,False,True,False
APP-01974,CAND-1974,JOB-010,LinkedIn Organic,Job Posting,2025-06-15,Hiring Manager Screen,2025-07-01,False,True,False
APP-01975,CAND-1975,JOB-004,Direct Application,Careers Page,2024-05-14,Resume Screen,2024-05-20,False,True,False
APP-01976,CAND-1976,JOB-018,LinkedIn Organic,Job Posting,2025-06-14,Resume Screen,2025-06-24,False,True,False
APP-01977,CAND-1977,JOB-008,LinkedIn Recruiter,InMail Outreach,2025-06-08,Resume Screen,2025-06-14,False,True,False
APP-01978,CAND-1978,JOB-030,Direct Application,Careers Page,2024-01-08,Hiring Manager Screen,2024-01-24,False,True,False
APP-01979,CAND-1979,JOB-021,Agency,Agency Submission,2024-02-08,Recruiter Screen,2024-02-19,False,True,False
APP-01980,CAND-1980,JOB-008,Glassdoor,Glassdoor Apply,2025-06-06,Resume Screen,2025-06-10,False,True,False
APP-01981,CAND-1981,JOB-018,Employee Referral,Internal Referral,2025-07-01,Resume Screen,2025-06-29,False,True,False
APP-01982,CAND-1982,JOB-004,LinkedIn Paid,Sponsored Job,2024-04-16,Resume Screen,2024-04-20,False,True,False
APP-01983,CAND-1983,JOB-008,LinkedIn Organic,Job Posting,2025-06-17,Resume Screen,2025-06-25,False,True,False
APP-01984,CAND-1984,JOB-017,LinkedIn Recruiter,InMail Outreach,2025-01-07,Recruiter Screen,2025-01-16,False,True,False
APP-01985,CAND-1985,JOB-020,University Partnership,Careers Fair,2024-01-23,Resume Screen,2024-01-28,False,True,False
APP-01986,CAND-1986,JOB-042,Employee Referral,Internal Referral,2024-07-02,Offer,2024-07-24,False,False,True
APP-01987,CAND-1987,JOB-007,LinkedIn Organic,Job Posting,2025-05-27,Resume Screen,2025-06-02,False,True,False
APP-01988,CAND-1988,JOB-026,LinkedIn Organic,Job Posting,2024-03-09,Recruiter Screen,2024-03-22,False,True,False
APP-01989,CAND-1989,JOB-035,Indeed,Indeed Apply,2025-05-24,Hiring Manager Screen,2025-06-15,False,True,False
APP-01990,CAND-1990,JOB-010,LinkedIn Paid,Sponsored Job,2025-05-22,Technical Assessment,2025-06-16,False,True,False
APP-01991,CAND-1991,JOB-032,LinkedIn Organic,Job Posting,2025-06-13,Hiring Manager Screen,2025-06-30,False,True,False
APP-01992,CAND-1992,JOB-031,Glassdoor,Glassdoor Apply,2025-06-29,Resume Screen,2025-06-30,False,True,False
APP-01993,CAND-1993,JOB-043,LinkedIn InMail,InMail Outreach,2024-08-29,Recruiter Screen,2024-09-07,False,True,False
APP-01994,CAND-1994,JOB-028,LinkedIn Recruiter,InMail Outreach,2025-03-18,Resume Screen,2025-03-26,False,True,False
APP-01995,CAND-1995,JOB-004,Employee Referral,Internal Referral,2024-04-05,Technical Assessment,2024-04-19,False,False,True
APP-01996,CAND-1996,JOB-010,LinkedIn Organic,Job Posting,2025-05-27,Resume Screen,2025-06-03,False,True,False
APP-01997,CAND-1997,JOB-030,Employee Referral,Internal Referral,2024-02-25,Hiring Manager Screen,2024-03-07,False,True,False
APP-01998,CAND-1998,JOB-033,LinkedIn Organic,Job Posting,2025-06-18,Resume Screen,2025-06-27,False,True,False
APP-01999,CAND-1999,JOB-028,Other,Unknown,2025-03-16,Hiring Manager Screen,2025-03-31,False,True,False
APP-02000,CAND-2000,JOB-021,LinkedIn Organic,Job Posting,2024-03-05,Hiring Manager Screen,2024-03-25,False,True,False
APP-02001,CAND-2001,JOB-010,Indeed,Indeed Apply,2025-06-20,Offer,2025-06-28,False,False,True
APP-02002,CAND-2002,JOB-003,INDEED,Indeed Apply,2025-06-22,Recruiter Screen,2025-06-30,False,True,False
APP-02003,CAND-2003,JOB-003,Recruitment Agency,Agency Submission,2025-06-29,Resume Screen,2025-06-30,False,True,False
APP-02004,CAND-2004,JOB-008,University Partnership,Careers Fair,2025-06-11,Resume Screen,2025-06-17,False,True,False
APP-02005,CAND-2005,JOB-021,LinkedIn Organic,Job Posting,2024-03-19,Recruiter Screen,2024-03-29,False,True,False
APP-02006,CAND-2006,JOB-002,LinkedIn Organic,Job Posting,2025-06-13,Recruiter Screen,2025-06-28,False,True,False
APP-02007,CAND-2007,JOB-044,LinkedIn Organic,Job Posting,2025-06-09,Reference Check,2025-06-30,False,True,False
APP-02008,CAND-2008,JOB-039,LinkedIn,Job Posting,2025-06-29,Resume Screen,2025-06-29,False,True,False
APP-02009,CAND-2009,JOB-014,LinkedIn Organic,Job Posting,2024-07-31,Technical Assessment,2024-08-22,False,False,True
APP-02010,CAND-2010,JOB-034,Employee Referral,Internal Referral,2025-05-27,Recruiter Screen,2025-06-06,False,False,True
APP-02011,CAND-2011,JOB-007,Employee Referral,Internal Referral,2025-05-31,Final Panel Interview,2025-06-24,False,True,False
APP-02012,CAND-2012,JOB-018,LinkedIn Paid,Sponsored Job,2025-06-18,Technical Assessment,2025-06-28,False,True,False
APP-02013,CAND-2013,JOB-003,agency,Agency Submission,2025-06-02,Recruiter Screen,2025-06-15,False,True,False
APP-02014,CAND-2014,JOB-005,LinkedIn Recruiter,InMail Outreach,2025-06-21,Resume Screen,2025-07-01,False,True,False
APP-02015,CAND-2015,JOB-004,Direct Application,Careers Page,2024-04-05,Recruiter Screen,2024-04-18,False,True,False
APP-02016,CAND-2016,JOB-030,LinkedIn Organic,Job Posting,2024-02-03,Resume Screen,2024-02-12,False,True,False
APP-02017,CAND-2017,JOB-009,Internal Referral,Internal Referral,2025-06-02,Hiring Manager Screen,2025-06-10,False,True,False
APP-02018,CAND-2018,JOB-014,Indeed,Indeed Apply,2024-08-20,Technical Interview,2024-09-26,False,True,False
APP-02019,CAND-2019,JOB-012,github,GitHub Profile,2025-06-09,Recruiter Screen,2025-06-19,False,True,False
APP-02020,CAND-2020,JOB-025,Employee Ref,Internal Referral,2025-06-23,Resume Screen,2025-06-28,False,True,False
APP-02021,CAND-2021,JOB-024,Glassdoor,Glassdoor Apply,2025-02-09,Resume Screen,2025-02-17,False,True,False
APP-02022,CAND-2022,JOB-033,Employee Referral,Internal Referral,2025-06-12,Recruiter Screen,2025-06-20,False,True,False
APP-02023,CAND-2023,JOB-011,LI Recruiter,InMail Outreach,2024-12-27,Resume Screen,2025-01-01,False,True,False
APP-02024,CAND-2024,JOB-032,University Partnership,Careers Fair,2025-06-19,Resume Screen,2025-06-25,False,True,False
APP-02025,CAND-2025,JOB-007,LinkedIn InMail,InMail Outreach,2025-06-25,Recruiter Screen,2025-06-29,False,True,False
APP-02026,CAND-2026,JOB-009,Company Website,Careers Page,2025-05-13,Resume Screen,2025-05-20,False,True,False
APP-02027,CAND-2027,JOB-015,Employee Referral,Internal Referral,2025-06-16,Resume Screen,2025-06-24,False,True,False
APP-02028,CAND-2028,JOB-007,Employee Referral,Internal Referral,2025-06-01,Final Panel Interview,2025-06-26,False,True,False
APP-02029,CAND-2029,JOB-025,LinkedIn Recruiter,InMail Outreach,2025-06-29,Technical Assessment,2025-07-01,False,True,False
APP-02030,CAND-2030,JOB-019,Direct Application,Careers Page,2025-06-14,Resume Screen,2025-06-22,False,True,False
APP-02031,CAND-2031,JOB-034,LinkedIn Organic,Job Posting,2025-04-07,Resume Screen,2025-04-16,False,True,False
APP-02032,CAND-2032,JOB-005,LinkedIn Recruiter,InMail Outreach,2025-06-05,Technical Assessment,2025-06-27,False,True,False
APP-02033,CAND-2033,JOB-042,Direct Application,Careers Page,2024-08-10,Resume Screen,2024-08-15,False,True,False
APP-02034,CAND-2034,JOB-014,Recruitment Agency,Agency Submission,2024-07-28,Recruiter Screen,2024-08-10,False,True,False
APP-02035,CAND-2035,JOB-003,LinkedIn Organic,Job Posting,2025-06-16,Hiring Manager Screen,2025-07-01,False,True,False
APP-02036,CAND-2036,JOB-022,Employee Referral,Internal Referral,2025-06-11,Technical Assessment,2025-06-25,False,True,False
APP-02037,CAND-2037,JOB-017,agency,Agency Submission,2025-01-03,Recruiter Screen,2025-01-16,False,True,False
APP-02038,CAND-2038,JOB-020,University Partnership,Careers Fair,2024-03-06,Hiring Manager Screen,2024-03-26,False,True,False
APP-02039,CAND-2039,JOB-031,LI,Job Posting,2025-06-19,Hiring Manager Screen,2025-06-29,False,True,False
APP-02040,CAND-2040,JOB-018,Employee Referral,Internal Referral,2025-06-16,Resume Screen,2025-06-22,False,True,False
APP-02041,CAND-2041,JOB-044,Direct Application,Careers Page,2025-06-13,Recruiter Screen,2025-06-24,False,True,False
APP-02042,CAND-2042,JOB-036,Direct Application,Careers Page,2025-05-29,Hiring Manager Screen,2025-06-12,False,True,False
APP-02043,CAND-2043,JOB-041,LinkedIn Recruiter,InMail Outreach,2025-06-03,Hiring Manager Screen,2025-06-22,False,True,False
APP-02044,CAND-2044,JOB-035,Indeed,Indeed Apply,2025-05-20,Hiring Manager Screen,2025-06-06,False,True,False
APP-02045,CAND-2045,JOB-022,LinkedIn Recruiter,InMail Outreach,2025-06-13,Technical Interview,2025-06-29,False,True,False
APP-02046,CAND-2046,JOB-033,LinkedIn Organic,Job Posting,2025-06-30,Recruiter Screen,2025-06-30,False,True,False
APP-02047,CAND-2047,JOB-031,LinkedIn Recruiter,InMail Outreach,2025-06-12,Resume Screen,2025-06-17,False,True,False
APP-02048,CAND-2048,JOB-005,LinkedIn Recruiter,InMail Outreach,2025-06-26,Hiring Manager Screen,2025-07-01,False,True,False
APP-02049,CAND-2049,JOB-011,LinkedIn Organic,Job Posting,2025-01-17,Technical Interview,2025-02-19,False,True,False
APP-02050,CAND-2050,JOB-013,Indeed,Indeed Apply,2025-04-01,Technical Assessment,2025-04-25,False,True,False
APP-02051,CAND-2051,JOB-036,Headhunter,Agency Submission,2025-04-13,Hiring Manager Screen,2025-05-01,False,True,False
APP-02052,CAND-2052,JOB-010,LinkedIn Paid,Sponsored Job,2025-06-12,Resume Screen,2025-06-18,False,True,False
APP-02053,CAND-2053,JOB-043,Careers Page,Careers Page,2024-08-19,Recruiter Screen,2024-08-28,False,True,False
APP-02054,CAND-2054,JOB-042,Direct Application,Careers Page,2024-07-03,Recruiter Screen,2024-07-19,False,True,False
APP-02055,CAND-2055,JOB-041,LinkedIn Recruiter,InMail Outreach,2025-06-16,Resume Screen,2025-06-25,False,True,False
APP-02056,CAND-2056,JOB-017,LinkedIn Organic,Job Posting,2024-12-19,Recruiter Screen,2025-01-04,False,True,False
APP-02057,CAND-2057,JOB-029,referral,Internal Referral,2025-02-01,Recruiter Screen,2025-02-07,False,True,False
APP-02058,CAND-2058,JOB-007,LinkedIn Recruiter,InMail Outreach,2025-06-13,Hiring Manager Screen,2025-06-24,False,True,False
APP-02059,CAND-2059,JOB-007,Recruitment Agency,Agency Submission,2025-06-05,Hiring Manager Screen,2025-06-25,False,True,False
APP-02060,CAND-2060,JOB-015,LinkedIn Recruiter,InMail Outreach,2025-06-23,Final Panel Interview,2025-06-29,False,True,False
APP-02061,CAND-2061,JOB-022,Other,Unknown,2025-06-01,Resume Screen,2025-06-10,False,True,False
APP-02062,CAND-2062,JOB-039,Employee Referral,Internal Referral,2025-06-29,Hiring Manager Screen,2025-06-28,False,True,False
APP-02063,CAND-2063,JOB-044,Indeed,Indeed Apply,2025-06-12,Resume Screen,2025-06-21,False,True,False
APP-02064,CAND-2064,JOB-042,GitHub Sourcing,GitHub Profile,2024-07-14,Hiring Manager Screen,2024-07-27,False,True,False
APP-02065,CAND-2065,JOB-026,Direct Application,Careers Page,2024-01-16,Recruiter Screen,2024-01-29,False,True,False
APP-02066,CAND-2066,JOB-024,INDEED,Indeed Apply,2025-02-08,Hiring Manager Screen,2025-02-21,False,True,False
APP-02067,CAND-2067,JOB-026,LinkedIn Organic,Job Posting,2024-02-07,Resume Screen,2024-02-11,False,True,False
APP-02068,CAND-2068,JOB-037,Headhunter,Agency Submission,2025-05-19,Hiring Manager Screen,2025-06-05,False,True,False
APP-02069,CAND-2069,JOB-027,LinkedIn,Job Posting,2025-05-27,Resume Screen,2025-06-05,False,True,False
APP-02070,CAND-2070,JOB-036,LinkedIn Recruiter,InMail Outreach,2025-04-24,Recruiter Screen,2025-05-05,False,True,False
APP-02071,CAND-2071,JOB-035,Direct Application,Careers Page,2025-04-25,Final Panel Interview,2025-05-19,False,True,False
APP-02072,CAND-2072,JOB-014,LinkedIn Organic,Job Posting,2024-07-22,Technical Assessment,2024-08-15,False,True,False
APP-02073,CAND-2073,JOB-024,LinkedIn Organic,Job Posting,2025-03-14,Recruiter Screen,2025-03-23,False,True,False
APP-02074,CAND-2074,JOB-026,LinkedIn Recruiter,InMail Outreach,2024-02-20,Technical Assessment,2024-03-14,False,True,False
APP-02075,CAND-2075,JOB-004,Direct Application,Careers Page,2024-04-25,Resume Screen,2024-05-01,False,True,False
APP-02076,CAND-2076,JOB-040,GitHub Sourcing,GitHub Profile,2024-02-16,Recruiter Screen,2024-02-26,False,True,False
APP-02077,CAND-2077,JOB-045,Glassdoor,Glassdoor Apply,2024-05-15,Recruiter Screen,2024-05-26,False,True,False
APP-02078,CAND-2078,JOB-008,Employee Referral,Internal Referral,2025-06-30,Resume Screen,2025-07-01,False,True,False
APP-02079,CAND-2079,JOB-014,LinkedIn Organic,Job Posting,2024-07-04,Technical Interview,2024-08-10,False,True,False
APP-02080,CAND-2080,JOB-045,LinkedIn Recruiter,InMail Outreach,2024-05-30,Resume Screen,2024-06-06,False,True,False
APP-02081,CAND-2081,JOB-031,LinkedIn Organic,Job Posting,2025-06-26,Hiring Manager Screen,2025-06-30,False,True,False
APP-02082,CAND-2082,JOB-012,LinkedIn Recruiter,InMail Outreach,2025-06-27,Technical Interview,2025-06-28,False,True,False
APP-02083,CAND-2083,JOB-020,Employee Ref,Internal Referral,2024-02-13,Recruiter Screen,2024-02-25,False,True,False
APP-02084,CAND-2084,JOB-045,linkedin,Job Posting,2024-04-23,Resume Screen,2024-05-02,False,True,False
APP-02085,CAND-2085,JOB-011,LinkedIn Organic,Job Posting,2024-12-19,Recruiter Screen,2025-01-02,False,True,False
APP-02086,CAND-2086,JOB-012,Glassdoor,Glassdoor Apply,2025-06-10,Resume Screen,2025-06-15,False,True,False
APP-02087,CAND-2087,JOB-030,Direct Application,Careers Page,2024-02-19,Recruiter Screen,2024-03-01,False,True,False
APP-02088,CAND-2088,JOB-019,LinkedIn Organic,Job Posting,2025-06-29,Resume Screen,2025-06-28,False,True,False
APP-02089,CAND-2089,JOB-005,Direct Application,Careers Page,2025-06-07,Resume Screen,2025-06-16,False,True,False
APP-02090,CAND-2090,JOB-012,Employee Referral,Internal Referral,2025-06-16,Hiring Manager Screen,2025-06-28,False,True,False
APP-02091,CAND-2091,JOB-011,LinkedIn Recruiter,InMail Outreach,2024-12-28,Hiring Manager Screen,2025-01-12,False,True,False
APP-02092,CAND-2092,JOB-045,LinkedIn Organic,Job Posting,2024-04-12,Hiring Manager Screen,2024-04-28,False,True,False
APP-02093,CAND-2093,JOB-032,LinkedIn Recruiter,InMail Outreach,2025-06-23,Hiring Manager Screen,2025-06-29,False,True,False
APP-02094,CAND-2094,JOB-030,LinkedIn Organic,Job Posting,2024-01-10,Recruiter Screen,2024-01-24,False,True,False
APP-02095,CAND-2095,JOB-040,LinkedIn Paid,Sponsored Job,2024-02-12,Hiring Manager Screen,2024-02-26,False,True,False
APP-02096,CAND-2096,JOB-031,Linked In,Job Posting,2025-06-04,Recruiter Screen,2025-06-17,False,True,False
APP-02097,CAND-2097,JOB-009,Employee Referral,Internal Referral,2025-06-06,Resume Screen,2025-06-13,False,True,False
APP-02098,CAND-2098,JOB-017,Company Website,Careers Page,2024-12-20,Resume Screen,2024-12-27,False,True,False
APP-02099,CAND-2099,JOB-006,Employee Referral,Internal Referral,2024-01-28,Resume Screen,2024-02-01,False,True,False
APP-02100,CAND-2100,JOB-034,Direct Application,Careers Page,2025-05-21,Recruiter Screen,2025-06-02,False,True,False
APP-02101,CAND-2101,JOB-040,Careers Page,Careers Page,2024-01-06,Resume Screen,2024-01-13,False,True,False
APP-02102,CAND-2102,JOB-005,Recruitment Agency,Agency Submission,2025-06-17,Resume Screen,2025-06-23,False,True,False
APP-02103,CAND-2103,JOB-025,LinkedIn Organic,Job Posting,2025-06-20,Technical Assessment,2025-07-01,False,False,True
APP-02104,CAND-2104,JOB-025,LinkedIn Recruiter,InMail Outreach,07/06/2025,Recruiter Screen,06/20/2025,False,True,False
APP-02105,CAND-2105,JOB-018,LinkedIn Organic,Job Posting,2025-06-19,Resume Screen,2025-06-27,False,True,False
APP-02106,CAND-2106,JOB-023,Employee Referral,Internal Referral,2024-10-12,Resume Screen,2024-10-21,False,True,False
APP-02107,CAND-2107,JOB-028,Linked In,Job Posting,2025-02-17,Resume Screen,2025-02-23,False,True,False
APP-02108,CAND-2108,JOB-040,linkedin,Job Posting,2024-01-26,Resume Screen,2024-01-31,False,True,False
APP-02109,CAND-2109,JOB-037,LinkedIn Recruiter,InMail Outreach,2025-06-09,Recruiter Screen,2025-06-16,False,True,False
APP-02110,CAND-2110,JOB-031,Employee Referral,Internal Referral,2025-06-14,Offer,2025-06-30,False,False,True
APP-02111,CAND-2111,JOB-022,LinkedIn Recruiter,InMail Outreach,2025-06-14,Resume Screen,2025-06-19,False,True,False
APP-02112,CAND-2112,JOB-007,Direct Application,Careers Page,2025-06-04,Resume Screen,2025-06-12,False,True,False
APP-02113,CAND-2113,JOB-003,Direct Application,Careers Page,2025-06-21,Hiring Manager Screen,2025-06-30,False,True,False
APP-02114,CAND-2114,JOB-024,LinkedIn Recruiter,InMail Outreach,2025-03-05,Hiring Manager Screen,2025-03-20,False,True,False
APP-02115,CAND-2115,JOB-022,LinkedIn Recruiter,InMail Outreach,2025-06-30,Recruiter Screen,2025-07-01,False,True,False
APP-02116,CAND-2116,JOB-043,LinkedIn Organic,Job Posting,2024-09-07,Recruiter Screen,2024-09-17,False,True,False
APP-02117,CAND-2117,JOB-004,LinkedIn Sponsored,Sponsored Job,2024-03-27,Resume Screen,2024-04-01,False,True,False
APP-02118,CAND-2118,JOB-024,LinkedIn Recruiter,InMail Outreach,2025-02-08,Hiring Manager Screen,2025-02-27,False,True,False
APP-02119,CAND-2119,JOB-033,LI Recruiter,InMail Outreach,2025-06-01,Resume Screen,2025-06-08,False,True,False
APP-02120,CAND-2120,JOB-027,LinkedIn Organic,Job Posting,2025-05-24,Hiring Manager Screen,2025-06-10,False,True,False
APP-02121,CAND-2121,JOB-016,Indeed,Indeed Apply,2025-06-28,Recruiter Screen,2025-06-30,False,True,False
APP-02122,CAND-2122,JOB-008,LinkedIn Recruiter,InMail Outreach,2025-07-01,Recruiter Screen,2025-07-01,False,True,False
APP-02123,CAND-2123,JOB-020,Indeed,Indeed Apply,2024-02-29,Resume Screen,2024-03-06,False,True,False
APP-02124,CAND-2124,JOB-035,LinkedIn Organic,Job Posting,2025-05-22,Resume Screen,2025-05-26,False,True,False
APP-02125,CAND-2125,JOB-027,LinkedIn Organic,Job Posting,2025-05-16,Hiring Manager Screen,2025-06-02,False,True,False
APP-02126,CAND-2126,JOB-011,Direct Application,Careers Page,2025-02-02,Resume Screen,2025-02-10,False,True,False
APP-02127,CAND-2127,JOB-034,Other,Unknown,2025-04-30,Recruiter Screen,2025-05-13,False,True,False
APP-02128,CAND-2128,JOB-003,LinkedIn Organic,Job Posting,2025-06-19,Final Panel Interview,2025-07-01,False,True,False
APP-02129,CAND-2129,JOB-003,LinkedIn Organic,Job Posting,2025-06-05,Resume Screen,2025-06-10,False,True,False
APP-02130,CAND-2130,JOB-017,University Partnership,Careers Fair,2024-12-02,Technical Assessment,2025-01-01,False,True,False
APP-02131,CAND-2131,JOB-036,GitHub Sourcing,GitHub Profile,2025-05-24,Resume Screen,2025-05-28,False,True,False
APP-02132,CAND-2132,JOB-035,Other,Unknown,2025-05-01,Recruiter Screen,2025-05-10,False,False,True
APP-02133,CAND-2133,JOB-009,linkedin.com,Job Posting,2025-05-06,Recruiter Screen,2025-05-15,False,True,False
APP-02134,CAND-2134,JOB-039,LinkedIn Organic,Job Posting,2025-06-16,Hiring Manager Screen,2025-06-29,False,True,False
APP-02135,CAND-2135,JOB-024,indeed,Indeed Apply,2025-02-18,Technical Assessment,2025-03-14,False,True,False
APP-02136,CAND-2136,JOB-024,LinkedIn Organic,Job Posting,2025-02-09,Recruiter Screen,2025-02-21,False,True,False
APP-02137,CAND-2137,JOB-038,Recruitment Agency,Agency Submission,2025-01-02,Recruiter Screen,2025-01-16,False,True,False
APP-02138,CAND-2138,JOB-002,LinkedIn Recruiter,InMail Outreach,2025-06-16,Recruiter Screen,2025-06-27,False,True,False
APP-02139,CAND-2139,JOB-033,LinkedIn Recruiter,InMail Outreach,2025-06-23,Hiring Manager Screen,2025-06-28,False,False,True
APP-02140,CAND-2140,JOB-012,Other,Unknown,2025-06-22,Hiring Manager Screen,2025-07-01,False,True,False
APP-02141,CAND-2141,JOB-034,LinkedIn Recruiter,InMail Outreach,2025-04-09,Recruiter Screen,2025-04-20,False,True,False
APP-02142,CAND-2142,JOB-041,Employee Referral,Internal Referral,2025-06-05,Resume Screen,2025-06-11,False,True,False
APP-02143,CAND-2143,JOB-001,Indeed,Indeed Apply,2025-04-23,Hiring Manager Screen,2025-05-11,False,True,False
APP-02144,CAND-2144,JOB-022,Indeed,Indeed Apply,2025-06-27,Resume Screen,2025-07-01,False,True,False
APP-02145,CAND-2145,JOB-012,LinkedIn Recruiter,InMail Outreach,2025-06-01,Technical Interview,2025-06-28,False,True,False
APP-02146,CAND-2146,JOB-029,agency,Agency Submission,2025-01-06,Recruiter Screen,2025-01-16,False,True,False
APP-02147,CAND-2147,JOB-007,LinkedIn Organic,Job Posting,2025-05-29,Resume Screen,2025-06-06,False,True,False
APP-02148,CAND-2148,JOB-005,Indeed,Indeed Apply,2025-06-06,Hiring Manager Screen,2025-06-22,False,True,False
APP-02149,CAND-2149,JOB-007,LinkedIn Organic,Job Posting,2025-05-27,Hiring Manager Screen,2025-06-09,False,True,False
APP-02150,CAND-2150,JOB-016,GitHub Sourcing,GitHub Profile,2025-06-19,Resume Screen,2025-06-26,False,True,False
APP-02151,CAND-2151,JOB-003,LinkedIn Organic,Job Posting,2025-06-24,Recruiter Screen,2025-06-28,False,True,False
APP-02152,CAND-2152,JOB-014,Direct Application,Careers Page,2024-07-22,Resume Screen,2024-07-29,False,True,False
APP-02153,CAND-2153,JOB-022,LinkedIn Recruiter,InMail Outreach,2025-06-27,Technical Assessment,2025-06-29,False,True,False
APP-02154,CAND-2154,JOB-041,Employee Referral,Internal Referral,2025-06-19,Hiring Manager Screen,2025-06-30,False,True,False
APP-02155,CAND-2155,JOB-035,LinkedIn Paid,Sponsored Job,2025-05-19,Final Panel Interview,2025-06-16,False,True,False
APP-02156,CAND-2156,JOB-020,LinkedIn Paid,Sponsored Job,2024-01-29,Resume Screen,2024-02-03,False,True,False
APP-02157,CAND-2157,JOB-015,Employee Referral,Internal Referral,2025-06-10,Resume Screen,2025-06-17,False,True,False
APP-02158,CAND-2158,JOB-043,LinkedIn Organic,Job Posting,2024-08-20,Resume Screen,2024-08-26,False,True,False
APP-02159,CAND-2159,JOB-006,LinkedIn Organic,Job Posting,2024-01-27,Hiring Manager Screen,2024-02-13,False,True,False
APP-02160,CAND-2160,JOB-010,LinkedIn Organic,Job Posting,2025-06-29,Hiring Manager Screen,2025-06-28,False,True,False
APP-02161,CAND-2161,JOB-011,Direct Application,Careers Page,2025-01-20,Recruiter Screen,2025-02-02,False,True,False
APP-02162,CAND-2162,JOB-019,LinkedIn Recruiter,InMail Outreach,2025-06-16,Final Panel Interview,2025-06-30,False,True,False
APP-02163,CAND-2163,JOB-035,LinkedIn,Job Posting,2025-05-16,Final Panel Interview,2025-06-10,False,True,False
APP-02164,CAND-2164,JOB-023,Glassdoor,Glassdoor Apply,2024-11-16,Resume Screen,2024-11-21,False,True,False
APP-02165,CAND-2165,JOB-004,LinkedIn Recruiter,InMail Outreach,2024-03-26,Technical Assessment,2024-04-19,False,False,True
APP-02166,CAND-2166,JOB-043,Headhunter,Agency Submission,2024-09-04,Resume Screen,2024-09-10,False,True,False
APP-02167,CAND-2167,JOB-019,Other,Unknown,2025-06-06,Hiring Manager Screen,2025-06-25,False,True,False
APP-02168,CAND-2168,JOB-025,Employee Ref,Internal Referral,2025-06-06,Recruiter Screen,2025-06-15,False,True,False
APP-02169,CAND-2169,JOB-019,LinkedIn Organic,Job Posting,2025-06-24,Hiring Manager Screen,2025-06-29,False,True,False
APP-02170,CAND-2170,JOB-041,Direct Application,Careers Page,2025-06-27,Resume Screen,2025-06-28,False,True,False
APP-02171,CAND-2171,JOB-038,LinkedIn Recruiter,InMail Outreach,2025-02-02,Hiring Manager Screen,2025-02-17,False,True,False
APP-02172,CAND-2172,JOB-028,LinkedIn Organic,Job Posting,2025-03-25,Hiring Manager Screen,2025-04-05,False,True,False
APP-02173,CAND-2173,JOB-002,LinkedIn Recruiter,InMail Outreach,2025-06-23,Resume Screen,2025-06-30,False,True,False
APP-02174,CAND-2174,JOB-025,linkedin.com,Job Posting,2025-06-09,Resume Screen,2025-06-16,False,True,False
APP-02175,CAND-2175,JOB-009,Direct Application,Careers Page,2025-05-06,Offer,2025-06-30,False,False,True
APP-02176,CAND-2176,JOB-035,LinkedIn Recruiter,InMail Outreach,2025-04-29,Resume Screen,2025-05-05,False,True,False
APP-02177,CAND-2177,JOB-005,Glassdoor,Glassdoor Apply,2025-06-10,Recruiter Screen,2025-06-20,False,True,False
APP-02178,CAND-2178,JOB-026,Direct Application,Careers Page,2024-02-22,Technical Assessment,2024-03-22,False,True,False
APP-02179,CAND-2179,JOB-005,LinkedIn InMail,InMail Outreach,2025-06-04,Recruiter Screen,2025-06-14,False,True,False
APP-02180,CAND-2180,JOB-040,Glassdoor,Glassdoor Apply,2024-02-27,Resume Screen,2024-03-07,False,True,False
APP-02181,CAND-2181,JOB-042,Employee Referral,Internal Referral,2024-06-18,Recruiter Screen,2024-06-30,False,True,False
APP-02182,CAND-2182,JOB-033,LinkedIn Recruiter,InMail Outreach,2025-06-07,Resume Screen,2025-06-16,False,True,False
APP-02183,CAND-2183,JOB-008,Direct Application,Careers Page,2025-07-01,Technical Assessment,2025-06-30,False,False,True
APP-02184,CAND-2184,JOB-012,LinkedIn Paid,Sponsored Job,2025-06-27,Recruiter Screen,2025-06-28,False,True,False
APP-02185,CAND-2185,JOB-024,LinkedIn Organic,Job Posting,2025-02-09,Resume Screen,2025-02-16,False,True,False
APP-02186,CAND-2186,JOB-036,Recruitment Agency,Agency Submission,2025-05-14,Resume Screen,2025-05-21,False,True,False
APP-02187,CAND-2187,JOB-033,Other,Unknown,2025-06-07,Resume Screen,2025-06-12,False,True,False
APP-02188,CAND-2188,JOB-008,LinkedIn InMail,InMail Outreach,2025-06-11,Hiring Manager Screen,2025-06-25,False,True,False
APP-02189,CAND-2189,JOB-042,LinkedIn Paid,Sponsored Job,2024-07-11,Recruiter Screen,2024-07-22,False,True,False
APP-02190,CAND-2190,JOB-038,glassdoor,Glassdoor Apply,2025-02-07,Resume Screen,2025-02-14,False,True,False
APP-02191,CAND-2191,JOB-012,Indeed,Indeed Apply,2025-06-11,Resume Screen,2025-06-21,False,True,False
APP-02192,CAND-2192,JOB-036,Linked In,Job Posting,2025-05-02,Recruiter Screen,2025-05-14,False,True,False
APP-02193,CAND-2193,JOB-010,LinkedIn Organic,Job Posting,22/06/2025,Recruiter Screen,30/06/2025,False,True,False
APP-02194,CAND-2194,JOB-022,LinkedIn Recruiter,InMail Outreach,2025-06-03,Recruiter Screen,2025-06-12,False,True,False
APP-02195,CAND-2195,JOB-035,Employee Referral,Internal Referral,2025-06-07,Hiring Manager Screen,2025-06-18,False,False,True
APP-02196,CAND-2196,JOB-036,LinkedIn Organic,Job Posting,2025-04-13,Resume Screen,2025-04-21,False,True,False
APP-02197,CAND-2197,JOB-009,Employee Referral,Internal Referral,2025-06-07,Recruiter Screen,2025-06-15,False,True,False
APP-02198,CAND-2198,JOB-035,LinkedIn Paid,Sponsored Job,2025-06-05,Resume Screen,2025-06-11,False,True,False
APP-02199,CAND-2199,JOB-042,LinkedIn Organic,Job Posting,2024-08-14,Resume Screen,2024-08-19,False,True,False
APP-02200,CAND-2200,JOB-002,Indeed,Indeed Apply,2025-06-27,Resume Screen,2025-07-01,False,True,False
APP-02201,CAND-2201,JOB-034,LinkedIn Organic,Job Posting,2025-05-14,Recruiter Screen,2025-05-29,False,True,False
APP-02202,CAND-2202,JOB-026,Other,Unknown,2024-02-18,Resume Screen,2024-02-25,False,True,False
APP-02203,CAND-2203,JOB-024,LinkedIn Paid,Sponsored Job,09/02/2025,Technical Assessment,01/03/2025,False,False,True
APP-02204,CAND-2204,JOB-032,Direct Application,Careers Page,2025-06-21,Resume Screen,2025-06-27,False,True,False
APP-02205,CAND-2205,JOB-007,LinkedIn Recruiter,InMail Outreach,2025-06-01,Offer,2025-06-30,False,False,True
APP-02206,CAND-2206,JOB-017,LinkedIn Recruiter,InMail Outreach,2024-12-26,Recruiter Screen,2025-01-09,False,True,False
APP-02207,CAND-2207,JOB-016,Employee Referral,Internal Referral,2025-06-28,Recruiter Screen,2025-07-01,False,True,False
APP-02208,CAND-2208,JOB-037,Company Website,Careers Page,2025-05-18,Resume Screen,2025-05-23,False,True,False
APP-02209,CAND-2209,JOB-014,Employee Referral,Internal Referral,2024-08-07,Resume Screen,2024-08-12,False,True,False
APP-02210,CAND-2210,JOB-020,Recruitment Agency,Agency Submission,2024-01-23,Recruiter Screen,2024-02-03,False,True,False
APP-02211,CAND-2211,JOB-037,LinkedIn,Job Posting,2025-04-29,Hiring Manager Screen,2025-05-18,False,True,False
APP-02212,CAND-2212,JOB-017,LI,Job Posting,2024-12-12,Hiring Manager Screen,2024-12-26,False,True,False
APP-02213,CAND-2213,JOB-038,referral,Internal Referral,2025-01-21,Recruiter Screen,2025-02-01,False,True,False
APP-02214,CAND-2214,JOB-003,Indeed,Indeed Apply,2025-06-12,Resume Screen,2025-06-18,False,True,False
APP-02215,CAND-2215,JOB-042,LinkedIn Paid,Sponsored Job,2024-07-09,Hiring Manager Screen,2024-07-25,False,True,False
APP-02216,CAND-2216,JOB-042,LinkedIn Organic,Job Posting,2024-08-09,Resume Screen,2024-08-13,False,True,False
APP-02217,CAND-2217,JOB-016,Indeed,Indeed Apply,2025-06-18,Technical Assessment,2025-07-01,False,False,True
APP-02218,CAND-2218,JOB-009,LinkedIn Organic,Job Posting,2025-05-27,Resume Screen,2025-06-02,False,True,False
APP-02219,CAND-2219,JOB-014,Glassdoor,Glassdoor Apply,2024-07-05,Recruiter Screen,2024-07-16,False,True,False
APP-02220,CAND-2220,JOB-006,Employee Referral,Internal Referral,2024-03-02,Resume Screen,2024-03-08,False,True,False
APP-02221,CAND-2221,JOB-025,Indeed,Indeed Apply,27/06/2025,Technical Assessment,06/30/2025,False,False,True
APP-02222,CAND-2222,JOB-018,Glassdoor,Glassdoor Apply,2025-06-01,Resume Screen,2025-06-07,False,True,False
APP-02223,CAND-2223,JOB-012,Other,Unknown,2025-06-30,Hiring Manager Screen,2025-07-01,False,True,False
APP-02224,CAND-2224,JOB-017,LinkedIn Organic,Job Posting,2024-12-05,Recruiter Screen,2024-12-15,False,True,False
APP-02225,CAND-2225,JOB-021,LinkedIn Organic,Job Posting,09/02/2024,Technical Assessment,03/05/2024,False,True,False
APP-02226,CAND-2226,JOB-031,Direct Application,Careers Page,2025-06-21,Recruiter Screen,2025-06-28,False,True,False
APP-02227,CAND-2227,JOB-028,LinkedIn Organic,Job Posting,2025-03-21,Resume Screen,2025-03-27,False,True,False
APP-02228,CAND-2228,JOB-025,Recruitment Agency,Agency Submission,2025-06-29,Recruiter Screen,2025-06-29,False,True,False
APP-02229,CAND-2229,JOB-035,LinkedIn Recruiter,InMail Outreach,2025-05-09,Recruiter Screen,2025-05-22,False,True,False
APP-02230,CAND-2230,JOB-031,LinkedIn Recruiter,InMail Outreach,2025-06-30,Recruiter Screen,2025-06-28,False,True,False
APP-02231,CAND-2231,JOB-026,Indeed,Indeed Apply,2024-02-10,Recruiter Screen,2024-02-22,False,True,False
APP-02232,CAND-2232,JOB-007,LinkedIn Organic,Job Posting,2025-06-30,Technical Assessment,2025-06-28,False,True,False
APP-02233,CAND-2233,JOB-029,Glassdoor,Glassdoor Apply,2025-02-11,Hiring Manager Screen,2025-02-24,False,True,False
APP-02234,CAND-2234,JOB-014,LinkedIn Organic,Job Posting,2024-07-23,Recruiter Screen,2024-08-03,False,True,False
APP-02235,CAND-2235,JOB-027,LinkedIn Recruiter,InMail Outreach,2025-06-20,Hiring Manager Screen,2025-06-30,False,False,True
APP-02236,CAND-2236,JOB-027,Glassdoor.com,Glassdoor Apply,2025-04-24,Resume Screen,2025-05-03,False,True,False
APP-02237,CAND-2237,JOB-033,Direct Application,Careers Page,2025-06-06,Recruiter Screen,2025-06-14,False,True,False
APP-02238,CAND-2238,JOB-001,Direct,Careers Page,05/09/2025,Resume Screen,17/05/2025,False,True,False
APP-02239,CAND-2239,JOB-038,LinkedIn Recruiter,InMail Outreach,2025-01-02,Resume Screen,2025-01-06,False,True,False
APP-02240,CAND-2240,JOB-004,Indeed,Indeed Apply,2024-04-29,Resume Screen,2024-05-08,False,True,False
APP-02241,CAND-2241,JOB-018,LinkedIn InMail,InMail Outreach,2025-06-25,Recruiter Screen,2025-06-29,False,True,False
APP-02242,CAND-2242,JOB-022,LinkedIn Recruiter,InMail Outreach,2025-06-07,Resume Screen,2025-06-12,False,True,False
APP-02243,CAND-2243,JOB-040,GitHub Sourcing,GitHub Profile,2024-01-06,Recruiter Screen,2024-01-15,False,True,False
APP-02244,CAND-2244,JOB-018,LinkedIn Recruiter,InMail Outreach,2025-06-21,Resume Screen,2025-06-26,False,True,False
APP-02245,CAND-2245,JOB-044,LinkedIn Recruiter,InMail Outreach,2025-06-15,Recruiter Screen,2025-06-26,False,True,False
APP-02246,CAND-2246,JOB-023,LinkedIn Organic,Job Posting,2024-10-26,Recruiter Screen,2024-11-05,False,True,False
APP-02247,CAND-2247,JOB-013,LinkedIn Recruiter,InMail Outreach,2025-04-24,Hiring Manager Screen,2025-05-11,False,True,False
APP-02248,CAND-2248,JOB-024,LinkedIn Recruiter,InMail Outreach,2025-03-03,Technical Assessment,2025-03-24,False,True,False
APP-02249,CAND-2249,JOB-044,LinkedIn Paid,Sponsored Job,06/24/2025,Resume Screen,06/30/2025,False,True,False
APP-02250,CAND-2250,JOB-015,LinkedIn Organic,Job Posting,2025-06-22,Resume Screen,2025-06-29,False,True,False
APP-02251,CAND-2251,JOB-033,Direct Application,Careers Page,2025-06-06,Hiring Manager Screen,2025-06-16,False,True,False
APP-02252,CAND-2252,JOB-010,LinkedIn Recruiter,InMail Outreach,24/05/2025,Resume Screen,06/01/2025,False,True,False
APP-02253,CAND-2253,JOB-005,Indeed,Indeed Apply,2025-06-02,Hiring Manager Screen,2025-06-15,False,True,False
APP-02254,CAND-2254,JOB-022,LinkedIn Recruiter,InMail Outreach,2025-06-25,Resume Screen,2025-07-01,False,True,False
APP-02255,CAND-2255,JOB-026,Direct Application,Careers Page,2024-01-19,Recruiter Screen,2024-01-28,False,True,False
APP-02256,CAND-2256,JOB-012,LinkedIn Recruiter,InMail Outreach,2025-06-07,Resume Screen,2025-06-12,False,True,False
APP-02257,CAND-2257,JOB-043,LinkedIn Recruiter,InMail Outreach,2024-08-25,Recruiter Screen,2024-09-05,False,True,False
APP-02258,CAND-2258,JOB-035,Direct Application,Careers Page,2025-06-01,Resume Screen,2025-06-09,False,True,False
APP-02259,CAND-2259,JOB-024,LinkedIn Organic,Job Posting,2025-01-30,Technical Assessment,2025-02-22,False,False,True
APP-02260,CAND-2260,JOB-034,Recruitment Agency,Agency Submission,2025-04-22,Resume Screen,2025-04-27,False,True,False
APP-02261,CAND-2261,JOB-021,Employee Referral,Internal Referral,2024-01-31,Resume Screen,2024-02-05,False,True,False
APP-02262,CAND-2262,JOB-034,LinkedIn Paid,Sponsored Job,2025-05-14,Reference Check,2025-06-12,False,True,False
APP-02263,CAND-2263,JOB-003,Glassdoor,Glassdoor Apply,2025-06-18,Hiring Manager Screen,2025-06-29,False,True,False
APP-02264,CAND-2264,JOB-041,Recruitment Agency,Agency Submission,2025-06-24,Recruiter Screen,2025-06-30,False,True,False
APP-02265,CAND-2265,JOB-037,Indeed,Indeed Apply,2025-05-21,Hiring Manager Screen,2025-06-05,False,True,False
APP-02266,CAND-2266,JOB-001,Glassdoor,Glassdoor Apply,2025-05-21,Final Panel Interview,2025-06-29,False,True,False
APP-02267,CAND-2267,JOB-011,Glassdoor,Glassdoor Apply,2025-02-02,Hiring Manager Screen,2025-02-20,False,True,False
APP-02268,CAND-2268,JOB-041,LinkedIn Organic,Job Posting,2025-06-18,Resume Screen,2025-06-24,False,True,False
APP-02269,CAND-2269,JOB-001,Direct Application,Careers Page,2025-04-08,Recruiter Screen,2025-04-19,False,True,False
APP-02270,CAND-2270,JOB-016,LinkedIn Recruiter,InMail Outreach,2025-06-10,Resume Screen,2025-06-18,False,True,False
APP-02271,CAND-2271,JOB-027,Direct Application,Careers Page,2025-04-27,Hiring Manager Screen,2025-05-13,False,True,False
APP-02272,CAND-2272,JOB-026,linkedin.com,Job Posting,2024-01-13,Recruiter Screen,2024-01-22,False,False,True
APP-02273,CAND-2273,JOB-037,Direct Application,Careers Page,2025-06-05,Recruiter Screen,2025-06-14,False,True,False
APP-02274,CAND-2274,JOB-045,LinkedIn Organic,Job Posting,2024-06-03,Hiring Manager Screen,2024-06-18,False,True,False
APP-02275,CAND-2275,JOB-001,LinkedIn Organic,Job Posting,2025-05-14,Hiring Manager Screen,2025-06-04,False,True,False
APP-02276,CAND-2276,JOB-029,LinkedIn Organic,Job Posting,2025-01-24,Resume Screen,2025-01-29,False,True,False
APP-02277,CAND-2277,JOB-005,LinkedIn InMail,InMail Outreach,2025-06-03,Resume Screen,2025-06-10,False,True,False
APP-02278,CAND-2278,JOB-016,Direct Application,Careers Page,2025-06-06,Recruiter Screen,2025-06-16,False,True,False
APP-02279,CAND-2279,JOB-001,Direct Application,Careers Page,2025-05-04,Resume Screen,2025-05-10,False,True,False
APP-02280,CAND-2280,JOB-024,LinkedIn Organic,Job Posting,2025-03-06,Resume Screen,2025-03-11,False,True,False
APP-02281,CAND-2281,JOB-040,Employee Referral,Internal Referral,2024-01-16,Resume Screen,2024-01-24,False,True,False
APP-02282,CAND-2282,JOB-011,Indeed,Indeed Apply,2024-12-21,Technical Assessment,2025-01-09,False,False,True
APP-02283,CAND-2283,JOB-020,LinkedIn Organic,Job Posting,2024-01-21,Resume Screen,2024-01-25,False,True,False
APP-02284,CAND-2284,JOB-044,LinkedIn Recruiter,InMail Outreach,2025-06-16,Resume Screen,2025-06-22,False,True,False
APP-02285,CAND-2285,JOB-001,LinkedIn Recruiter,InMail Outreach,2025-06-01,Resume Screen,2025-06-10,False,True,False
APP-02286,CAND-2286,JOB-026,LinkedIn Paid,Sponsored Job,2024-02-02,Resume Screen,2024-02-06,False,True,False
APP-02287,CAND-2287,JOB-036,LinkedIn InMail,InMail Outreach,2025-04-17,Recruiter Screen,2025-04-25,False,True,False
APP-02288,CAND-2288,JOB-009,LI,Job Posting,2025-06-09,Resume Screen,2025-06-13,False,True,False
APP-02289,CAND-2289,JOB-040,LinkedIn Organic,Job Posting,2024-02-25,Resume Screen,2024-02-29,False,True,False
APP-02290,CAND-2290,JOB-005,Careers Site,Careers Page,2025-06-29,Hiring Manager Screen,2025-06-29,False,True,False
APP-02291,CAND-2291,JOB-018,LinkedIn Organic,Job Posting,2025-06-28,Final Panel Interview,2025-06-29,False,True,False
APP-02292,CAND-2292,JOB-021,indeed,Indeed Apply,2024-02-11,Recruiter Screen,2024-02-24,False,True,False
APP-02293,CAND-2293,JOB-015,LinkedIn Organic,Job Posting,2025-06-09,Resume Screen,2025-06-16,False,True,False
APP-02294,CAND-2294,JOB-019,LinkedIn Recruiter,InMail Outreach,2025-06-08,Recruiter Screen,2025-06-19,False,True,False
APP-02295,CAND-2295,JOB-011,LinkedIn Organic,Job Posting,2024-12-09,Resume Screen,2024-12-15,False,True,False
APP-02296,CAND-2296,JOB-041,Direct Application,Careers Page,2025-06-26,Recruiter Screen,2025-07-01,False,True,False
APP-02297,CAND-2297,JOB-007,linkedin,Job Posting,2025-05-21,Technical Assessment,2025-06-19,False,False,True
APP-02298,CAND-2298,JOB-039,LinkedIn Organic,Job Posting,18/06/2025,Resume Screen,26/06/2025,False,True,False
APP-02299,CAND-2299,JOB-004,LinkedIn Organic,Job Posting,2024-04-10,Resume Screen,2024-04-17,False,True,False
APP-02300,CAND-2300,JOB-035,LinkedIn Ads,Sponsored Job,2025-05-24,Recruiter Screen,2025-06-07,False,True,False
APP-02301,CAND-2301,JOB-009,LinkedIn Organic,Job Posting,2025-05-04,Recruiter Screen,2025-05-15,False,True,False
APP-02302,CAND-2302,JOB-020,Company Website,Careers Page,2024-03-06,Resume Screen,2024-03-15,False,True,False
APP-02303,CAND-2303,JOB-009,LinkedIn Organic,Job Posting,2025-05-24,Technical Assessment,2025-06-16,False,True,False
APP-02304,CAND-2304,JOB-039,LinkedIn Organic,Job Posting,2025-06-18,Final Panel Interview,2025-06-29,False,True,False
APP-02305,CAND-2305,JOB-037,LinkedIn Organic,Job Posting,2025-04-23,Hiring Manager Screen,2025-05-11,False,False,True
APP-02306,CAND-2306,JOB-027,linkedin.com,Job Posting,2025-06-01,Resume Screen,2025-06-11,False,True,False
APP-02307,CAND-2307,JOB-007,Glassdoor,Glassdoor Apply,2025-06-08,Resume Screen,2025-06-13,False,True,False
APP-02308,CAND-2308,JOB-013,LinkedIn Organic,Job Posting,2025-04-19,Recruiter Screen,2025-04-27,False,True,False
APP-02309,CAND-2309,JOB-040,Careers Site,Careers Page,2024-01-30,Resume Screen,2024-02-07,False,True,False
APP-02310,CAND-2310,JOB-040,Employee Referral,Internal Referral,2024-02-01,Resume Screen,2024-02-09,False,True,False
APP-02311,CAND-2311,JOB-041,LinkedIn Organic,Job Posting,2025-06-29,Hiring Manager Screen,2025-06-28,False,True,False
APP-02312,CAND-2312,JOB-010,Recruitment Agency,Agency Submission,2025-06-18,Technical Assessment,2025-06-30,False,False,True
APP-02313,CAND-2313,JOB-024,Employee Referral,Internal Referral,2025-02-26,Resume Screen,2025-03-06,False,True,False
APP-02314,CAND-2314,JOB-022,Recruitment Agency,Agency Submission,2025-06-28,Resume Screen,2025-07-01,False,True,False
APP-02315,CAND-2315,JOB-035,LinkedIn Organic,Job Posting,2025-06-08,Hiring Manager Screen,2025-06-22,False,True,False
APP-02316,CAND-2316,JOB-040,LinkedIn Organic,Job Posting,02/10/2024,Resume Screen,17/02/2024,False,True,False
APP-02317,CAND-2317,JOB-030,Glassdoor,Glassdoor Apply,2024-01-12,Resume Screen,2024-01-20,False,True,False
APP-02318,CAND-2318,JOB-040,Direct Application,Careers Page,2024-01-08,Recruiter Screen,2024-01-19,False,True,False
APP-02319,CAND-2319,JOB-018,LinkedIn Organic,Job Posting,2025-06-18,Resume Screen,2025-06-25,False,True,False
APP-02320,CAND-2320,JOB-042,LinkedIn Organic,Job Posting,2024-06-24,Resume Screen,2024-07-01,False,True,False
APP-02321,CAND-2321,JOB-023,LinkedIn Organic,Job Posting,2024-12-03,Resume Screen,2024-12-12,False,True,False
APP-02322,CAND-2322,JOB-044,Glassdoor,Glassdoor Apply,2025-06-18,Hiring Manager Screen,2025-06-29,False,True,False
APP-02323,CAND-2323,JOB-034,Employee Referral,Internal Referral,2025-05-31,Recruiter Screen,2025-06-11,False,True,False
APP-02324,CAND-2324,JOB-009,Employee Referral,Internal Referral,2025-06-08,Technical Assessment,2025-06-22,False,True,False
APP-02325,CAND-2325,JOB-005,Employee Referral,Internal Referral,2025-06-20,Hiring Manager Screen,2025-07-01,False,True,False
APP-02326,CAND-2326,JOB-008,LinkedIn Paid,Sponsored Job,2025-06-15,Resume Screen,2025-06-22,False,True,False
APP-02327,CAND-2327,JOB-022,Indeed.com,Indeed Apply,2025-06-26,Technical Assessment,2025-07-01,False,False,True
APP-02328,CAND-2328,JOB-020,LinkedIn Paid,Sponsored Job,2024-02-06,Technical Assessment,2024-03-02,False,False,True
APP-02329,CAND-2329,JOB-017,LinkedIn Recruiter,InMail Outreach,2025-01-17,Hiring Manager Screen,2025-02-05,False,True,False
APP-02330,CAND-2330,JOB-015,LinkedIn Organic,Job Posting,2025-06-28,Recruiter Screen,2025-06-29,False,True,False
APP-02331,CAND-2331,JOB-040,Employee Referral,Internal Referral,2024-02-28,Recruiter Screen,2024-03-08,False,True,False
APP-02332,CAND-2332,JOB-043,LI Recruiter,InMail Outreach,2024-08-12,Resume Screen,2024-08-19,False,True,False
APP-02333,CAND-2333,JOB-030,Employee Referral,Internal Referral,2024-01-26,Final Panel Interview,2024-02-12,False,True,False
APP-02334,CAND-2334,JOB-033,LinkedIn Organic,Job Posting,2025-06-14,Resume Screen,2025-06-20,False,True,False
APP-02335,CAND-2335,JOB-024,Direct Application,Careers Page,2025-03-11,Recruiter Screen,2025-03-25,False,True,False
APP-02336,CAND-2336,JOB-004,LinkedIn Organic,Job Posting,2024-04-03,Resume Screen,2024-04-09,False,True,False
APP-02337,CAND-2337,JOB-022,LinkedIn Organic,Job Posting,2025-06-16,Recruiter Screen,2025-06-24,False,True,False
APP-02338,CAND-2338,JOB-018,LinkedIn Recruiter,InMail Outreach,2025-06-22,Resume Screen,2025-06-27,False,True,False
APP-02339,CAND-2339,JOB-027,LinkedIn Recruiter,InMail Outreach,2025-05-11,Resume Screen,2025-05-18,False,True,False
APP-02340,CAND-2340,JOB-017,LinkedIn Paid,Sponsored Job,2024-12-20,Recruiter Screen,2024-12-31,False,True,False
APP-02341,CAND-2341,JOB-042,Direct Application,Careers Page,2024-08-08,Resume Screen,2024-08-13,False,True,False
APP-02342,CAND-2342,JOB-033,Direct Application,Careers Page,09/06/2025,Resume Screen,16/06/2025,False,True,False
APP-02343,CAND-2343,JOB-019,Employee Referral,Internal Referral,2025-06-28,Resume Screen,2025-07-01,False,True,False
APP-02344,CAND-2344,JOB-039,Employee Referral,Internal Referral,2025-06-17,Hiring Manager Screen,2025-06-26,False,True,False
APP-02345,CAND-2345,JOB-008,Glassdoor,Glassdoor Apply,2025-06-14,Resume Screen,2025-06-23,False,True,False
APP-02346,CAND-2346,JOB-030,Indeed,Indeed Apply,2024-01-13,Hiring Manager Screen,2024-01-28,False,True,False
APP-02347,CAND-2347,JOB-004,Headhunter,Agency Submission,2024-04-24,Offer,2024-06-10,False,False,True
APP-02348,CAND-2348,JOB-021,Direct Application,Careers Page,2024-02-09,Recruiter Screen,2024-02-22,False,True,False
APP-02349,CAND-2349,JOB-032,LinkedIn Organic,Job Posting,2025-06-01,Reference Check,2025-06-30,False,True,False
APP-02350,CAND-2350,JOB-034,LinkedIn Organic,Job Posting,2025-05-19,Hiring Manager Screen,2025-06-02,False,True,False
APP-02351,CAND-2351,JOB-041,Glassdoor,Glassdoor Apply,2025-06-22,Hiring Manager Screen,2025-07-01,False,True,False
APP-02352,CAND-2352,JOB-033,LI,Job Posting,2025-06-19,Resume Screen,2025-06-24,False,True,False
APP-02353,CAND-2353,JOB-032,Employee Referral,Internal Referral,2025-06-12,Resume Screen,2025-06-17,False,True,False
APP-02354,CAND-2354,JOB-033,LI,Job Posting,2025-06-27,Resume Screen,2025-07-01,False,True,False
APP-02355,CAND-2355,JOB-013,LinkedIn Recruiter,InMail Outreach,2025-04-18,Technical Assessment,2025-05-15,False,False,True
APP-02356,CAND-2356,JOB-035,Employee Referral,Internal Referral,2025-06-09,Hiring Manager Screen,2025-06-22,False,False,True
APP-02357,CAND-2357,JOB-029,Indeed,Indeed Apply,2025-02-12,Recruiter Screen,2025-02-24,False,True,False
APP-02358,CAND-2358,JOB-029,Employee Referral,Internal Referral,2025-02-20,Recruiter Screen,2025-02-25,False,True,False
APP-02359,CAND-2359,JOB-005,LinkedIn Paid,Sponsored Job,2025-06-26,Technical Assessment,2025-06-29,False,True,False
APP-02360,CAND-2360,JOB-024,LinkedIn Recruiter,InMail Outreach,2025-03-12,Hiring Manager Screen,2025-04-02,False,True,False
APP-02361,CAND-2361,JOB-032,Indeed,Indeed Apply,2025-06-02,Hiring Manager Screen,2025-06-20,False,True,False
APP-02362,CAND-2362,JOB-039,LinkedIn Paid,Sponsored Job,2025-06-03,Resume Screen,2025-06-11,False,True,False
APP-02363,CAND-2363,JOB-004,Direct Application,Careers Page,2024-04-16,Recruiter Screen,2024-04-27,False,True,False
APP-02364,CAND-2364,JOB-006,LI Recruiter,InMail Outreach,2024-02-27,Resume Screen,2024-03-06,False,True,False
APP-02365,CAND-2365,JOB-019,LinkedIn Recruiter,InMail Outreach,2025-06-06,Technical Assessment,2025-06-28,False,True,False
APP-02366,CAND-2366,JOB-002,GitHub Sourcing,GitHub Profile,2025-06-22,Resume Screen,2025-06-27,False,True,False
APP-02367,CAND-2367,JOB-017,Glassdoor.com,Glassdoor Apply,2025-01-23,Recruiter Screen,2025-02-02,False,False,True
APP-02368,CAND-2368,JOB-030,LinkedIn InMail,InMail Outreach,2024-02-20,Resume Screen,2024-02-27,False,True,False
APP-02369,CAND-2369,JOB-009,Employee Referral,Internal Referral,2025-06-04,Resume Screen,2025-06-13,False,True,False
APP-02370,CAND-2370,JOB-004,LinkedIn Recruiter,InMail Outreach,2024-04-18,Final Panel Interview,2024-06-05,False,True,False
APP-02371,CAND-2371,JOB-042,LinkedIn Recruiter,InMail Outreach,2024-07-19,Hiring Manager Screen,2024-08-03,False,False,True
APP-02372,CAND-2372,JOB-009,Referral,Internal Referral,2025-06-16,Resume Screen,2025-06-23,False,True,False
APP-02373,CAND-2373,JOB-021,Indeed,Indeed Apply,2024-02-03,Technical Assessment,2024-02-26,False,False,True
APP-02374,CAND-2374,JOB-030,Glassdoor,Glassdoor Apply,2024-01-13,Final Panel Interview,2024-02-05,False,True,False
APP-02375,CAND-2375,JOB-001,LinkedIn Recruiter,InMail Outreach,2025-04-28,Recruiter Screen,2025-05-10,False,True,False
APP-02376,CAND-2376,JOB-005,LinkedIn Organic,Job Posting,2025-06-18,Recruiter Screen,2025-06-29,False,True,False
APP-02377,CAND-2377,JOB-016,LinkedIn Paid,Sponsored Job,2025-06-17,Hiring Manager Screen,2025-06-30,False,True,False
APP-02378,CAND-2378,JOB-016,LinkedIn Organic,Job Posting,2025-06-17,Resume Screen,2025-06-23,False,True,False
APP-02379,CAND-2379,JOB-024,LinkedIn Organic,Job Posting,2025-02-12,Technical Assessment,2025-03-03,False,True,False
APP-02380,CAND-2380,JOB-028,LinkedIn Recruiter,InMail Outreach,2025-02-18,Recruiter Screen,2025-03-04,False,True,False
APP-02381,CAND-2381,JOB-016,Employee Referral,Internal Referral,2025-06-08,Resume Screen,2025-06-12,False,True,False
APP-02382,CAND-2382,JOB-041,LinkedIn Organic,Job Posting,2025-06-16,Resume Screen,2025-06-22,False,True,False
APP-02383,CAND-2383,JOB-007,Recruitment Agency,Agency Submission,2025-06-15,Technical Interview,2025-06-28,False,True,False
APP-02384,CAND-2384,JOB-005,LinkedIn,Job Posting,2025-06-04,Resume Screen,2025-06-11,False,True,False
APP-02385,CAND-2385,JOB-017,Careers Page,Careers Page,2025-01-17,Resume Screen,2025-01-27,False,True,False
APP-02386,CAND-2386,JOB-002,LinkedIn Organic,Job Posting,2025-06-15,Resume Screen,2025-06-22,False,True,False
APP-02387,CAND-2387,JOB-026,Indeed,Indeed Apply,2024-03-06,Hiring Manager Screen,2024-03-22,False,True,False
APP-02388,CAND-2388,JOB-016,Direct Application,Careers Page,2025-06-03,Hiring Manager Screen,2025-06-20,False,True,False
APP-02389,CAND-2389,JOB-030,LinkedIn Ads,Sponsored Job,2024-01-16,Offer,2024-02-17,False,False,True
APP-02390,CAND-2390,JOB-011,LinkedIn Recruiter,InMail Outreach,01/01/2025,Technical Interview,02/12/2025,False,True,False
APP-02391,CAND-2391,JOB-012,LinkedIn Organic,Job Posting,2025-06-16,Resume Screen,2025-06-21,False,True,False
APP-02392,CAND-2392,JOB-008,LinkedIn InMail,InMail Outreach,2025-06-19,Resume Screen,2025-06-25,False,True,False
APP-02393,CAND-2393,JOB-007,Employee Referral,Internal Referral,2025-06-23,Resume Screen,2025-06-30,False,True,False
APP-02394,CAND-2394,JOB-020,LinkedIn Organic,Job Posting,2024-02-03,Hiring Manager Screen,2024-02-17,False,True,False
APP-02395,CAND-2395,JOB-026,LinkedIn Recruiter,InMail Outreach,2024-01-25,Resume Screen,2024-02-02,False,True,False
APP-02396,CAND-2396,JOB-019,Referral,Internal Referral,2025-06-27,Recruiter Screen,2025-06-28,False,True,False
APP-02397,CAND-2397,JOB-039,Direct Application,Careers Page,2025-06-20,Hiring Manager Screen,2025-06-28,False,True,False
APP-02398,CAND-2398,JOB-037,LinkedIn Organic,Job Posting,2025-05-15,Resume Screen,2025-05-20,False,True,False
APP-02399,CAND-2399,JOB-041,LinkedIn Paid,Sponsored Job,2025-06-12,Hiring Manager Screen,2025-06-23,False,True,False
APP-02400,CAND-2400,JOB-020,LinkedIn Recruiter,InMail Outreach,2024-01-29,Resume Screen,2024-02-04,False,True,False
APP-02401,CAND-2401,JOB-043,Employee Referral,Internal Referral,19/09/2024,Hiring Manager Screen,01/10/2024,False,True,False
APP-02402,CAND-2402,JOB-013,linkedin.com,Job Posting,2025-03-05,Resume Screen,2025-03-12,False,True,False
APP-02403,CAND-2403,JOB-029,LinkedIn Organic,Job Posting,2025-02-07,Resume Screen,2025-02-14,False,True,False
APP-02404,CAND-2404,JOB-020,Glassdoor.com,Glassdoor Apply,2024-02-18,Recruiter Screen,2024-03-02,False,True,False
APP-02405,CAND-2405,JOB-004,LinkedIn Organic,Job Posting,2024-03-28,Reference Check,2024-05-13,False,True,False
APP-02406,CAND-2406,JOB-040,University Partnership,Careers Fair,2024-01-06,Resume Screen,2024-01-12,False,True,False
APP-02407,CAND-2407,JOB-044,Employee Referral,Internal Referral,2025-06-18,Resume Screen,2025-06-22,False,True,False
APP-02408,CAND-2408,JOB-026,Glassdoor,Glassdoor Apply,2024-01-10,Resume Screen,2024-01-16,False,True,False
APP-02409,CAND-2409,JOB-018,Employee Referral,Internal Referral,2025-06-23,Resume Screen,2025-06-29,False,True,False
APP-02410,CAND-2410,JOB-027,Direct Application,Careers Page,2025-06-16,Resume Screen,2025-06-21,False,True,False
APP-02411,CAND-2411,JOB-036,LinkedIn Organic,Job Posting,2025-04-07,Resume Screen,2025-04-14,False,True,False
APP-02412,CAND-2412,JOB-020,LinkedIn Recruiter,InMail Outreach,02/23/2024,Technical Assessment,14/03/2024,False,True,False
APP-02413,CAND-2413,JOB-006,Direct Application,Careers Page,2024-01-27,Resume Screen,2024-02-06,False,True,False
APP-02414,CAND-2414,JOB-039,Employee Referral,Internal Referral,2025-06-10,Resume Screen,2025-06-18,False,True,False
APP-02415,CAND-2415,JOB-031,Direct Application,Careers Page,2025-06-29,Resume Screen,2025-06-29,False,True,False
APP-02416,CAND-2416,JOB-012,LinkedIn InMail,InMail Outreach,2025-06-17,Hiring Manager Screen,2025-06-28,False,True,False
APP-02417,CAND-2417,JOB-010,LinkedIn Organic,Job Posting,2025-06-03,Technical Assessment,2025-06-24,False,True,False
APP-02418,CAND-2418,JOB-021,Indeed,Indeed Apply,2024-02-16,Recruiter Screen,2024-02-24,False,True,False
APP-02419,CAND-2419,JOB-038,LinkedIn Recruiter,InMail Outreach,2025-02-18,Resume Screen,2025-02-24,False,True,False
APP-02420,CAND-2420,JOB-002,LinkedIn Organic,Job Posting,06/20/2025,Resume Screen,06/28/2025,False,True,False
APP-02421,CAND-2421,JOB-002,Other,Unknown,2025-06-20,Recruiter Screen,2025-06-26,False,True,False
APP-02422,CAND-2422,JOB-043,University Partnership,Careers Fair,2024-08-12,Hiring Manager Screen,2024-08-26,False,True,False
APP-02423,CAND-2423,JOB-007,Internal Referral,Internal Referral,2025-06-01,Resume Screen,2025-06-08,False,True,False
APP-02424,CAND-2424,JOB-005,LinkedIn Recruiter,InMail Outreach,06/11/2025,Recruiter Screen,18/06/2025,False,True,False
APP-02425,CAND-2425,JOB-039,Direct,Careers Page,2025-06-07,Resume Screen,2025-06-14,False,True,False
APP-02426,CAND-2426,JOB-010,LinkedIn Recruiter,InMail Outreach,2025-06-12,Resume Screen,2025-06-20,False,True,False
APP-02427,CAND-2427,JOB-027,Employee Referral,Internal Referral,2025-05-08,Resume Screen,2025-05-16,False,True,False
APP-02428,CAND-2428,JOB-004,LinkedIn Paid,Sponsored Job,2024-04-15,Recruiter Screen,2024-04-25,False,True,False
APP-02429,CAND-2429,JOB-004,Glassdoor,Glassdoor Apply,2024-05-12,Resume Screen,2024-05-18,False,True,False
APP-02430,CAND-2430,JOB-039,Recruitment Agency,Agency Submission,2025-06-02,Resume Screen,2025-06-09,False,True,False
APP-02431,CAND-2431,JOB-019,Employee Referral,Internal Referral,2025-06-29,Recruiter Screen,2025-06-29,False,True,False
APP-02432,CAND-2432,JOB-009,Recruitment Agency,Agency Submission,2025-05-11,Resume Screen,2025-05-17,False,True,False
APP-02433,CAND-2433,JOB-035,LI,Job Posting,15/05/2025,Recruiter Screen,28/05/2025,False,True,False
APP-02434,CAND-2434,JOB-023,Direct Application,Careers Page,2024-10-31,Technical Assessment,2024-11-19,False,True,False
APP-02435,CAND-2435,JOB-011,LinkedIn Paid,Sponsored Job,2024-12-13,Technical Interview,2025-01-19,False,True,False
APP-02436,CAND-2436,JOB-035,Glassdoor,Glassdoor Apply,2025-05-27,Resume Screen,2025-06-03,False,True,False
APP-02437,CAND-2437,JOB-045,Indeed,Indeed Apply,2024-05-03,Hiring Manager Screen,2024-05-24,False,True,False
APP-02438,CAND-2438,JOB-045,LinkedIn Organic,Job Posting,2024-05-26,Resume Screen,2024-05-30,False,True,False
APP-02439,CAND-2439,JOB-032,LinkedIn Recruiter,InMail Outreach,2025-06-17,Resume Screen,2025-06-27,False,True,False
APP-02440,CAND-2440,JOB-042,Careers Site,Careers Page,2024-07-09,Resume Screen,2024-07-15,False,True,False
APP-02441,CAND-2441,JOB-004,LinkedIn Recruiter,InMail Outreach,2024-04-06,Recruiter Screen,2024-04-18,False,True,False
APP-02442,CAND-2442,JOB-041,Employee Referral,Internal Referral,2025-06-26,Resume Screen,2025-07-01,False,True,False
APP-02443,CAND-2443,JOB-033,LinkedIn Recruiter,InMail Outreach,2025-06-21,Hiring Manager Screen,2025-06-29,False,True,False
APP-02444,CAND-2444,JOB-015,Glassdoor,Glassdoor Apply,2025-06-11,Resume Screen,2025-06-17,False,True,False
APP-02445,CAND-2445,JOB-005,Direct Application,Careers Page,2025-06-07,Technical Interview,2025-07-01,False,True,False
APP-02446,CAND-2446,JOB-036,LinkedIn Organic,Job Posting,2025-05-20,Hiring Manager Screen,2025-06-06,False,True,False
APP-02447,CAND-2447,JOB-034,LinkedIn Recruiter,InMail Outreach,2025-05-04,Recruiter Screen,2025-05-13,False,True,False
APP-02448,CAND-2448,JOB-026,LinkedIn Recruiter,InMail Outreach,2024-01-21,Resume Screen,2024-01-26,False,True,False
APP-02449,CAND-2449,JOB-008,LinkedIn Sponsored,Sponsored Job,06/08/2025,Resume Screen,06/17/2025,False,True,False
APP-02450,CAND-2450,JOB-028,Recruitment Agency,Agency Submission,2025-02-16,Hiring Manager Screen,2025-03-08,False,True,False
APP-02451,CAND-2451,JOB-029,LinkedIn Organic,Job Posting,2025-02-12,Recruiter Screen,2025-02-25,False,True,False
APP-02452,CAND-2452,JOB-042,LinkedIn Organic,Job Posting,2024-08-11,Resume Screen,2024-08-19,False,True,False
APP-02453,CAND-2453,JOB-008,Indeed,Indeed Apply,2025-06-14,Resume Screen,2025-06-20,False,True,False
APP-02454,CAND-2454,JOB-005,LinkedIn Recruiter,InMail Outreach,2025-06-10,Offer,2025-06-28,False,False,True
APP-02455,CAND-2455,JOB-041,Direct Application,Careers Page,2025-06-20,Hiring Manager Screen,2025-07-01,False,True,False
APP-02456,CAND-2456,JOB-040,LinkedIn Organic,Job Posting,2024-01-24,Recruiter Screen,2024-01-30,False,True,False
APP-02457,CAND-2457,JOB-021,GitHub Sourcing,GitHub Profile,2024-03-14,Resume Screen,2024-03-23,False,True,False
APP-02458,CAND-2458,JOB-035,GitHub Sourcing,GitHub Profile,2025-05-06,Offer,2025-06-03,False,False,True
APP-02459,CAND-2459,JOB-045,Employee Referral,Internal Referral,2024-05-02,Resume Screen,2024-05-09,False,True,False
APP-02460,CAND-2460,JOB-032,LinkedIn Recruiter,InMail Outreach,2025-06-16,Offer,2025-07-01,False,False,True
APP-02461,CAND-2461,JOB-005,LinkedIn Organic,Job Posting,2025-06-23,Resume Screen,2025-06-30,False,True,False
APP-02462,CAND-2462,JOB-025,LinkedIn Organic,Job Posting,2025-06-09,Resume Screen,2025-06-17,False,True,False
APP-02463,CAND-2463,JOB-021,Indeed,Indeed Apply,2024-02-19,Resume Screen,2024-02-25,False,True,False
APP-02464,CAND-2464,JOB-005,LinkedIn Recruiter,InMail Outreach,2025-06-27,Technical Assessment,2025-07-01,False,True,False
APP-02465,CAND-2465,JOB-039,INDEED,Indeed Apply,2025-06-26,Hiring Manager Screen,2025-07-01,False,True,False
APP-02466,CAND-2466,JOB-013,LinkedIn Recruiter,InMail Outreach,07/04/2025,Resume Screen,17/04/2025,False,True,False
APP-02467,CAND-2467,JOB-018,Employee Referral,Internal Referral,2025-06-11,Resume Screen,2025-06-16,False,True,False
APP-02468,CAND-2468,JOB-042,Indeed,Indeed Apply,07/03/2024,Hiring Manager Screen,07/21/2024,False,False,True
APP-02469,CAND-2469,JOB-037,LinkedIn Organic,Job Posting,2025-05-11,Resume Screen,2025-05-15,False,True,False
APP-02470,CAND-2470,JOB-030,Direct Application,Careers Page,2024-01-11,Resume Screen,2024-01-19,False,True,False
APP-02471,CAND-2471,JOB-026,Employee Referral,Internal Referral,2024-01-28,Resume Screen,2024-02-04,False,True,False
APP-02472,CAND-2472,JOB-002,INDEED,Indeed Apply,06/16/2025,Technical Assessment,06/29/2025,False,True,False
APP-02473,CAND-2473,JOB-017,LinkedIn Organic,Job Posting,2025-01-22,Recruiter Screen,2025-02-02,False,True,False
APP-02474,CAND-2474,JOB-037,LinkedIn Paid,Sponsored Job,2025-05-25,Resume Screen,2025-06-04,False,True,False
APP-02475,CAND-2475,JOB-026,Employee Referral,Internal Referral,2024-02-07,Resume Screen,2024-02-13,False,True,False
APP-02476,CAND-2476,JOB-045,Employee Referral,Internal Referral,2024-04-08,Recruiter Screen,2024-04-17,False,True,False
APP-02477,CAND-2477,JOB-024,Employee Referral,Internal Referral,2025-02-08,Recruiter Screen,2025-02-14,False,True,False
APP-02478,CAND-2478,JOB-044,LinkedIn Recruiter,InMail Outreach,2025-06-10,Hiring Manager Screen,2025-06-28,False,True,False
APP-02479,CAND-2479,JOB-029,LinkedIn Recruiter,InMail Outreach,2025-02-19,Resume Screen,2025-02-25,False,True,False
APP-02480,CAND-2480,JOB-005,Direct Application,Careers Page,2025-06-14,Resume Screen,2025-06-21,False,True,False
APP-02481,CAND-2481,JOB-027,LinkedIn Organic,Job Posting,2025-05-11,Resume Screen,2025-05-18,False,True,False
APP-02482,CAND-2482,JOB-039,Employee Referral,Internal Referral,2025-06-08,Recruiter Screen,2025-06-14,False,True,False
APP-02483,CAND-2483,JOB-031,glassdoor,Glassdoor Apply,2025-06-02,Recruiter Screen,2025-06-12,False,True,False
APP-02484,CAND-2484,JOB-018,linkedin.com,Job Posting,2025-06-23,Technical Assessment,2025-06-30,False,False,True
APP-02485,CAND-2485,JOB-003,LinkedIn Organic,Job Posting,2025-06-19,Resume Screen,2025-06-25,False,True,False
APP-02486,CAND-2486,JOB-042,LinkedIn Recruiter,InMail Outreach,2024-07-20,Recruiter Screen,2024-07-29,False,True,False
APP-02487,CAND-2487,JOB-044,LinkedIn Recruiter,InMail Outreach,2025-06-27,Hiring Manager Screen,2025-06-29,False,False,True
APP-02488,CAND-2488,JOB-038,Recruitment Agency,Agency Submission,2025-01-26,Hiring Manager Screen,2025-02-09,False,True,False
APP-02489,CAND-2489,JOB-034,LinkedIn Paid,Sponsored Job,2025-05-11,Resume Screen,2025-05-16,False,True,False
APP-02490,CAND-2490,JOB-029,External Recruiter,Agency Submission,2025-01-04,Hiring Manager Screen,2025-01-15,False,False,True
APP-02491,CAND-2491,JOB-018,LinkedIn Paid,Sponsored Job,2025-06-01,Resume Screen,2025-06-08,False,True,False
APP-02492,CAND-2492,JOB-015,LinkedIn Paid,Sponsored Job,2025-06-18,Recruiter Screen,2025-06-28,False,True,False
APP-02493,CAND-2493,JOB-033,LinkedIn Recruiter,InMail Outreach,2025-06-15,Resume Screen,2025-06-20,False,True,False
APP-02494,CAND-2494,JOB-003,Direct Application,Careers Page,2025-06-21,Recruiter Screen,2025-07-01,False,True,False
APP-02495,CAND-2495,JOB-034,LinkedIn Organic,Job Posting,2025-05-14,Hiring Manager Screen,2025-05-31,False,False,True
APP-02496,CAND-2496,JOB-026,Indeed,Indeed Apply,02/13/2024,Recruiter Screen,02/26/2024,False,True,False
APP-02497,CAND-2497,JOB-033,Direct Application,Careers Page,2025-06-25,Resume Screen,2025-06-30,False,True,False
APP-02498,CAND-2498,JOB-025,LinkedIn Recruiter,InMail Outreach,2025-06-26,Hiring Manager Screen,2025-06-30,False,True,False
APP-02499,CAND-2499,JOB-016,Agency,Agency Submission,2025-06-20,Technical Assessment,2025-06-30,False,False,True
APP-02500,CAND-2500,JOB-032,Direct Application,Careers Page,2025-06-25,Recruiter Screen,2025-07-01,False,True,False
APP-02501,CAND-2501,JOB-039,LinkedIn Recruiter,InMail Outreach,2025-06-03,Recruiter Screen,2025-06-13,False,True,False
APP-02502,CAND-2502,JOB-006,Linked In,Job Posting,2024-03-13,Final Panel Interview,2024-04-24,False,True,False
APP-02503,CAND-2503,JOB-022,indeed,Indeed Apply,2025-06-09,Resume Screen,2025-06-15,False,True,False
APP-02504,CAND-2504,JOB-010,LI Recruiter,InMail Outreach,2025-05-30,Recruiter Screen,2025-06-07,False,True,False
APP-02505,CAND-2505,JOB-016,LinkedIn Organic,Job Posting,2025-06-08,Recruiter Screen,2025-06-21,False,True,False
APP-02506,CAND-2506,JOB-028,LinkedIn Organic,Job Posting,2025-02-17,Recruiter Screen,2025-02-26,False,True,False
APP-02507,CAND-2507,JOB-007,LinkedIn Paid,Sponsored Job,2025-05-27,Resume Screen,2025-06-05,False,True,False
APP-02508,CAND-2508,JOB-020,LI,Job Posting,2024-02-09,Resume Screen,2024-02-17,False,True,False
APP-02509,CAND-2509,JOB-037,Employee Referral,Internal Referral,2025-06-01,Resume Screen,2025-06-07,False,True,False
APP-02510,CAND-2510,JOB-042,Indeed,Indeed Apply,2024-06-22,Resume Screen,2024-07-02,False,True,False
APP-02511,CAND-2511,JOB-032,LinkedIn Organic,Job Posting,2025-06-26,Resume Screen,2025-06-30,False,True,False
APP-02512,CAND-2512,JOB-033,GitHub Sourcing,GitHub Profile,2025-06-30,Final Panel Interview,2025-06-30,False,True,False
APP-02513,CAND-2513,JOB-018,LinkedIn Recruiter,InMail Outreach,2025-06-05,Resume Screen,2025-06-12,False,True,False
APP-02514,CAND-2514,JOB-013,Employee Referral,Internal Referral,2025-03-14,Technical Assessment,2025-03-29,False,True,False
APP-02515,CAND-2515,JOB-001,LinkedIn InMail,InMail Outreach,2025-04-13,Resume Screen,2025-04-21,False,True,False
APP-02516,CAND-2516,JOB-016,Other,Unknown,2025-06-13,Resume Screen,2025-06-19,False,True,False
APP-02517,CAND-2517,JOB-007,Direct Application,Careers Page,2025-05-30,Resume Screen,2025-06-07,False,True,False
APP-02518,CAND-2518,JOB-040,LinkedIn Recruiter,InMail Outreach,2024-02-14,Hiring Manager Screen,2024-02-28,False,True,False
APP-02519,CAND-2519,JOB-037,Indeed.com,Indeed Apply,2025-05-28,Recruiter Screen,2025-06-10,False,True,False
APP-02520,CAND-2520,JOB-034,Referral,Internal Referral,2025-04-25,Recruiter Screen,2025-05-04,False,True,False
APP-02521,CAND-2521,JOB-019,Glassdoor,Glassdoor Apply,2025-06-02,Recruiter Screen,2025-06-08,False,True,False
APP-02522,CAND-2522,JOB-017,LinkedIn Organic,Job Posting,2025-01-05,Final Panel Interview,2025-01-31,False,True,False
APP-02523,CAND-2523,JOB-013,Employee Referral,Internal Referral,2025-04-06,Final Panel Interview,2025-04-26,False,True,False
APP-02524,CAND-2524,JOB-035,Indeed,Indeed Apply,2025-04-29,Recruiter Screen,2025-05-06,False,True,False
APP-02525,CAND-2525,JOB-016,LinkedIn Recruiter,InMail Outreach,2025-06-19,Resume Screen,2025-06-26,False,True,False
APP-02526,CAND-2526,JOB-026,Linked In,Job Posting,2024-01-14,Recruiter Screen,2024-01-26,False,True,False
APP-02527,CAND-2527,JOB-038,LinkedIn Paid,Sponsored Job,2025-01-16,Resume Screen,2025-01-21,False,True,False
APP-02528,CAND-2528,JOB-035,Direct Application,Careers Page,2025-04-20,Recruiter Screen,2025-05-03,False,True,False
APP-02529,CAND-2529,JOB-027,LinkedIn Organic,Job Posting,2025-06-01,Resume Screen,2025-06-06,False,True,False
APP-02530,CAND-2530,JOB-044,Company Website,Careers Page,2025-06-20,Resume Screen,2025-06-27,False,True,False
APP-02531,CAND-2531,JOB-041,Employee Referral,Internal Referral,2025-06-22,Hiring Manager Screen,2025-06-28,False,True,False
APP-02532,CAND-2532,JOB-002,Employee Referral,Internal Referral,2025-06-20,Hiring Manager Screen,2025-06-30,False,True,False
APP-02533,CAND-2533,JOB-025,LinkedIn Paid,Sponsored Job,2025-06-18,Resume Screen,2025-06-28,False,True,False
APP-02534,CAND-2534,JOB-015,LinkedIn Paid,Sponsored Job,2025-06-20,Technical Assessment,2025-07-01,False,False,True
APP-02535,CAND-2535,JOB-015,Glassdoor,Glassdoor Apply,2025-06-28,Resume Screen,2025-06-29,False,True,False
APP-02536,CAND-2536,JOB-002,LinkedIn,Job Posting,2025-06-25,Recruiter Screen,2025-07-01,False,True,False
APP-02537,CAND-2537,JOB-029,LinkedIn Organic,Job Posting,2025-01-17,Hiring Manager Screen,2025-02-01,False,True,False
APP-02538,CAND-2538,JOB-021,LinkedIn Organic,Job Posting,2024-02-09,Resume Screen,2024-02-18,False,True,False
APP-02539,CAND-2539,JOB-006,Recruitment Agency,Agency Submission,2024-02-14,Recruiter Screen,2024-02-22,False,True,False
APP-02540,CAND-2540,JOB-009,Indeed,Indeed Apply,2025-05-13,Resume Screen,2025-05-20,False,True,False
APP-02541,CAND-2541,JOB-034,Direct Application,Careers Page,2025-04-17,Resume Screen,2025-04-24,False,True,False
APP-02542,CAND-2542,JOB-043,Indeed,Indeed Apply,2024-08-14,Final Panel Interview,2024-09-05,False,True,False
APP-02543,CAND-2543,JOB-009,Indeed,Indeed Apply,2025-05-16,Resume Screen,2025-05-24,False,True,False
APP-02544,CAND-2544,JOB-012,Direct Application,Careers Page,2025-06-30,Resume Screen,2025-06-30,False,True,False
APP-02545,CAND-2545,JOB-016,LinkedIn Organic,Job Posting,2025-06-29,Recruiter Screen,2025-06-30,False,True,False
APP-02546,CAND-2546,JOB-037,Employee Referral,Internal Referral,2025-05-01,Resume Screen,2025-05-07,False,True,False
APP-02547,CAND-2547,JOB-003,LinkedIn Organic,Job Posting,2025-06-01,Resume Screen,2025-06-09,False,True,False
APP-02548,CAND-2548,JOB-009,LinkedIn Organic,Job Posting,2025-05-18,Resume Screen,2025-05-28,False,True,False
APP-02549,CAND-2549,JOB-021,Employee Referral,Internal Referral,2024-02-02,Technical Assessment,2024-02-17,False,True,False
APP-02550,CAND-2550,JOB-017,LinkedIn Paid,Sponsored Job,2025-01-04,Resume Screen,2025-01-10,False,True,False
APP-02551,CAND-2551,JOB-032,LinkedIn Paid,Sponsored Job,2025-06-17,Resume Screen,2025-06-21,False,True,False
APP-02552,CAND-2552,JOB-001,Recruitment Agency,Agency Submission,2025-05-31,Resume Screen,2025-06-08,False,True,False
APP-02553,CAND-2553,JOB-037,linkedin,Job Posting,2025-05-31,Resume Screen,2025-06-08,False,True,False
APP-02554,CAND-2554,JOB-018,LinkedIn Recruiter,InMail Outreach,2025-06-12,Hiring Manager Screen,2025-06-29,False,True,False
APP-02555,CAND-2555,JOB-032,Linked In,Job Posting,2025-06-30,Reference Check,2025-07-01,False,True,False
APP-02556,CAND-2556,JOB-021,Indeed,Indeed Apply,2024-03-01,Hiring Manager Screen,2024-03-21,False,True,False
APP-02557,CAND-2557,JOB-021,Employee Referral,Internal Referral,2024-02-06,Resume Screen,2024-02-12,False,True,False
APP-02558,CAND-2558,JOB-032,LinkedIn Organic,Job Posting,2025-06-15,Hiring Manager Screen,2025-06-27,False,True,False
APP-02559,CAND-2559,JOB-032,Company Website,Careers Page,2025-06-16,Resume Screen,2025-06-21,False,True,False
APP-02560,CAND-2560,JOB-031,LinkedIn Organic,Job Posting,2025-06-30,Resume Screen,2025-06-30,False,True,False
APP-02561,CAND-2561,JOB-034,LinkedIn Recruiter,InMail Outreach,2025-04-12,Resume Screen,2025-04-20,False,True,False
APP-02562,CAND-2562,JOB-024,LinkedIn Organic,Job Posting,2025-02-14,Recruiter Screen,2025-02-25,False,True,False
APP-02563,CAND-2563,JOB-015,LinkedIn Recruiter,InMail Outreach,2025-06-30,Resume Screen,2025-06-29,False,True,False
APP-02564,CAND-2564,JOB-040,indeed,Indeed Apply,2024-01-02,Resume Screen,2024-01-11,False,True,False
APP-02565,CAND-2565,JOB-012,LinkedIn Recruiter,InMail Outreach,2025-06-11,Resume Screen,2025-06-21,False,True,False
APP-02566,CAND-2566,JOB-001,LinkedIn Organic,Job Posting,2025-05-30,Resume Screen,2025-06-04,False,True,False
APP-02567,CAND-2567,JOB-010,Indeed,Indeed Apply,2025-06-03,Recruiter Screen,2025-06-17,False,True,False
APP-02568,CAND-2568,JOB-011,Employee Referral,Internal Referral,2024-12-27,Hiring Manager Screen,2025-01-08,False,True,False
APP-02569,CAND-2569,JOB-020,linkedin,Job Posting,2024-02-23,Recruiter Screen,2024-03-05,False,False,True
APP-02570,CAND-2570,JOB-032,LinkedIn Organic,Job Posting,2025-06-12,Final Panel Interview,2025-06-28,False,True,False
APP-02571,CAND-2571,JOB-039,Indeed,Indeed Apply,2025-06-18,Resume Screen,2025-06-23,False,True,False
APP-02572,CAND-2572,JOB-044,LinkedIn Organic,Job Posting,2025-06-14,Hiring Manager Screen,2025-06-29,False,True,False
APP-02573,CAND-2573,JOB-002,LI Recruiter,InMail Outreach,2025-06-16,Resume Screen,2025-06-22,False,True,False
APP-02574,CAND-2574,JOB-006,LinkedIn Organic,Job Posting,02/06/2024,Technical Assessment,27/02/2024,False,False,True
APP-02575,CAND-2575,JOB-042,LinkedIn Recruiter,InMail Outreach,2024-08-04,Final Panel Interview,2024-08-31,False,True,False
APP-02576,CAND-2576,JOB-022,LinkedIn,Job Posting,2025-06-15,Hiring Manager Screen,2025-06-28,False,True,False
APP-02577,CAND-2577,JOB-024,LinkedIn Recruiter,InMail Outreach,2025-01-28,Offer,2025-03-05,False,False,True
APP-02578,CAND-2578,JOB-008,LinkedIn Organic,Job Posting,2025-06-09,Resume Screen,2025-06-14,False,True,False
APP-02579,CAND-2579,JOB-044,LinkedIn Recruiter,InMail Outreach,2025-06-24,Resume Screen,2025-06-30,False,True,False
APP-02580,CAND-2580,JOB-029,LinkedIn Paid,Sponsored Job,2024-12-29,Hiring Manager Screen,2025-01-12,False,True,False
APP-02581,CAND-2581,JOB-003,LinkedIn Recruiter,InMail Outreach,2025-06-26,Technical Assessment,2025-07-01,False,False,True
APP-02582,CAND-2582,JOB-019,linkedin,Job Posting,2025-06-11,Recruiter Screen,2025-06-25,False,True,False
APP-02583,CAND-2583,JOB-012,Direct Application,Careers Page,2025-06-14,Final Panel Interview,2025-06-30,False,True,False
APP-02584,CAND-2584,JOB-004,linkedin.com,Job Posting,2024-03-22,Recruiter Screen,2024-04-02,False,True,False
APP-02585,CAND-2585,JOB-016,Careers Page,Careers Page,2025-06-11,Resume Screen,2025-06-16,False,True,False
APP-02586,CAND-2586,JOB-034,Careers Site,Careers Page,2025-05-10,Resume Screen,2025-05-18,False,True,False
APP-02587,CAND-2587,JOB-020,LI,Job Posting,2024-02-18,Hiring Manager Screen,2024-03-03,False,True,False
APP-02588,CAND-2588,JOB-040,Employee Referral,Internal Referral,2024-01-06,Hiring Manager Screen,2024-01-16,False,True,False
APP-02589,CAND-2589,JOB-021,Direct Application,Careers Page,2024-01-24,Recruiter Screen,2024-02-01,False,True,False
APP-02590,CAND-2590,JOB-025,LinkedIn Organic,Job Posting,2025-06-11,Resume Screen,2025-06-17,False,True,False
APP-02591,CAND-2591,JOB-020,LinkedIn Organic,Job Posting,2024-02-16,Resume Screen,2024-02-25,False,True,False
APP-02592,CAND-2592,JOB-022,LinkedIn Recruiter,InMail Outreach,2025-06-17,Recruiter Screen,2025-06-27,False,True,False
APP-02593,CAND-2593,JOB-037,Glassdoor,Glassdoor Apply,2025-06-04,Hiring Manager Screen,2025-06-19,False,True,False
APP-02594,CAND-2594,JOB-035,Employee Referral,Internal Referral,2025-06-04,Resume Screen,2025-06-10,False,True,False
APP-02595,CAND-2595,JOB-014,LinkedIn Organic,Job Posting,2024-08-16,Resume Screen,2024-08-22,False,True,False
APP-02596,CAND-2596,JOB-030,Direct Application,Careers Page,24/02/2024,Resume Screen,03/02/2024,False,True,False
APP-02597,CAND-2597,JOB-009,LinkedIn Recruiter,InMail Outreach,2025-05-23,Final Panel Interview,2025-06-30,False,True,False
APP-02598,CAND-2598,JOB-039,LinkedIn Recruiter,InMail Outreach,2025-06-26,Resume Screen,2025-06-29,False,True,False
APP-02599,CAND-2599,JOB-044,LinkedIn Recruiter,InMail Outreach,2025-06-02,Resume Screen,2025-06-09,False,True,False
APP-02600,CAND-2600,JOB-038,LinkedIn Organic,Job Posting,2025-01-04,Resume Screen,2025-01-08,False,True,False
APP-02601,CAND-2601,JOB-007,LinkedIn Organic,Job Posting,2025-06-05,Final Panel Interview,2025-06-28,False,True,False
APP-02602,CAND-2602,JOB-026,LinkedIn Recruiter,InMail Outreach,2024-02-24,Resume Screen,2024-03-01,False,True,False
APP-02603,CAND-2603,JOB-022,LinkedIn Organic,Job Posting,2025-06-22,Recruiter Screen,2025-06-30,False,True,False
APP-02604,CAND-2604,JOB-015,LinkedIn Organic,Job Posting,2025-06-14,Recruiter Screen,2025-06-24,False,True,False
APP-02605,CAND-2605,JOB-015,Employee Referral,Internal Referral,2025-06-24,Recruiter Screen,2025-06-30,False,True,False
APP-02606,CAND-2606,JOB-015,Glassdoor,Glassdoor Apply,2025-05-26,Technical Assessment,2025-06-17,False,True,False
APP-02607,CAND-2607,JOB-037,github,GitHub Profile,2025-06-12,Recruiter Screen,2025-06-24,False,True,False
APP-02608,CAND-2608,JOB-006,LinkedIn Organic,Job Posting,2024-02-29,Final Panel Interview,2024-03-25,False,True,False
APP-02609,CAND-2609,JOB-042,Employee Referral,Internal Referral,2024-07-28,Resume Screen,2024-08-04,False,True,False
APP-02610,CAND-2610,JOB-016,LinkedIn Organic,Job Posting,2025-06-10,Resume Screen,2025-06-15,False,True,False
APP-02611,CAND-2611,JOB-033,LinkedIn Organic,Job Posting,2025-06-07,Recruiter Screen,2025-06-19,False,True,False
APP-02612,CAND-2612,JOB-028,Indeed,Indeed Apply,2025-03-23,Resume Screen,2025-03-30,False,True,False
APP-02613,CAND-2613,JOB-028,LinkedIn Organic,Job Posting,2025-03-01,Resume Screen,2025-03-09,False,True,False
APP-02614,CAND-2614,JOB-002,LinkedIn Recruiter,InMail Outreach,2025-06-12,Recruiter Screen,2025-06-25,False,True,False
APP-02615,CAND-2615,JOB-001,LinkedIn Recruiter,InMail Outreach,2025-04-28,Recruiter Screen,2025-05-08,False,True,False
APP-02616,CAND-2616,JOB-027,LinkedIn,Job Posting,2025-06-12,Recruiter Screen,2025-06-21,False,False,True
APP-02617,CAND-2617,JOB-029,Employee Referral,Internal Referral,2025-02-13,Resume Screen,2025-02-21,False,True,False
APP-02618,CAND-2618,JOB-001,University Partnership,Careers Fair,2025-05-23,Recruiter Screen,2025-06-04,False,True,False
APP-02619,CAND-2619,JOB-032,Indeed,Indeed Apply,2025-06-19,Resume Screen,2025-06-26,False,True,False
APP-02620,CAND-2620,JOB-006,LinkedIn Recruiter,InMail Outreach,2024-02-09,Resume Screen,2024-02-15,False,True,False
APP-02621,CAND-2621,JOB-019,Employee Referral,Internal Referral,2025-06-16,Resume Screen,2025-06-25,False,True,False
APP-02622,CAND-2622,JOB-031,Direct Application,Careers Page,2025-06-11,Resume Screen,2025-06-17,False,True,False
APP-02623,CAND-2623,JOB-002,indeed,Indeed Apply,2025-06-08,Resume Screen,2025-06-15,False,True,False
APP-02624,CAND-2624,JOB-003,LinkedIn Organic,Job Posting,2025-06-13,Technical Assessment,2025-07-01,False,False,True
APP-02625,CAND-2625,JOB-030,Indeed,Indeed Apply,2024-01-11,Resume Screen,2024-01-18,False,True,False
APP-02626,CAND-2626,JOB-039,LinkedIn Organic,Job Posting,2025-06-04,Resume Screen,2025-06-13,False,True,False
APP-02627,CAND-2627,JOB-007,Other,Unknown,2025-06-15,Hiring Manager Screen,2025-06-28,False,True,False
APP-02628,CAND-2628,JOB-026,LinkedIn Organic,Job Posting,2024-02-21,Resume Screen,2024-03-01,False,True,False
APP-02629,CAND-2629,JOB-041,LinkedIn Organic,Job Posting,2025-06-30,Hiring Manager Screen,2025-06-30,False,True,False
APP-02630,CAND-2630,JOB-023,Careers Site,Careers Page,2024-10-14,Technical Assessment,2024-11-10,False,True,False
APP-02631,CAND-2631,JOB-041,LinkedIn Recruiter,InMail Outreach,2025-06-25,Resume Screen,2025-07-01,False,True,False
APP-02632,CAND-2632,JOB-034,LinkedIn Recruiter,InMail Outreach,2025-05-02,Recruiter Screen,2025-05-15,False,True,False
APP-02633,CAND-2633,JOB-017,LinkedIn Organic,Job Posting,2024-12-03,Resume Screen,2024-12-10,False,True,False
APP-02634,CAND-2634,JOB-013,LinkedIn Organic,Job Posting,2025-04-10,Resume Screen,2025-04-18,False,True,False
APP-02635,CAND-2635,JOB-007,Recruitment Agency,Agency Submission,2025-06-10,Resume Screen,2025-06-17,False,True,False
APP-02636,CAND-2636,JOB-040,LinkedIn Organic,Job Posting,2024-02-21,Resume Screen,2024-02-28,False,True,False
APP-02637,CAND-2637,JOB-014,Company Website,Careers Page,2024-07-12,Resume Screen,2024-07-20,False,True,False
APP-02638,CAND-2638,JOB-033,LinkedIn Organic,Job Posting,2025-06-08,Resume Screen,2025-06-14,False,True,False
APP-02639,CAND-2639,JOB-010,LinkedIn Recruiter,InMail Outreach,2025-06-25,Recruiter Screen,2025-06-28,False,True,False
APP-02640,CAND-2640,JOB-019,LinkedIn Organic,Job Posting,2025-06-19,Resume Screen,2025-06-26,False,True,False
APP-02641,CAND-2641,JOB-036,Direct Application,Careers Page,2025-04-09,Hiring Manager Screen,2025-04-30,False,True,False
APP-02642,CAND-2642,JOB-013,linkedin,Job Posting,25/03/2025,Resume Screen,04/04/2025,False,True,False
APP-02643,CAND-2643,JOB-019,LinkedIn Organic,Job Posting,2025-06-18,Resume Screen,2025-06-24,False,True,False
APP-02644,CAND-2644,JOB-016,Direct Application,Careers Page,2025-06-09,Offer,2025-06-29,False,False,True
APP-02645,CAND-2645,JOB-027,GitHub Sourcing,GitHub Profile,2025-06-10,Resume Screen,2025-06-18,False,True,False
APP-02646,CAND-2646,JOB-035,Indeed,Indeed Apply,2025-05-06,Resume Screen,2025-05-15,False,True,False
APP-02647,CAND-2647,JOB-038,LinkedIn Recruiter,InMail Outreach,01/07/2025,Recruiter Screen,01/16/2025,False,True,False
APP-02648,CAND-2648,JOB-008,LinkedIn Recruiter,InMail Outreach,2025-06-16,Resume Screen,2025-06-22,False,True,False
APP-02649,CAND-2649,JOB-005,Employee Referral,Internal Referral,2025-06-14,Resume Screen,2025-06-20,False,True,False
APP-02650,CAND-2650,JOB-034,LinkedIn Organic,Job Posting,2025-05-09,Resume Screen,2025-05-16,False,True,False
APP-02651,CAND-2651,JOB-031,Direct Application,Careers Page,2025-06-23,Resume Screen,2025-06-29,False,True,False
APP-02652,CAND-2652,JOB-026,Careers Site,Careers Page,2024-01-26,Resume Screen,2024-01-31,False,True,False
APP-02653,CAND-2653,JOB-020,LinkedIn Recruiter,InMail Outreach,2024-01-24,Recruiter Screen,2024-02-06,False,True,False
APP-02654,CAND-2654,JOB-008,Headhunter,Agency Submission,06/22/2025,Resume Screen,01/07/2025,False,True,False
APP-02655,CAND-2655,JOB-020,LinkedIn Organic,Job Posting,2024-02-14,Technical Assessment,2024-03-06,False,False,True
APP-02656,CAND-2656,JOB-014,Direct Application,Careers Page,2024-08-14,Recruiter Screen,2024-08-24,False,True,False
APP-02657,CAND-2657,JOB-024,linkedin.com,Job Posting,2025-03-11,Resume Screen,2025-03-17,False,True,False
APP-02658,CAND-2658,JOB-018,LinkedIn Recruiter,InMail Outreach,2025-06-01,Resume Screen,2025-06-08,False,True,False
APP-02659,CAND-2659,JOB-012,LinkedIn,Job Posting,2025-06-25,Recruiter Screen,2025-07-01,False,True,False
APP-02660,CAND-2660,JOB-009,Direct Application,Careers Page,2025-06-24,Hiring Manager Screen,2025-07-01,False,True,False
APP-02661,CAND-2661,JOB-032,Direct Application,Careers Page,2025-06-19,Hiring Manager Screen,2025-06-28,False,False,True
APP-02662,CAND-2662,JOB-001,University Partnership,Careers Fair,2025-04-06,Recruiter Screen,2025-04-18,False,True,False
APP-02663,CAND-2663,JOB-009,LinkedIn Recruiter,InMail Outreach,05/02/2025,Recruiter Screen,05/15/2025,False,True,False
APP-02664,CAND-2664,JOB-022,Employee Referral,Internal Referral,2025-06-24,Final Panel Interview,2025-07-01,False,True,False
APP-02665,CAND-2665,JOB-003,Recruitment Agency,Agency Submission,2025-06-21,Hiring Manager Screen,2025-06-30,False,True,False
APP-02666,CAND-2666,JOB-024,Internal Referral,Internal Referral,2025-03-05,Resume Screen,2025-03-14,False,True,False
APP-02667,CAND-2667,JOB-036,Employee Ref,Internal Referral,2025-04-01,Resume Screen,2025-04-09,False,True,False
APP-02668,CAND-2668,JOB-044,LinkedIn Paid,Sponsored Job,2025-06-27,Resume Screen,2025-07-01,False,True,False
APP-02669,CAND-2669,JOB-020,LinkedIn Organic,Job Posting,26/02/2024,Resume Screen,03/07/2024,False,True,False
APP-02670,CAND-2670,JOB-013,linkedin.com,Job Posting,2025-02-24,Resume Screen,2025-03-01,False,True,False
APP-02671,CAND-2671,JOB-012,Recruitment Agency,Agency Submission,2025-06-20,Resume Screen,2025-06-25,False,True,False
APP-02672,CAND-2672,JOB-018,Careers Page,Careers Page,2025-06-03,Recruiter Screen,2025-06-10,False,True,False
APP-02673,CAND-2673,JOB-044,Direct Application,Careers Page,2025-06-05,Hiring Manager Screen,2025-06-17,False,True,False
APP-02674,CAND-2674,JOB-004,LinkedIn Organic,Job Posting,2024-04-10,Recruiter Screen,2024-04-17,False,True,False
APP-02675,CAND-2675,JOB-038,LinkedIn Recruiter,InMail Outreach,2025-01-20,Hiring Manager Screen,2025-02-04,False,True,False
APP-02676,CAND-2676,JOB-001,Indeed,Indeed Apply,2025-04-11,Technical Assessment,2025-05-01,False,False,True
APP-02677,CAND-2677,JOB-029,Indeed,Indeed Apply,2025-01-29,Recruiter Screen,2025-02-09,False,True,False
APP-02678,CAND-2678,JOB-040,Glassdoor,Glassdoor Apply,2024-01-05,Resume Screen,2024-01-13,False,True,False
APP-02679,CAND-2679,JOB-031,LinkedIn Paid,Sponsored Job,2025-06-15,Hiring Manager Screen,2025-07-01,False,True,False
APP-02680,CAND-2680,JOB-030,Headhunter,Agency Submission,2024-01-05,Hiring Manager Screen,2024-01-21,False,True,False
APP-02681,CAND-2681,JOB-027,Direct Application,Careers Page,2025-05-01,Hiring Manager Screen,2025-05-15,False,True,False
APP-02682,CAND-2682,JOB-037,LI Recruiter,InMail Outreach,2025-04-30,Hiring Manager Screen,2025-05-12,False,True,False
APP-02683,CAND-2683,JOB-029,LinkedIn Recruiter,InMail Outreach,2025-01-26,Recruiter Screen,2025-02-07,False,True,False
APP-02684,CAND-2684,JOB-004,LinkedIn Organic,Job Posting,2024-04-18,Recruiter Screen,2024-04-28,False,True,False
APP-02685,CAND-2685,JOB-031,Employee Referral,Internal Referral,2025-06-03,Resume Screen,2025-06-07,False,True,False
APP-02686,CAND-2686,JOB-031,Indeed,Indeed Apply,2025-06-10,Recruiter Screen,2025-06-18,False,True,False
APP-02687,CAND-2687,JOB-015,Linked In,Job Posting,2025-06-09,Recruiter Screen,2025-06-19,False,True,False
APP-02688,CAND-2688,JOB-043,Employee Referral,Internal Referral,2024-08-23,Resume Screen,2024-08-28,False,True,False
APP-02689,CAND-2689,JOB-007,University Partnership,Careers Fair,2025-06-15,Resume Screen,2025-06-20,False,True,False
APP-02690,CAND-2690,JOB-031,Glassdoor,Glassdoor Apply,2025-06-13,Offer,2025-06-30,False,False,True
APP-02691,CAND-2691,JOB-044,linkedin.com,Job Posting,2025-06-04,Resume Screen,2025-06-10,False,True,False
APP-02692,CAND-2692,JOB-031,Employee Referral,Internal Referral,2025-06-19,Hiring Manager Screen,2025-06-28,False,False,True
APP-02693,CAND-2693,JOB-030,Indeed,Indeed Apply,2024-02-09,Recruiter Screen,2024-02-17,False,False,True
APP-02694,CAND-2694,JOB-039,LinkedIn Organic,Job Posting,2025-06-13,Hiring Manager Screen,2025-06-26,False,True,False
APP-02695,CAND-2695,JOB-032,Employee Referral,Internal Referral,2025-06-15,Recruiter Screen,2025-06-25,False,True,False
APP-02696,CAND-2696,JOB-008,Direct Application,Careers Page,2025-07-01,Resume Screen,2025-06-29,False,True,False
APP-02697,CAND-2697,JOB-009,LI,Job Posting,2025-05-27,Recruiter Screen,2025-06-07,False,True,False
APP-02698,CAND-2698,JOB-003,LinkedIn Organic,Job Posting,2025-06-27,Hiring Manager Screen,2025-06-30,False,True,False
APP-02699,CAND-2699,JOB-041,LinkedIn Organic,Job Posting,2025-06-22,Resume Screen,2025-06-30,False,True,False
APP-02700,CAND-2700,JOB-031,LI,Job Posting,2025-06-10,Final Panel Interview,2025-06-29,False,True,False
APP-02701,CAND-2701,JOB-020,LinkedIn Organic,Job Posting,2024-02-11,Recruiter Screen,2024-02-23,False,True,False
APP-02702,CAND-2702,JOB-021,LinkedIn Organic,Job Posting,2024-02-28,Resume Screen,2024-03-06,False,True,False
APP-02703,CAND-2703,JOB-002,Direct Application,Careers Page,2025-05-31,Resume Screen,2025-06-09,False,True,False
APP-02704,CAND-2704,JOB-006,Employee Referral,Internal Referral,2024-03-06,Hiring Manager Screen,2024-03-18,False,True,False
APP-02705,CAND-2705,JOB-034,LinkedIn Organic,Job Posting,2025-04-02,Hiring Manager Screen,2025-04-19,False,True,False
APP-02706,CAND-2706,JOB-023,LinkedIn Recruiter,InMail Outreach,2024-11-07,Resume Screen,2024-11-15,False,True,False
APP-02707,CAND-2707,JOB-007,Glassdoor,Glassdoor Apply,2025-06-05,Resume Screen,2025-06-14,False,True,False
APP-02708,CAND-2708,JOB-010,glassdoor,Glassdoor Apply,2025-06-18,Resume Screen,2025-06-26,False,True,False
APP-02709,CAND-2709,JOB-041,LI,Job Posting,2025-06-06,Resume Screen,2025-06-13,False,True,False
APP-02710,CAND-2710,JOB-035,LinkedIn Recruiter,InMail Outreach,2025-05-03,Recruiter Screen,2025-05-12,False,True,False
APP-02711,CAND-2711,JOB-005,LinkedIn Sponsored,Sponsored Job,2025-06-24,Technical Interview,2025-06-29,False,True,False
APP-02712,CAND-2712,JOB-008,Direct Application,Careers Page,2025-06-17,Hiring Manager Screen,2025-06-28,False,True,False
APP-02713,CAND-2713,JOB-010,LI Recruiter,InMail Outreach,2025-06-03,Resume Screen,2025-06-10,False,True,False
APP-02714,CAND-2714,JOB-001,Referral,Internal Referral,2025-05-21,Recruiter Screen,2025-05-30,False,True,False
APP-02715,CAND-2715,JOB-026,Careers Page,Careers Page,2024-03-07,Technical Assessment,2024-04-03,False,True,False
APP-02716,CAND-2716,JOB-004,Glassdoor,Glassdoor Apply,2024-05-10,Resume Screen,2024-05-20,False,True,False
APP-02717,CAND-2717,JOB-028,LinkedIn Organic,Job Posting,2025-03-21,Recruiter Screen,2025-04-05,False,True,False
APP-02718,CAND-2718,JOB-008,LinkedIn Organic,Job Posting,2025-06-08,Technical Assessment,2025-06-27,False,True,False
APP-02719,CAND-2719,JOB-006,LinkedIn Organic,Job Posting,2024-03-06,Recruiter Screen,2024-03-20,False,True,False
APP-02720,CAND-2720,JOB-006,Indeed,Indeed Apply,2024-02-15,Recruiter Screen,2024-02-25,False,True,False
APP-02721,CAND-2721,JOB-026,Direct Application,Careers Page,2024-03-07,Recruiter Screen,2024-03-16,False,True,False
APP-02722,CAND-2722,JOB-011,linkedin,Job Posting,2024-12-15,Resume Screen,2024-12-24,False,True,False
APP-02723,CAND-2723,JOB-044,Other,Unknown,02/06/2025,Resume Screen,10/06/2025,False,True,False
APP-02724,CAND-2724,JOB-011,github,GitHub Profile,2025-01-24,Resume Screen,2025-02-01,False,True,False
APP-02725,CAND-2725,JOB-018,LinkedIn Organic,Job Posting,2025-06-01,Recruiter Screen,2025-06-14,False,True,False
APP-02726,CAND-2726,JOB-036,Careers Site,Careers Page,2025-04-27,Final Panel Interview,2025-05-17,False,True,False
APP-02727,CAND-2727,JOB-021,External Recruiter,Agency Submission,2024-02-13,Final Panel Interview,2024-03-12,False,True,False
APP-02728,CAND-2728,JOB-027,Internal Referral,Internal Referral,2025-05-21,Resume Screen,2025-05-28,False,True,False
APP-02729,CAND-2729,JOB-021,Direct Application,Careers Page,2024-01-27,Resume Screen,2024-02-04,False,True,False
APP-02730,CAND-2730,JOB-026,LinkedIn Recruiter,InMail Outreach,02/06/2024,Resume Screen,02/12/2024,False,True,False
APP-02731,CAND-2731,JOB-040,Direct Application,Careers Page,2024-02-07,Resume Screen,2024-02-14,False,True,False
APP-02732,CAND-2732,JOB-027,LinkedIn Paid,Sponsored Job,2025-05-17,Recruiter Screen,2025-05-23,False,True,False
APP-02733,CAND-2733,JOB-041,Direct Application,Careers Page,24/06/2025,Resume Screen,30/06/2025,False,True,False
APP-02734,CAND-2734,JOB-036,LinkedIn Paid,Sponsored Job,2025-05-26,Resume Screen,2025-06-04,False,True,False
APP-02735,CAND-2735,JOB-039,Indeed,Indeed Apply,2025-06-19,Resume Screen,2025-06-25,False,True,False
APP-02736,CAND-2736,JOB-001,University Partnership,Careers Fair,2025-04-20,Resume Screen,2025-04-27,False,True,False
APP-02737,CAND-2737,JOB-004,LinkedIn Organic,Job Posting,2024-04-13,Recruiter Screen,2024-04-21,False,True,False
APP-02738,CAND-2738,JOB-031,Referral,Internal Referral,2025-06-22,Hiring Manager Screen,2025-07-01,False,True,False
APP-02739,CAND-2739,JOB-015,Employee Referral,Internal Referral,2025-06-27,Hiring Manager Screen,2025-06-28,False,True,False
APP-02740,CAND-2740,JOB-041,LinkedIn Organic,Job Posting,2025-06-21,Recruiter Screen,2025-07-01,False,True,False
APP-02741,CAND-2741,JOB-039,LinkedIn Organic,Job Posting,2025-06-27,Hiring Manager Screen,2025-06-30,False,True,False
APP-02742,CAND-2742,JOB-042,LinkedIn Recruiter,InMail Outreach,2024-08-12,Resume Screen,2024-08-19,False,True,False
APP-02743,CAND-2743,JOB-039,LI,Job Posting,2025-06-20,Resume Screen,2025-06-27,False,True,False
APP-02744,CAND-2744,JOB-038,LinkedIn Recruiter,InMail Outreach,20/02/2025,Resume Screen,02/03/2025,False,True,False
APP-02745,CAND-2745,JOB-031,LinkedIn Recruiter,InMail Outreach,2025-06-14,Resume Screen,2025-06-22,False,True,False
APP-02746,CAND-2746,JOB-045,Other,Unknown,2024-04-13,Hiring Manager Screen,2024-05-03,False,True,False
APP-02747,CAND-2747,JOB-007,LinkedIn Organic,Job Posting,2025-05-28,Final Panel Interview,2025-07-01,False,True,False
APP-02748,CAND-2748,JOB-035,LinkedIn Recruiter,InMail Outreach,2025-06-06,Resume Screen,2025-06-10,False,True,False
APP-02749,CAND-2749,JOB-006,Indeed,Indeed Apply,2024-01-22,Resume Screen,2024-01-27,False,True,False
APP-02750,CAND-2750,JOB-011,LinkedIn Paid,Sponsored Job,2025-01-13,Technical Assessment,2025-02-11,False,True,False
APP-02751,CAND-2751,JOB-005,Direct Application,Careers Page,2025-06-27,Resume Screen,2025-06-29,False,True,False
APP-02752,CAND-2752,JOB-007,Indeed,Indeed Apply,2025-06-08,Recruiter Screen,2025-06-17,False,True,False
APP-02753,CAND-2753,JOB-043,github,GitHub Profile,2024-07-25,Hiring Manager Screen,2024-08-14,False,True,False
APP-02754,CAND-2754,JOB-010,LinkedIn Recruiter,InMail Outreach,2025-05-29,Recruiter Screen,2025-06-10,False,True,False
APP-02755,CAND-2755,JOB-003,Indeed,Indeed Apply,2025-06-24,Resume Screen,2025-07-01,False,True,False
APP-02756,CAND-2756,JOB-014,LinkedIn Organic,Job Posting,2024-08-13,Technical Assessment,2024-09-03,False,True,False
APP-02757,CAND-2757,JOB-031,Indeed.com,Indeed Apply,2025-06-29,Resume Screen,2025-06-29,False,True,False
APP-02758,CAND-2758,JOB-024,Indeed,Indeed Apply,2025-01-27,Hiring Manager Screen,2025-02-12,False,True,False
APP-02759,CAND-2759,JOB-018,Glassdoor.com,Glassdoor Apply,2025-06-27,Hiring Manager Screen,2025-06-29,False,True,False
APP-02760,CAND-2760,JOB-029,Recruitment Agency,Agency Submission,2025-02-10,Resume Screen,2025-02-15,False,True,False
APP-02761,CAND-2761,JOB-041,Employee Referral,Internal Referral,2025-06-03,Resume Screen,2025-06-12,False,True,False
APP-02762,CAND-2762,JOB-011,linkedin,Job Posting,2025-01-02,Hiring Manager Screen,2025-01-14,False,True,False
APP-02763,CAND-2763,JOB-007,Direct Application,Careers Page,2025-06-03,Reference Check,2025-06-29,False,True,False
APP-02764,CAND-2764,JOB-016,External Recruiter,Agency Submission,2025-06-05,Resume Screen,2025-06-15,False,True,False
APP-02765,CAND-2765,JOB-012,Employee Referral,Internal Referral,2025-06-11,Resume Screen,2025-06-21,False,True,False
APP-02766,CAND-2766,JOB-044,Indeed,Indeed Apply,06/25/2025,Final Panel Interview,30/06/2025,False,True,False
APP-02767,CAND-2767,JOB-043,Glassdoor,Glassdoor Apply,2024-09-19,Resume Screen,2024-09-25,False,True,False
APP-02768,CAND-2768,JOB-012,LinkedIn Organic,Job Posting,2025-06-17,Resume Screen,2025-06-23,False,True,False
APP-02769,CAND-2769,JOB-025,LinkedIn Recruiter,InMail Outreach,2025-06-04,Resume Screen,2025-06-12,False,True,False
APP-02770,CAND-2770,JOB-020,Employee Referral,Internal Referral,2024-01-14,Recruiter Screen,2024-01-25,False,True,False
APP-02771,CAND-2771,JOB-042,Recruitment Agency,Agency Submission,2024-08-02,Hiring Manager Screen,2024-08-19,False,True,False
APP-02772,CAND-2772,JOB-005,Glassdoor.com,Glassdoor Apply,2025-06-19,Resume Screen,2025-06-27,False,True,False
APP-02773,CAND-2773,JOB-013,LinkedIn Organic,Job Posting,2025-03-18,Recruiter Screen,2025-03-26,False,True,False
APP-02774,CAND-2774,JOB-031,Indeed,Indeed Apply,2025-06-16,Recruiter Screen,2025-06-24,False,True,False
APP-02775,CAND-2775,JOB-030,LinkedIn Organic,Job Posting,2024-02-08,Recruiter Screen,2024-02-20,False,True,False
APP-02776,CAND-2776,JOB-010,LinkedIn,Job Posting,06/05/2025,Resume Screen,10/06/2025,False,True,False
APP-02777,CAND-2777,JOB-009,LinkedIn Recruiter,InMail Outreach,2025-05-07,Recruiter Screen,2025-05-17,False,True,False
APP-02778,CAND-2778,JOB-033,LinkedIn Organic,Job Posting,2025-07-01,Resume Screen,2025-06-30,False,True,False
APP-02779,CAND-2779,JOB-003,LinkedIn Organic,Job Posting,06/20/2025,Recruiter Screen,06/29/2025,False,True,False
APP-02780,CAND-2780,JOB-041,Employee Referral,Internal Referral,2025-06-28,Resume Screen,2025-06-29,False,True,False
APP-02781,CAND-2781,JOB-043,Employee Referral,Internal Referral,2024-08-03,Resume Screen,2024-08-11,False,True,False
APP-02782,CAND-2782,JOB-035,LinkedIn Organic,Job Posting,2025-06-08,Recruiter Screen,2025-06-17,False,True,False
APP-02783,CAND-2783,JOB-017,linkedin,Job Posting,2024-12-17,Offer,2025-01-25,False,False,True
APP-02784,CAND-2784,JOB-020,Employee Referral,Internal Referral,2024-01-20,Resume Screen,2024-01-24,False,True,False
APP-02785,CAND-2785,JOB-008,GitHub Sourcing,GitHub Profile,2025-06-21,Resume Screen,2025-06-27,False,True,False
APP-02786,CAND-2786,JOB-026,LinkedIn Recruiter,InMail Outreach,2024-01-15,Recruiter Screen,2024-01-27,False,True,False
APP-02787,CAND-2787,JOB-033,LinkedIn Organic,Job Posting,2025-06-02,Resume Screen,2025-06-09,False,True,False
APP-02788,CAND-2788,JOB-040,LinkedIn Recruiter,InMail Outreach,2024-02-15,Final Panel Interview,2024-03-12,False,True,False
APP-02789,CAND-2789,JOB-017,LinkedIn Organic,Job Posting,2025-01-21,Resume Screen,2025-01-27,False,True,False
APP-02790,CAND-2790,JOB-028,LinkedIn Organic,Job Posting,2025-02-24,Hiring Manager Screen,2025-03-16,False,True,False
APP-02791,CAND-2791,JOB-008,LinkedIn Organic,Job Posting,2025-06-23,Recruiter Screen,2025-06-29,False,False,True
APP-02792,CAND-2792,JOB-036,Direct Application,Careers Page,2025-04-25,Resume Screen,2025-05-01,False,True,False
APP-02793,CAND-2793,JOB-002,LinkedIn Organic,Job Posting,2025-06-18,Resume Screen,2025-06-22,False,True,False
APP-02794,CAND-2794,JOB-017,Glassdoor.com,Glassdoor Apply,2025-01-16,Resume Screen,2025-01-22,False,True,False
APP-02795,CAND-2795,JOB-025,LinkedIn Recruiter,InMail Outreach,2025-06-03,Final Panel Interview,2025-07-01,False,True,False
APP-02796,CAND-2796,JOB-006,LinkedIn Organic,Job Posting,2024-02-29,Hiring Manager Screen,2024-03-15,False,True,False
APP-02797,CAND-2797,JOB-006,Direct Application,Careers Page,2024-02-24,Recruiter Screen,2024-03-05,False,True,False
APP-02798,CAND-2798,JOB-039,LinkedIn Organic,Job Posting,2025-06-17,Offer,2025-07-01,False,False,True
APP-02799,CAND-2799,JOB-041,LinkedIn Recruiter,InMail Outreach,2025-06-17,Final Panel Interview,2025-06-30,False,True,False
APP-02800,CAND-2800,JOB-036,Employee Referral,Internal Referral,2025-04-09,Offer,2025-05-02,False,False,True
APP-02801,CAND-2801,JOB-020,LinkedIn Recruiter,InMail Outreach,2024-02-27,Recruiter Screen,2024-03-07,False,True,False
APP-02802,CAND-2802,JOB-020,LinkedIn Recruiter,InMail Outreach,2024-01-20,Recruiter Screen,2024-01-31,False,True,False
APP-02803,CAND-2803,JOB-006,LinkedIn Recruiter,InMail Outreach,2024-01-17,Recruiter Screen,2024-01-29,False,True,False
APP-02804,CAND-2804,JOB-031,LinkedIn Recruiter,InMail Outreach,2025-06-28,Resume Screen,2025-07-01,False,True,False
APP-02805,CAND-2805,JOB-029,LI Recruiter,InMail Outreach,2024-12-31,Resume Screen,2025-01-06,False,True,False
APP-02806,CAND-2806,JOB-011,LinkedIn Recruiter,InMail Outreach,2025-01-02,Recruiter Screen,2025-01-16,False,True,False
APP-02807,CAND-2807,JOB-042,LinkedIn Paid,Sponsored Job,2024-08-11,Resume Screen,2024-08-19,False,True,False
APP-02808,CAND-2808,JOB-007,LinkedIn Organic,Job Posting,2025-05-27,Hiring Manager Screen,2025-06-12,False,True,False
APP-02809,CAND-2809,JOB-032,GitHub Sourcing,GitHub Profile,2025-06-23,Hiring Manager Screen,2025-06-30,False,True,False
APP-02810,CAND-2810,JOB-018,glassdoor,Glassdoor Apply,2025-06-20,Resume Screen,2025-06-28,False,True,False
APP-02811,CAND-2811,JOB-030,LinkedIn Organic,Job Posting,2024-01-14,Resume Screen,2024-01-23,False,True,False
APP-02812,CAND-2812,JOB-044,LinkedIn Recruiter,InMail Outreach,2025-06-20,Resume Screen,2025-06-26,False,True,False
APP-02813,CAND-2813,JOB-013,LinkedIn Organic,Job Posting,2025-03-03,Resume Screen,2025-03-11,False,True,False
APP-02814,CAND-2814,JOB-020,LinkedIn Organic,Job Posting,2024-03-11,Resume Screen,2024-03-18,False,True,False
APP-02815,CAND-2815,JOB-015,LinkedIn Recruiter,InMail Outreach,2025-06-25,Resume Screen,2025-07-01,False,True,False
APP-02816,CAND-2816,JOB-005,LinkedIn Paid,Sponsored Job,2025-06-30,Final Panel Interview,2025-06-30,False,True,False
APP-02817,CAND-2817,JOB-040,LinkedIn Organic,Job Posting,2024-02-24,Recruiter Screen,2024-03-10,False,True,False
APP-02818,CAND-2818,JOB-032,LinkedIn Organic,Job Posting,2025-06-25,Hiring Manager Screen,2025-07-01,False,True,False
APP-02819,CAND-2819,JOB-017,Employee Referral,Internal Referral,2024-12-12,Hiring Manager Screen,2024-12-26,False,True,False
APP-02820,CAND-2820,JOB-032,Employee Ref,Internal Referral,2025-06-30,Resume Screen,2025-06-28,False,True,False
APP-02821,CAND-2821,JOB-006,Indeed,Indeed Apply,2024-03-06,Resume Screen,2024-03-13,False,True,False
APP-02822,CAND-2822,JOB-005,LI,Job Posting,2025-06-04,Resume Screen,2025-06-11,False,True,False
APP-02823,CAND-2823,JOB-035,Direct Application,Careers Page,2025-04-23,Recruiter Screen,2025-05-04,False,True,False
APP-02824,CAND-2824,JOB-012,LinkedIn Recruiter,InMail Outreach,2025-06-14,Technical Assessment,2025-06-30,False,True,False
APP-02825,CAND-2825,JOB-039,Direct Application,Careers Page,2025-06-24,Resume Screen,2025-06-29,False,True,False
APP-02826,CAND-2826,JOB-009,glassdoor,Glassdoor Apply,2025-06-04,Reference Check,2025-06-29,False,True,False
APP-02827,CAND-2827,JOB-039,University Partnership,Careers Fair,2025-06-03,Resume Screen,2025-06-08,False,True,False
APP-02828,CAND-2828,JOB-034,Direct Application,Careers Page,2025-04-06,Final Panel Interview,2025-04-25,False,True,False
APP-02829,CAND-2829,JOB-002,Glassdoor,Glassdoor Apply,2025-05-31,Final Panel Interview,2025-06-30,False,True,False
APP-02830,CAND-2830,JOB-020,Glassdoor,Glassdoor Apply,2024-02-18,Resume Screen,2024-02-25,False,True,False
APP-02831,CAND-2831,JOB-030,Employee Referral,Internal Referral,2024-02-14,Hiring Manager Screen,2024-02-28,False,True,False
APP-02832,CAND-2832,JOB-021,Glassdoor.com,Glassdoor Apply,2024-02-22,Resume Screen,2024-03-03,False,True,False
APP-02833,CAND-2833,JOB-021,LinkedIn Organic,Job Posting,2024-02-25,Recruiter Screen,2024-03-05,False,True,False
APP-02834,CAND-2834,JOB-033,Employee Referral,Internal Referral,2025-06-17,Recruiter Screen,2025-06-22,False,True,False
APP-02835,CAND-2835,JOB-040,LinkedIn Organic,Job Posting,2024-02-02,Resume Screen,2024-02-10,False,True,False
APP-02836,CAND-2836,JOB-029,LinkedIn Paid,Sponsored Job,2025-01-26,Final Panel Interview,2025-02-19,False,True,False
APP-02837,CAND-2837,JOB-011,Employee Referral,Internal Referral,2025-01-05,Recruiter Screen,2025-01-14,False,True,False
APP-02838,CAND-2838,JOB-038,LinkedIn Paid,Sponsored Job,2025-01-14,Hiring Manager Screen,2025-01-28,False,True,False
APP-02839,CAND-2839,JOB-022,Direct Application,Careers Page,2025-06-01,Resume Screen,2025-06-08,False,True,False
APP-02840,CAND-2840,JOB-034,LinkedIn,Job Posting,2025-05-24,Hiring Manager Screen,2025-06-13,False,True,False
APP-02841,CAND-2841,JOB-030,LinkedIn Organic,Job Posting,2024-01-10,Final Panel Interview,2024-02-03,False,True,False
APP-02842,CAND-2842,JOB-037,LinkedIn,Job Posting,2025-05-01,Recruiter Screen,2025-05-09,False,True,False
APP-02843,CAND-2843,JOB-042,Indeed,Indeed Apply,2024-08-13,Resume Screen,2024-08-22,False,True,False
APP-02844,CAND-2844,JOB-020,LinkedIn Organic,Job Posting,2024-03-13,Recruiter Screen,2024-03-23,False,True,False
APP-02845,CAND-2845,JOB-028,LinkedIn Organic,Job Posting,2025-02-20,Resume Screen,2025-02-26,False,True,False
APP-02846,CAND-2846,JOB-011,Other,Unknown,2024-12-24,Technical Assessment,2025-01-10,False,True,False
APP-02847,CAND-2847,JOB-030,LinkedIn InMail,InMail Outreach,2024-02-28,Resume Screen,2024-03-08,False,True,False
APP-02848,CAND-2848,JOB-038,Employee Referral,Internal Referral,2025-01-29,Resume Screen,2025-02-08,False,True,False
APP-02849,CAND-2849,JOB-015,LinkedIn Organic,Job Posting,2025-06-14,Final Panel Interview,2025-06-28,False,True,False
APP-02850,CAND-2850,JOB-019,Indeed,Indeed Apply,2025-06-18,Resume Screen,2025-06-26,False,True,False
APP-02851,CAND-2851,JOB-024,LinkedIn Organic,Job Posting,2025-03-09,Recruiter Screen,2025-03-21,False,True,False
APP-02852,CAND-2852,JOB-032,linkedin.com,Job Posting,2025-06-13,Hiring Manager Screen,2025-06-29,False,True,False
APP-02853,CAND-2853,JOB-035,Glassdoor,Glassdoor Apply,2025-05-29,Resume Screen,2025-06-06,False,True,False
APP-02854,CAND-2854,JOB-035,Recruitment Agency,Agency Submission,2025-06-05,Hiring Manager Screen,2025-06-21,False,True,False
APP-02855,CAND-2855,JOB-030,LI Recruiter,InMail Outreach,2024-02-29,Hiring Manager Screen,2024-03-19,False,True,False
APP-02856,CAND-2856,JOB-012,github,GitHub Profile,2025-06-17,Recruiter Screen,2025-06-28,False,True,False
APP-02857,CAND-2857,JOB-037,Glassdoor,Glassdoor Apply,2025-06-15,Resume Screen,2025-06-23,False,True,False
APP-02858,CAND-2858,JOB-017,LinkedIn Recruiter,InMail Outreach,2025-01-08,Recruiter Screen,2025-01-14,False,True,False
APP-02859,CAND-2859,JOB-010,LinkedIn Paid,Sponsored Job,2025-06-08,Resume Screen,2025-06-16,False,True,False
APP-02860,CAND-2860,JOB-009,LinkedIn Organic,Job Posting,2025-05-28,Technical Assessment,2025-06-20,False,True,False
APP-02861,CAND-2861,JOB-043,LinkedIn Organic,Job Posting,2024-07-23,Resume Screen,2024-07-30,False,True,False
APP-02862,CAND-2862,JOB-037,Direct Application,Careers Page,2025-06-14,Recruiter Screen,2025-06-28,False,True,False
APP-02863,CAND-2863,JOB-024,LinkedIn Organic,Job Posting,2025-02-20,Hiring Manager Screen,2025-03-11,False,True,False
APP-02864,CAND-2864,JOB-011,LinkedIn Paid,Sponsored Job,2025-01-26,Resume Screen,2025-02-02,False,True,False
APP-02865,CAND-2865,JOB-019,LinkedIn Organic,Job Posting,2025-06-22,Hiring Manager Screen,2025-07-01,False,True,False
APP-02866,CAND-2866,JOB-028,Careers Page,Careers Page,2025-03-26,Recruiter Screen,2025-04-08,False,True,False
APP-02867,CAND-2867,JOB-026,Employee Referral,Internal Referral,2024-02-18,Final Panel Interview,2024-03-05,False,True,False
APP-02868,CAND-2868,JOB-035,Other,Unknown,2025-06-07,Hiring Manager Screen,2025-06-27,False,True,False
APP-02869,CAND-2869,JOB-042,Indeed,Indeed Apply,2024-07-13,Recruiter Screen,2024-07-26,False,False,True
APP-02870,CAND-2870,JOB-038,linkedin.com,Job Posting,2025-02-11,Hiring Manager Screen,2025-03-03,False,True,False
APP-02871,CAND-2871,JOB-002,Employee Referral,Internal Referral,2025-06-15,Resume Screen,2025-06-25,False,True,False
APP-02872,CAND-2872,JOB-024,Direct Application,Careers Page,2025-02-02,Resume Screen,2025-02-09,False,True,False
APP-02873,CAND-2873,JOB-030,LinkedIn Recruiter,InMail Outreach,2024-02-24,Resume Screen,2024-03-03,False,True,False
APP-02874,CAND-2874,JOB-040,Glassdoor,Glassdoor Apply,2024-02-29,Resume Screen,2024-03-04,False,True,False
APP-02875,CAND-2875,JOB-035,LinkedIn Organic,Job Posting,2025-04-16,Recruiter Screen,2025-04-26,False,True,False
APP-02876,CAND-2876,JOB-022,LinkedIn,Job Posting,2025-06-29,Hiring Manager Screen,2025-06-29,False,True,False
APP-02877,CAND-2877,JOB-042,LinkedIn Sponsored,Sponsored Job,2024-08-08,Resume Screen,2024-08-16,False,True,False
APP-02878,CAND-2878,JOB-016,Indeed,Indeed Apply,2025-06-23,Resume Screen,2025-06-29,False,True,False
APP-02879,CAND-2879,JOB-001,LinkedIn Recruiter,InMail Outreach,2025-06-01,Resume Screen,2025-06-07,False,True,False
APP-02880,CAND-2880,JOB-028,LinkedIn Organic,Job Posting,2025-02-22,Hiring Manager Screen,2025-03-14,False,True,False
APP-02881,CAND-2881,JOB-013,Employee Referral,Internal Referral,2025-03-15,Hiring Manager Screen,2025-03-25,False,True,False
APP-02882,CAND-2882,JOB-034,LinkedIn Paid,Sponsored Job,2025-04-11,Resume Screen,2025-04-17,False,True,False
APP-02883,CAND-2883,JOB-031,INDEED,Indeed Apply,2025-06-23,Recruiter Screen,2025-06-30,False,True,False
APP-02884,CAND-2884,JOB-041,LinkedIn Paid,Sponsored Job,2025-06-21,Resume Screen,2025-06-29,False,True,False
APP-02885,CAND-2885,JOB-041,LinkedIn Recruiter,InMail Outreach,2025-06-07,Resume Screen,2025-06-14,False,True,False
APP-02886,CAND-2886,JOB-009,LI Recruiter,InMail Outreach,2025-06-10,Recruiter Screen,2025-06-18,False,True,False
APP-02887,CAND-2887,JOB-030,Direct Application,Careers Page,2024-01-20,Resume Screen,2024-01-28,False,True,False
APP-02888,CAND-2888,JOB-013,LinkedIn Organic,Job Posting,2025-03-23,Recruiter Screen,2025-04-03,False,True,False
APP-02889,CAND-2889,JOB-019,LinkedIn Paid,Sponsored Job,2025-06-02,Resume Screen,2025-06-10,False,True,False
APP-02890,CAND-2890,JOB-017,LinkedIn Organic,Job Posting,22/01/2025,Hiring Manager Screen,02/12/2025,False,True,False
APP-02891,CAND-2891,JOB-030,LinkedIn Organic,Job Posting,2024-02-19,Reference Check,2024-03-19,False,True,False
APP-02892,CAND-2892,JOB-006,Employee Referral,Internal Referral,2024-02-04,Resume Screen,2024-02-11,False,True,False
APP-02893,CAND-2893,JOB-010,LinkedIn Recruiter,InMail Outreach,2025-06-27,Technical Assessment,2025-06-30,False,False,True
APP-02894,CAND-2894,JOB-045,LinkedIn Organic,Job Posting,2024-04-09,Hiring Manager Screen,2024-04-25,False,True,False
APP-02895,CAND-2895,JOB-002,LinkedIn Organic,Job Posting,2025-06-11,Technical Assessment,2025-07-01,False,False,True
APP-02896,CAND-2896,JOB-008,LinkedIn Recruiter,InMail Outreach,2025-06-03,Technical Assessment,2025-06-23,False,False,True
APP-02897,CAND-2897,JOB-034,LinkedIn Organic,Job Posting,2025-04-11,Resume Screen,2025-04-17,False,True,False
APP-02898,CAND-2898,JOB-018,Recruitment Agency,Agency Submission,2025-06-12,Offer,2025-06-30,False,False,True
APP-02899,CAND-2899,JOB-018,LinkedIn Organic,Job Posting,2025-06-24,Technical Assessment,2025-06-30,False,False,True
APP-02900,CAND-2900,JOB-038,LinkedIn Organic,Job Posting,2025-02-09,Resume Screen,2025-02-15,False,True,False
APP-02901,CAND-2901,JOB-026,Indeed,Indeed Apply,2024-01-21,Technical Assessment,2024-02-14,False,True,False
APP-02902,CAND-2902,JOB-012,Direct Application,Careers Page,2025-06-17,Recruiter Screen,2025-06-23,False,True,False
APP-02903,CAND-2903,JOB-009,LinkedIn Recruiter,InMail Outreach,2025-06-18,Resume Screen,2025-06-26,False,True,False
APP-02904,CAND-2904,JOB-036,Agency,Agency Submission,2025-04-27,Resume Screen,2025-05-01,False,True,False
APP-02905,CAND-2905,JOB-029,LinkedIn Recruiter,InMail Outreach,2025-02-08,Recruiter Screen,2025-02-18,False,True,False
APP-02906,CAND-2906,JOB-042,LI Recruiter,InMail Outreach,2024-07-11,Hiring Manager Screen,2024-07-31,False,True,False
APP-02907,CAND-2907,JOB-018,LinkedIn Organic,Job Posting,2025-06-25,Recruiter Screen,2025-07-01,False,True,False
APP-02908,CAND-2908,JOB-009,LinkedIn Organic,Job Posting,2025-06-13,Hiring Manager Screen,2025-06-28,False,True,False
APP-02909,CAND-2909,JOB-021,LinkedIn,Job Posting,2024-02-09,Hiring Manager Screen,2024-02-25,False,True,False
APP-02910,CAND-2910,JOB-037,Direct Application,Careers Page,2025-05-11,Resume Screen,2025-05-16,False,True,False
APP-02911,CAND-2911,JOB-013,LinkedIn Organic,Job Posting,2025-03-08,Resume Screen,2025-03-12,False,True,False
APP-02912,CAND-2912,JOB-037,Glassdoor,Glassdoor Apply,2025-04-28,Resume Screen,2025-05-05,False,True,False
APP-02913,CAND-2913,JOB-036,Indeed,Indeed Apply,2025-05-05,Hiring Manager Screen,2025-05-22,False,True,False
APP-02914,CAND-2914,JOB-024,Employee Referral,Internal Referral,2025-02-20,Recruiter Screen,2025-02-27,False,True,False
APP-02915,CAND-2915,JOB-029,LinkedIn Recruiter,InMail Outreach,2025-02-15,Final Panel Interview,2025-03-12,False,True,False
APP-02916,CAND-2916,JOB-006,LinkedIn Organic,Job Posting,2024-03-04,Resume Screen,2024-03-11,False,True,False
APP-02917,CAND-2917,JOB-045,Indeed.com,Indeed Apply,2024-05-25,Recruiter Screen,2024-06-01,False,True,False
APP-02918,CAND-2918,JOB-007,LinkedIn Paid,Sponsored Job,2025-05-27,Resume Screen,2025-06-03,False,True,False
APP-02919,CAND-2919,JOB-006,Employee Referral,Internal Referral,2024-02-21,Technical Assessment,2024-03-10,False,False,True
APP-02920,CAND-2920,JOB-012,LinkedIn InMail,InMail Outreach,2025-06-11,Resume Screen,2025-06-15,False,True,False
APP-02921,CAND-2921,JOB-001,indeed,Indeed Apply,2025-05-31,Resume Screen,2025-06-07,False,True,False
APP-02922,CAND-2922,JOB-012,Recruitment Agency,Agency Submission,2025-06-13,Recruiter Screen,2025-06-25,False,True,False
APP-02923,CAND-2923,JOB-030,LinkedIn Organic,Job Posting,2024-01-15,Resume Screen,2024-01-21,False,True,False
APP-02924,CAND-2924,JOB-025,LinkedIn InMail,InMail Outreach,2025-06-02,Resume Screen,2025-06-09,False,True,False
APP-02925,CAND-2925,JOB-010,INDEED,Indeed Apply,2025-06-03,Resume Screen,2025-06-09,False,True,False
APP-02926,CAND-2926,JOB-041,Employee Referral,Internal Referral,2025-06-18,Final Panel Interview,2025-06-28,False,True,False
APP-02927,CAND-2927,JOB-032,LinkedIn Sponsored,Sponsored Job,2025-06-13,Hiring Manager Screen,2025-06-28,False,False,True
APP-02928,CAND-2928,JOB-034,Direct Application,Careers Page,2025-04-02,Resume Screen,2025-04-09,False,True,False
APP-02929,CAND-2929,JOB-027,LinkedIn Recruiter,InMail Outreach,2025-05-05,Resume Screen,2025-05-12,False,True,False
APP-02930,CAND-2930,JOB-004,Indeed,Indeed Apply,2024-03-19,Recruiter Screen,2024-03-29,False,True,False
APP-02931,CAND-2931,JOB-024,LinkedIn Recruiter,InMail Outreach,2025-02-23,Hiring Manager Screen,2025-03-06,False,True,False
APP-02932,CAND-2932,JOB-013,Employee Referral,Internal Referral,2025-03-03,Technical Assessment,2025-03-22,False,True,False
APP-02933,CAND-2933,JOB-013,Employee Referral,Internal Referral,2025-03-10,Hiring Manager Screen,2025-03-22,False,True,False
APP-02934,CAND-2934,JOB-002,linkedin,Job Posting,06/05/2025,Technical Assessment,26/06/2025,False,False,True
APP-02935,CAND-2935,JOB-033,Direct Application,Careers Page,2025-06-27,Resume Screen,2025-06-29,False,True,False
APP-02936,CAND-2936,JOB-012,LinkedIn,Job Posting,2025-06-23,Resume Screen,2025-07-01,False,True,False
APP-02937,CAND-2937,JOB-019,Direct Application,Careers Page,2025-06-08,Technical Assessment,2025-06-30,False,False,True
APP-02938,CAND-2938,JOB-037,LinkedIn Organic,Job Posting,2025-05-19,Resume Screen,2025-05-27,False,True,False
APP-02939,CAND-2939,JOB-025,Glassdoor,Glassdoor Apply,2025-06-19,Recruiter Screen,2025-06-30,False,True,False
APP-02940,CAND-2940,JOB-041,LinkedIn Organic,Job Posting,2025-06-27,Resume Screen,2025-06-28,False,True,False
APP-02941,CAND-2941,JOB-039,Other,Unknown,2025-06-27,Resume Screen,2025-06-29,False,True,False
APP-02942,CAND-2942,JOB-020,LinkedIn Organic,Job Posting,2024-03-04,Final Panel Interview,2024-04-07,False,True,False
APP-02943,CAND-2943,JOB-042,Direct Application,Careers Page,2024-07-07,Final Panel Interview,2024-08-02,False,True,False
APP-02944,CAND-2944,JOB-032,LinkedIn Recruiter,InMail Outreach,2025-06-26,Resume Screen,2025-06-30,False,True,False
APP-02945,CAND-2945,JOB-003,Glassdoor,Glassdoor Apply,2025-06-27,Technical Assessment,2025-07-01,False,False,True
APP-02946,CAND-2946,JOB-043,LinkedIn Organic,Job Posting,2024-09-11,Resume Screen,2024-09-17,False,True,False
APP-02947,CAND-2947,JOB-039,Direct Application,Careers Page,2025-06-29,Recruiter Screen,2025-07-01,False,True,False
APP-02948,CAND-2948,JOB-034,Recruitment Agency,Agency Submission,2025-05-07,Recruiter Screen,2025-05-17,False,False,True
APP-02949,CAND-2949,JOB-045,LinkedIn Recruiter,InMail Outreach,2024-06-01,Recruiter Screen,2024-06-11,False,True,False
APP-02950,CAND-2950,JOB-024,LinkedIn Organic,Job Posting,2025-02-18,Resume Screen,2025-02-24,False,True,False
APP-02951,CAND-2951,JOB-030,LinkedIn Organic,Job Posting,2024-01-16,Recruiter Screen,2024-01-25,False,True,False
APP-02952,CAND-2952,JOB-020,Employee Referral,Internal Referral,2024-02-18,Recruiter Screen,2024-02-28,False,True,False
APP-02953,CAND-2953,JOB-039,LinkedIn Organic,Job Posting,2025-06-02,Offer,2025-06-29,False,False,True
APP-02954,CAND-2954,JOB-036,LinkedIn Ads,Sponsored Job,2025-05-06,Resume Screen,2025-05-14,False,True,False
APP-02955,CAND-2955,JOB-041,Employee Referral,Internal Referral,2025-06-16,Final Panel Interview,2025-07-01,False,True,False
APP-02956,CAND-2956,JOB-017,LinkedIn Organic,Job Posting,2024-12-09,Resume Screen,2024-12-18,False,True,False
APP-02957,CAND-2957,JOB-030,Linked In,Job Posting,2024-01-19,Recruiter Screen,2024-02-01,False,True,False
APP-02958,CAND-2958,JOB-024,LinkedIn Organic,Job Posting,2025-01-25,Resume Screen,2025-02-03,False,True,False
APP-02959,CAND-2959,JOB-021,Referral,Internal Referral,2024-02-24,Recruiter Screen,2024-03-05,False,True,False
APP-02960,CAND-2960,JOB-017,LinkedIn Organic,Job Posting,2025-01-13,Recruiter Screen,2025-01-23,False,True,False
APP-02961,CAND-2961,JOB-012,LinkedIn Recruiter,InMail Outreach,2025-06-27,Resume Screen,2025-06-29,False,True,False
APP-02962,CAND-2962,JOB-011,LinkedIn Paid,Sponsored Job,2024-12-09,Resume Screen,2024-12-14,False,True,False
APP-02963,CAND-2963,JOB-015,GitHub Sourcing,GitHub Profile,21/06/2025,Final Panel Interview,28/06/2025,False,True,False
APP-02964,CAND-2964,JOB-037,Direct Application,Careers Page,2025-05-02,Resume Screen,2025-05-10,False,True,False
APP-02965,CAND-2965,JOB-034,LinkedIn Organic,Job Posting,2025-04-29,Hiring Manager Screen,2025-05-12,False,True,False
APP-02966,CAND-2966,JOB-012,LI Recruiter,InMail Outreach,2025-06-16,Resume Screen,2025-06-25,False,True,False
APP-02967,CAND-2967,JOB-003,Direct,Careers Page,2025-06-29,Resume Screen,2025-07-01,False,True,False
APP-02968,CAND-2968,JOB-021,LinkedIn Recruiter,InMail Outreach,2024-02-27,Resume Screen,2024-03-06,False,True,False
APP-02969,CAND-2969,JOB-005,LinkedIn Recruiter,InMail Outreach,2025-06-24,Technical Assessment,2025-07-01,False,True,False
APP-02970,CAND-2970,JOB-011,LinkedIn Recruiter,InMail Outreach,2025-01-05,Resume Screen,2025-01-15,False,True,False
APP-02971,CAND-2971,JOB-012,LI,Job Posting,2025-06-25,Resume Screen,2025-06-30,False,True,False
APP-02972,CAND-2972,JOB-027,Recruitment Agency,Agency Submission,2025-05-14,Resume Screen,2025-05-21,False,True,False
APP-02973,CAND-2973,JOB-012,LinkedIn Organic,Job Posting,2025-06-09,Final Panel Interview,2025-06-28,False,True,False
APP-02974,CAND-2974,JOB-023,LinkedIn Organic,Job Posting,2024-10-19,Recruiter Screen,2024-11-01,False,True,False
APP-02975,CAND-2975,JOB-030,LinkedIn Organic,Job Posting,2024-02-26,Resume Screen,2024-03-04,False,True,False
APP-02976,CAND-2976,JOB-009,Linked In,Job Posting,2025-06-12,Hiring Manager Screen,2025-06-27,False,True,False
APP-02977,CAND-2977,JOB-045,Direct Application,Careers Page,2024-06-01,Hiring Manager Screen,2024-06-15,False,True,False
APP-02978,CAND-2978,JOB-038,LinkedIn Organic,Job Posting,2025-02-19,Hiring Manager Screen,2025-03-09,False,True,False
APP-02979,CAND-2979,JOB-028,Employee Referral,Internal Referral,2025-04-06,Resume Screen,2025-04-13,False,True,False
APP-02980,CAND-2980,JOB-031,Glassdoor,Glassdoor Apply,2025-06-28,Hiring Manager Screen,2025-06-30,False,False,True
APP-02981,CAND-2981,JOB-034,Other,Unknown,2025-05-25,Final Panel Interview,2025-06-23,False,True,False
APP-02982,CAND-2982,JOB-006,Glassdoor,Glassdoor Apply,02/29/2024,Resume Screen,03/07/2024,False,True,False
APP-02983,CAND-2983,JOB-043,LinkedIn Organic,Job Posting,2024-09-12,Recruiter Screen,2024-09-23,False,True,False
APP-02984,CAND-2984,JOB-025,Direct Application,Careers Page,2025-06-03,Resume Screen,2025-06-10,False,True,False
APP-02985,CAND-2985,JOB-025,LinkedIn Recruiter,InMail Outreach,2025-06-21,Final Panel Interview,2025-07-01,False,True,False
APP-02986,CAND-2986,JOB-019,LinkedIn Organic,Job Posting,2025-06-26,Recruiter Screen,2025-07-01,False,True,False
APP-02987,CAND-2987,JOB-043,Employee Referral,Internal Referral,2024-07-29,Hiring Manager Screen,2024-08-10,False,True,False
APP-02988,CAND-2988,JOB-022,LinkedIn Organic,Job Posting,2025-06-17,Resume Screen,2025-06-26,False,True,False
APP-02989,CAND-2989,JOB-005,LinkedIn InMail,InMail Outreach,2025-06-14,Resume Screen,2025-06-20,False,True,False
APP-02990,CAND-2990,JOB-034,Employee Ref,Internal Referral,2025-05-23,Resume Screen,2025-05-30,False,True,False
APP-02991,CAND-2991,JOB-035,linkedin,Job Posting,26/05/2025,Resume Screen,06/02/2025,False,True,False
APP-02992,CAND-2992,JOB-020,LinkedIn Organic,Job Posting,2024-01-21,Resume Screen,2024-01-29,False,True,False
APP-02993,CAND-2993,JOB-031,LI Recruiter,InMail Outreach,2025-06-17,Hiring Manager Screen,2025-07-01,False,True,False
APP-02994,CAND-2994,JOB-034,LinkedIn Organic,Job Posting,04/05/2025,Resume Screen,04/10/2025,False,True,False
APP-02995,CAND-2995,JOB-035,LinkedIn Organic,Job Posting,2025-06-06,Resume Screen,2025-06-12,False,True,False
APP-02996,CAND-2996,JOB-018,Direct Application,Careers Page,2025-06-30,Recruiter Screen,2025-07-01,False,True,False
APP-02997,CAND-2997,JOB-004,Direct Application,Careers Page,2024-04-14,Technical Interview,2024-05-23,False,True,False
APP-02998,CAND-2998,JOB-026,LinkedIn Paid,Sponsored Job,2024-01-30,Resume Screen,2024-02-05,False,True,False
APP-02999,CAND-2999,JOB-016,LinkedIn Recruiter,InMail Outreach,2025-06-22,Resume Screen,2025-06-30,False,True,False
APP-03000,CAND-3000,JOB-031,Other,Unknown,2025-06-22,Resume Screen,2025-06-30,False,True,False
APP-03001,CAND-3001,JOB-035,Indeed,Indeed Apply,2025-06-06,Recruiter Screen,2025-06-14,False,True,False
APP-03002,CAND-3002,JOB-009,Referral,Internal Referral,2025-05-11,Resume Screen,2025-05-15,False,True,False
APP-03003,CAND-3003,JOB-036,LinkedIn Recruiter,InMail Outreach,2025-05-27,Recruiter Screen,2025-06-06,False,True,False
APP-03004,CAND-3004,JOB-013,LinkedIn Organic,Job Posting,2025-03-03,Technical Assessment,2025-03-23,False,True,False
APP-03005,CAND-3005,JOB-027,Recruitment Agency,Agency Submission,2025-06-03,Resume Screen,2025-06-09,False,True,False
APP-03006,CAND-3006,JOB-011,LinkedIn Paid,Sponsored Job,2025-01-23,Resume Screen,2025-01-28,False,True,False
APP-03007,CAND-3007,JOB-010,Indeed,Indeed Apply,2025-06-09,Technical Assessment,2025-06-25,False,True,False
APP-03008,CAND-3008,JOB-033,Recruitment Agency,Agency Submission,2025-06-09,Hiring Manager Screen,2025-06-28,False,True,False
APP-03009,CAND-3009,JOB-037,Indeed,Indeed Apply,2025-05-21,Recruiter Screen,2025-05-31,False,True,False
APP-03010,CAND-3010,JOB-044,LinkedIn Organic,Job Posting,2025-06-28,Hiring Manager Screen,2025-07-01,False,True,False
APP-03011,CAND-3011,JOB-039,LinkedIn Recruiter,InMail Outreach,2025-06-02,Resume Screen,2025-06-08,False,True,False
APP-03012,CAND-3012,JOB-008,Employee Referral,Internal Referral,2025-06-11,Technical Assessment,2025-06-27,False,True,False
APP-03013,CAND-3013,JOB-003,Direct Application,Careers Page,2025-06-16,Recruiter Screen,2025-06-26,False,True,False
APP-03014,CAND-3014,JOB-004,linkedin.com,Job Posting,2024-04-10,Hiring Manager Screen,2024-05-01,False,True,False
APP-03015,CAND-3015,JOB-027,LinkedIn,Job Posting,2025-05-20,Resume Screen,2025-05-24,False,True,False
APP-03016,CAND-3016,JOB-033,Recruitment Agency,Agency Submission,2025-06-08,Resume Screen,2025-06-15,False,True,False
APP-03017,CAND-3017,JOB-036,LinkedIn Paid,Sponsored Job,2025-04-22,Recruiter Screen,2025-05-07,False,True,False
APP-03018,CAND-3018,JOB-035,Indeed,Indeed Apply,2025-04-23,Final Panel Interview,2025-05-20,False,True,False
APP-03019,CAND-3019,JOB-027,referral,Internal Referral,2025-05-16,Final Panel Interview,2025-06-03,False,True,False
APP-03020,CAND-3020,JOB-040,LinkedIn,Job Posting,01/12/2024,Offer,02/15/2024,False,False,True
APP-03021,CAND-3021,JOB-018,LinkedIn Organic,Job Posting,2025-06-21,Resume Screen,2025-06-28,False,True,False
APP-03022,CAND-3022,JOB-021,LinkedIn Organic,Job Posting,2024-02-07,Recruiter Screen,2024-02-14,False,True,False
APP-03023,CAND-3023,JOB-019,Indeed,Indeed Apply,2025-06-20,Technical Assessment,2025-06-29,False,True,False
APP-03024,CAND-3024,JOB-035,Glassdoor,Glassdoor Apply,2025-04-18,Hiring Manager Screen,2025-05-08,False,True,False
APP-03025,CAND-3025,JOB-005,Glassdoor,Glassdoor Apply,29/06/2025,Resume Screen,06/30/2025,False,True,False
APP-03026,CAND-3026,JOB-041,LinkedIn Organic,Job Posting,2025-06-19,Final Panel Interview,2025-06-29,False,True,False
APP-03027,CAND-3027,JOB-014,glassdoor,Glassdoor Apply,2024-07-09,Resume Screen,2024-07-17,False,True,False
APP-03028,CAND-3028,JOB-001,LinkedIn Recruiter,InMail Outreach,2025-05-07,Resume Screen,2025-05-16,False,True,False
APP-03029,CAND-3029,JOB-022,LinkedIn Organic,Job Posting,2025-06-03,Resume Screen,2025-06-08,False,True,False
APP-03030,CAND-3030,JOB-029,Linked In,Job Posting,2025-01-18,Recruiter Screen,2025-01-30,False,True,False
APP-03031,CAND-3031,JOB-020,GitHub Sourcing,GitHub Profile,2024-01-25,Offer,2024-02-29,False,False,True
APP-03032,CAND-3032,JOB-015,University Partnership,Careers Fair,2025-06-09,Technical Assessment,2025-06-28,False,True,False
APP-03033,CAND-3033,JOB-035,LinkedIn InMail,InMail Outreach,2025-05-09,Recruiter Screen,2025-05-23,False,True,False
APP-03034,CAND-3034,JOB-010,LinkedIn Organic,Job Posting,2025-06-14,Resume Screen,2025-06-22,False,True,False
APP-03035,CAND-3035,JOB-030,LinkedIn Organic,Job Posting,2024-01-17,Resume Screen,2024-01-24,False,True,False
APP-03036,CAND-3036,JOB-010,Direct Application,Careers Page,2025-06-02,Resume Screen,2025-06-12,False,True,False
APP-03037,CAND-3037,JOB-002,Glassdoor,Glassdoor Apply,2025-06-28,Resume Screen,2025-06-29,False,True,False
APP-03038,CAND-3038,JOB-012,Indeed,Indeed Apply,2025-06-18,Resume Screen,2025-06-25,False,True,False
APP-03039,CAND-3039,JOB-028,LinkedIn Organic,Job Posting,02/28/2025,Hiring Manager Screen,03/19/2025,False,True,False
APP-03040,CAND-3040,JOB-003,Glassdoor,Glassdoor Apply,2025-06-27,Recruiter Screen,2025-06-30,False,True,False
APP-03041,CAND-3041,JOB-023,LinkedIn Organic,Job Posting,2024-11-30,Resume Screen,2024-12-10,False,True,False
APP-03042,CAND-3042,JOB-029,LinkedIn Organic,Job Posting,2025-01-10,Resume Screen,2025-01-15,False,True,False
APP-03043,CAND-3043,JOB-011,Indeed,Indeed Apply,2024-12-31,Hiring Manager Screen,2025-01-14,False,True,False
APP-03044,CAND-3044,JOB-013,Direct Application,Careers Page,2025-03-23,Resume Screen,2025-03-29,False,True,False
APP-03045,CAND-3045,JOB-014,LinkedIn Sponsored,Sponsored Job,2024-08-11,Resume Screen,2024-08-20,False,True,False
APP-03046,CAND-3046,JOB-010,LinkedIn Recruiter,InMail Outreach,2025-06-08,Technical Assessment,2025-06-29,False,True,False
APP-03047,CAND-3047,JOB-003,LinkedIn Recruiter,InMail Outreach,2025-06-24,Resume Screen,2025-07-01,False,True,False
APP-03048,CAND-3048,JOB-021,Indeed,Indeed Apply,2024-03-02,Recruiter Screen,2024-03-13,False,False,True
APP-03049,CAND-3049,JOB-015,LinkedIn Recruiter,InMail Outreach,2025-06-13,Recruiter Screen,2025-06-23,False,True,False
APP-03050,CAND-3050,JOB-004,LinkedIn Paid,Sponsored Job,2024-04-08,Recruiter Screen,2024-04-21,False,True,False
APP-03051,CAND-3051,JOB-008,LinkedIn Recruiter,InMail Outreach,2025-06-22,Resume Screen,2025-06-29,False,True,False
APP-03052,CAND-3052,JOB-020,Direct Application,Careers Page,2024-02-24,Resume Screen,2024-03-03,False,True,False
APP-03053,CAND-3053,JOB-011,LinkedIn Recruiter,InMail Outreach,2024-12-27,Recruiter Screen,2025-01-06,False,True,False
APP-03054,CAND-3054,JOB-036,Indeed.com,Indeed Apply,2025-04-03,Resume Screen,2025-04-09,False,True,False
APP-03055,CAND-3055,JOB-005,LinkedIn Recruiter,InMail Outreach,2025-06-21,Final Panel Interview,2025-07-01,False,True,False
APP-03056,CAND-3056,JOB-028,Glassdoor,Glassdoor Apply,2025-02-28,Hiring Manager Screen,2025-03-19,False,True,False
APP-03057,CAND-3057,JOB-023,Company Website,Careers Page,2024-11-27,Resume Screen,2024-12-04,False,True,False
APP-03058,CAND-3058,JOB-034,University Partnership,Careers Fair,2025-05-24,Offer,2025-06-24,False,False,True
APP-03059,CAND-3059,JOB-015,Recruitment Agency,Agency Submission,2025-06-15,Resume Screen,2025-06-23,False,True,False
APP-03060,CAND-3060,JOB-011,LinkedIn Organic,Job Posting,2025-01-08,Recruiter Screen,2025-01-17,False,True,False
APP-03061,CAND-3061,JOB-022,Employee Referral,Internal Referral,2025-06-20,Resume Screen,2025-06-25,False,True,False
APP-03062,CAND-3062,JOB-030,LinkedIn Organic,Job Posting,2024-02-01,Resume Screen,2024-02-06,False,True,False
APP-03063,CAND-3063,JOB-005,LinkedIn Organic,Job Posting,2025-06-09,Resume Screen,2025-06-17,False,True,False
APP-03064,CAND-3064,JOB-014,LI Recruiter,InMail Outreach,2024-08-29,Resume Screen,2024-09-03,False,True,False
APP-03065,CAND-3065,JOB-045,LinkedIn Paid,Sponsored Job,2024-04-13,Resume Screen,2024-04-23,False,True,False
APP-03066,CAND-3066,JOB-015,Careers Site,Careers Page,2025-06-07,Offer,2025-06-29,False,False,True
APP-03067,CAND-3067,JOB-045,LinkedIn Recruiter,InMail Outreach,2024-05-09,Resume Screen,2024-05-16,False,True,False
APP-03068,CAND-3068,JOB-025,indeed,Indeed Apply,2025-06-28,Hiring Manager Screen,2025-06-30,False,True,False
APP-03069,CAND-3069,JOB-010,Employee Referral,Internal Referral,2025-06-13,Hiring Manager Screen,2025-06-24,False,True,False
APP-03070,CAND-3070,JOB-022,LinkedIn Organic,Job Posting,2025-06-06,Technical Assessment,2025-07-01,False,True,False
APP-03071,CAND-3071,JOB-008,LinkedIn Organic,Job Posting,2025-06-25,Resume Screen,2025-06-30,False,True,False
APP-03072,CAND-3072,JOB-031,LinkedIn Recruiter,InMail Outreach,2025-06-29,Recruiter Screen,2025-06-30,False,True,False
APP-03073,CAND-3073,JOB-019,LinkedIn Organic,Job Posting,2025-06-25,Recruiter Screen,2025-07-01,False,True,False
APP-03074,CAND-3074,JOB-004,INDEED,Indeed Apply,2024-04-19,Hiring Manager Screen,2024-05-04,False,True,False
APP-03075,CAND-3075,JOB-002,University Partnership,Careers Fair,2025-06-06,Recruiter Screen,2025-06-15,False,True,False
APP-03076,CAND-3076,JOB-032,LinkedIn Paid,Sponsored Job,2025-06-30,Resume Screen,2025-07-01,False,True,False
APP-03077,CAND-3077,JOB-002,LinkedIn Recruiter,InMail Outreach,2025-06-07,Resume Screen,2025-06-12,False,True,False
APP-03078,CAND-3078,JOB-033,Indeed,Indeed Apply,2025-06-27,Hiring Manager Screen,2025-06-28,False,True,False
APP-03079,CAND-3079,JOB-035,LinkedIn Organic,Job Posting,2025-04-24,Recruiter Screen,2025-05-02,False,True,False
APP-03080,CAND-3080,JOB-031,LinkedIn Ads,Sponsored Job,2025-06-24,Resume Screen,2025-06-29,False,True,False
APP-03081,CAND-3081,JOB-041,Direct Application,Careers Page,2025-06-28,Resume Screen,2025-07-01,False,True,False
APP-03082,CAND-3082,JOB-003,Careers Page,Careers Page,2025-06-09,Recruiter Screen,2025-06-20,False,True,False
APP-03083,CAND-3083,JOB-029,LinkedIn Recruiter,InMail Outreach,2025-01-13,Recruiter Screen,2025-01-21,False,True,False
APP-03084,CAND-3084,JOB-033,LinkedIn Organic,Job Posting,2025-06-24,Resume Screen,2025-06-30,False,True,False
APP-03085,CAND-3085,JOB-028,LinkedIn Recruiter,InMail Outreach,02/24/2025,Resume Screen,03/03/2025,False,True,False
APP-03086,CAND-3086,JOB-022,LinkedIn Organic,Job Posting,2025-06-26,Resume Screen,2025-07-01,False,True,False
APP-03087,CAND-3087,JOB-045,Employee Ref,Internal Referral,2024-04-08,Hiring Manager Screen,2024-04-19,False,True,False
APP-03088,CAND-3088,JOB-009,Glassdoor,Glassdoor Apply,2025-05-17,Technical Assessment,2025-06-13,False,True,False
APP-03089,CAND-3089,JOB-004,Direct Application,Careers Page,2024-03-28,Hiring Manager Screen,2024-04-20,False,True,False
APP-03090,CAND-3090,JOB-025,LinkedIn Organic,Job Posting,2025-06-09,Technical Interview,2025-06-30,False,True,False
APP-03091,CAND-3091,JOB-026,LinkedIn Recruiter,InMail Outreach,2024-01-28,Resume Screen,2024-02-06,False,True,False
APP-03092,CAND-3092,JOB-015,LinkedIn Organic,Job Posting,2025-06-29,Resume Screen,2025-06-28,False,True,False
APP-03093,CAND-3093,JOB-042,Direct Application,Careers Page,2024-08-03,Hiring Manager Screen,2024-08-18,False,True,False
APP-03094,CAND-3094,JOB-033,LinkedIn Recruiter,InMail Outreach,2025-06-23,Recruiter Screen,2025-06-30,False,True,False
APP-03095,CAND-3095,JOB-013,linkedin.com,Job Posting,2025-03-14,Technical Assessment,2025-04-09,False,True,False
APP-03096,CAND-3096,JOB-044,Direct Application,Careers Page,2025-06-24,Resume Screen,2025-06-30,False,True,False
APP-03097,CAND-3097,JOB-006,Employee Referral,Internal Referral,2024-03-05,Resume Screen,2024-03-13,False,True,False
APP-03098,CAND-3098,JOB-035,Employee Referral,Internal Referral,2025-04-24,Resume Screen,2025-05-04,False,True,False
APP-03099,CAND-3099,JOB-033,LinkedIn Organic,Job Posting,2025-06-04,Offer,2025-06-29,False,False,True
APP-03100,CAND-3100,JOB-040,LinkedIn Organic,Job Posting,2024-03-01,Hiring Manager Screen,2024-03-18,False,True,False
APP-03101,CAND-3101,JOB-017,Employee Referral,Internal Referral,2024-11-28,Final Panel Interview,2024-12-14,False,True,False
APP-03102,CAND-3102,JOB-007,LI Recruiter,InMail Outreach,2025-05-30,Resume Screen,2025-06-05,False,True,False
APP-03103,CAND-3103,JOB-018,Employee Referral,Internal Referral,2025-06-17,Resume Screen,2025-06-25,False,True,False
APP-03104,CAND-3104,JOB-040,Employee Referral,Internal Referral,2024-01-12,Recruiter Screen,2024-01-22,False,True,False
APP-03105,CAND-3105,JOB-007,Glassdoor,Glassdoor Apply,2025-06-22,Technical Interview,2025-06-29,False,True,False
APP-03106,CAND-3106,JOB-030,LinkedIn Organic,Job Posting,2024-01-29,Hiring Manager Screen,2024-02-17,False,True,False
APP-03107,CAND-3107,JOB-038,Direct Application,Careers Page,2024-12-30,Resume Screen,2025-01-05,False,True,False
APP-03108,CAND-3108,JOB-024,LinkedIn Organic,Job Posting,2025-03-16,Resume Screen,2025-03-23,False,True,False
APP-03109,CAND-3109,JOB-042,Company Website,Careers Page,2024-08-13,Hiring Manager Screen,2024-08-26,False,True,False
APP-03110,CAND-3110,JOB-006,LinkedIn Organic,Job Posting,2024-03-02,Recruiter Screen,2024-03-13,False,True,False
APP-03111,CAND-3111,JOB-036,LI,Job Posting,12/05/2025,Hiring Manager Screen,30/05/2025,False,True,False
APP-03112,CAND-3112,JOB-002,LinkedIn Organic,Job Posting,2025-06-13,Resume Screen,2025-06-21,False,True,False
APP-03113,CAND-3113,JOB-012,LinkedIn Recruiter,InMail Outreach,2025-06-11,Final Panel Interview,2025-07-01,False,True,False
APP-03114,CAND-3114,JOB-045,linkedin,Job Posting,2024-05-06,Resume Screen,2024-05-14,False,True,False
APP-03115,CAND-3115,JOB-041,LinkedIn Organic,Job Posting,2025-06-19,Hiring Manager Screen,2025-06-28,False,True,False
APP-03116,CAND-3116,JOB-042,Indeed,Indeed Apply,2024-07-20,Resume Screen,2024-07-28,False,True,False
APP-03117,CAND-3117,JOB-018,University Partnership,Careers Fair,2025-06-19,Resume Screen,2025-06-25,False,True,False
APP-03118,CAND-3118,JOB-006,Direct Application,Careers Page,2024-02-23,Resume Screen,2024-03-02,False,True,False
APP-03119,CAND-3119,JOB-007,GitHub Sourcing,GitHub Profile,2025-06-02,Resume Screen,2025-06-07,False,True,False
APP-03120,CAND-3120,JOB-020,LinkedIn Organic,Job Posting,2024-01-30,Resume Screen,2024-02-07,False,True,False
APP-03121,CAND-3121,JOB-015,LinkedIn Organic,Job Posting,2025-06-04,Technical Assessment,2025-06-26,False,True,False
APP-03122,CAND-3122,JOB-029,Indeed,Indeed Apply,2025-01-03,Resume Screen,2025-01-11,False,True,False
APP-03123,CAND-3123,JOB-021,Direct Application,Careers Page,2024-02-08,Resume Screen,2024-02-17,False,True,False
APP-03124,CAND-3124,JOB-016,LinkedIn Organic,Job Posting,2025-06-26,Resume Screen,2025-06-29,False,True,False
APP-03125,CAND-3125,JOB-036,LinkedIn Recruiter,InMail Outreach,2025-05-21,Hiring Manager Screen,2025-06-02,False,True,False
APP-03126,CAND-3126,JOB-002,LinkedIn Organic,Job Posting,2025-06-03,Resume Screen,2025-06-09,False,True,False
APP-03127,CAND-3127,JOB-012,LinkedIn Organic,Job Posting,2025-06-18,Resume Screen,2025-06-28,False,True,False
APP-03128,CAND-3128,JOB-045,LinkedIn Paid,Sponsored Job,2024-05-26,Recruiter Screen,2024-06-06,False,True,False
APP-03129,CAND-3129,JOB-008,LinkedIn Recruiter,InMail Outreach,2025-06-25,Final Panel Interview,2025-06-28,False,True,False
APP-03130,CAND-3130,JOB-036,Indeed,Indeed Apply,2025-05-26,Hiring Manager Screen,2025-06-09,False,False,True
APP-03131,CAND-3131,JOB-023,LinkedIn Organic,Job Posting,2024-11-26,Recruiter Screen,2024-12-07,False,True,False
APP-03132,CAND-3132,JOB-044,Glassdoor,Glassdoor Apply,2025-06-15,Hiring Manager Screen,2025-06-29,False,True,False
APP-03133,CAND-3133,JOB-010,LI,Job Posting,2025-06-01,Resume Screen,2025-06-07,False,True,False
APP-03134,CAND-3134,JOB-037,linkedin.com,Job Posting,2025-05-28,Resume Screen,2025-06-02,False,True,False
APP-03135,CAND-3135,JOB-024,LinkedIn Paid,Sponsored Job,2025-01-25,Resume Screen,2025-02-01,False,True,False
APP-03136,CAND-3136,JOB-036,Direct Application,Careers Page,2025-04-16,Resume Screen,2025-04-25,False,True,False
APP-03137,CAND-3137,JOB-031,LinkedIn Recruiter,InMail Outreach,2025-06-20,Resume Screen,2025-06-24,False,True,False
APP-03138,CAND-3138,JOB-006,LinkedIn,Job Posting,2024-02-27,Final Panel Interview,2024-04-02,False,True,False
APP-03139,CAND-3139,JOB-023,LinkedIn Organic,Job Posting,2024-11-18,Technical Interview,2024-12-14,False,True,False
APP-03140,CAND-3140,JOB-015,LinkedIn Paid,Sponsored Job,2025-06-06,Hiring Manager Screen,2025-06-18,False,True,False
APP-03141,CAND-3141,JOB-036,LinkedIn InMail,InMail Outreach,2025-05-05,Resume Screen,2025-05-14,False,True,False
APP-03142,CAND-3142,JOB-022,Indeed,Indeed Apply,2025-06-20,Recruiter Screen,2025-06-29,False,True,False
APP-03143,CAND-3143,JOB-014,Direct Application,Careers Page,2024-08-18,Recruiter Screen,2024-09-01,False,True,False
APP-03144,CAND-3144,JOB-004,Direct Application,Careers Page,2024-04-27,Reference Check,2024-06-10,False,True,False
APP-03145,CAND-3145,JOB-034,LinkedIn Organic,Job Posting,2025-04-16,Resume Screen,2025-04-23,False,True,False
APP-03146,CAND-3146,JOB-045,GitHub Sourcing,GitHub Profile,2024-05-07,Hiring Manager Screen,2024-05-19,False,True,False
APP-03147,CAND-3147,JOB-041,LinkedIn Organic,Job Posting,2025-06-08,Resume Screen,2025-06-17,False,True,False
APP-03148,CAND-3148,JOB-031,Employee Referral,Internal Referral,2025-06-18,Offer,2025-07-01,False,False,True
APP-03149,CAND-3149,JOB-037,Indeed.com,Indeed Apply,2025-06-05,Hiring Manager Screen,2025-06-21,False,True,False
APP-03150,CAND-3150,JOB-035,Other,Unknown,2025-04-27,Final Panel Interview,2025-05-20,False,True,False
APP-03151,CAND-3151,JOB-032,LinkedIn Organic,Job Posting,2025-06-20,Resume Screen,2025-06-28,False,True,False
APP-03152,CAND-3152,JOB-011,referral,Internal Referral,2024-12-24,Resume Screen,2025-01-02,False,True,False
APP-03153,CAND-3153,JOB-006,Employee Referral,Internal Referral,2024-03-05,Recruiter Screen,2024-03-15,False,True,False
APP-03154,CAND-3154,JOB-036,Recruitment Agency,Agency Submission,2025-05-29,Hiring Manager Screen,2025-06-19,False,True,False
APP-03155,CAND-3155,JOB-023,LinkedIn Organic,Job Posting,2024-12-02,Technical Assessment,2024-12-28,False,False,True
APP-03156,CAND-3156,JOB-022,Employee Referral,Internal Referral,2025-06-12,Recruiter Screen,2025-06-18,False,True,False
APP-03157,CAND-3157,JOB-001,LinkedIn Organic,Job Posting,2025-04-20,Resume Screen,2025-04-28,False,True,False
APP-03158,CAND-3158,JOB-044,LinkedIn Organic,Job Posting,2025-06-13,Hiring Manager Screen,2025-06-30,False,True,False
APP-03159,CAND-3159,JOB-014,LinkedIn Organic,Job Posting,2024-08-22,Resume Screen,2024-08-28,False,True,False
APP-03160,CAND-3160,JOB-038,LinkedIn Organic,Job Posting,2025-02-02,Recruiter Screen,2025-02-14,False,True,False
APP-03161,CAND-3161,JOB-017,LinkedIn Organic,Job Posting,2024-12-29,Resume Screen,2025-01-07,False,True,False
APP-03162,CAND-3162,JOB-039,LinkedIn Organic,Job Posting,18/06/2025,Hiring Manager Screen,29/06/2025,False,True,False
APP-03163,CAND-3163,JOB-044,LinkedIn Recruiter,InMail Outreach,2025-06-11,Recruiter Screen,2025-06-18,False,True,False
APP-03164,CAND-3164,JOB-008,Direct Application,Careers Page,2025-06-26,Hiring Manager Screen,2025-06-28,False,True,False
APP-03165,CAND-3165,JOB-018,LinkedIn Recruiter,InMail Outreach,2025-06-07,Resume Screen,2025-06-14,False,True,False
APP-03166,CAND-3166,JOB-032,Employee Referral,Internal Referral,2025-06-09,Resume Screen,2025-06-18,False,True,False
APP-03167,CAND-3167,JOB-026,LinkedIn Organic,Job Posting,2024-02-18,Resume Screen,2024-02-23,False,True,False
APP-03168,CAND-3168,JOB-021,LinkedIn Paid,Sponsored Job,2024-03-16,Hiring Manager Screen,2024-03-28,False,True,False
APP-03169,CAND-3169,JOB-017,LinkedIn Organic,Job Posting,2025-01-06,Recruiter Screen,2025-01-21,False,True,False
APP-03170,CAND-3170,JOB-011,LinkedIn Organic,Job Posting,2025-01-26,Resume Screen,2025-02-02,False,True,False
APP-03171,CAND-3171,JOB-019,LinkedIn Organic,Job Posting,2025-06-29,Resume Screen,2025-06-28,False,True,False
APP-03172,CAND-3172,JOB-012,Employee Referral,Internal Referral,2025-06-10,Recruiter Screen,2025-06-17,False,True,False
APP-03173,CAND-3173,JOB-031,Recruitment Agency,Agency Submission,2025-06-06,Resume Screen,2025-06-13,False,True,False
APP-03174,CAND-3174,JOB-027,Direct Application,Careers Page,2025-06-05,Hiring Manager Screen,2025-06-19,False,True,False
APP-03175,CAND-3175,JOB-007,LinkedIn Organic,Job Posting,2025-06-11,Recruiter Screen,2025-06-25,False,True,False
APP-03176,CAND-3176,JOB-034,Direct Application,Careers Page,2025-05-27,Hiring Manager Screen,2025-06-14,False,True,False
APP-03177,CAND-3177,JOB-007,LinkedIn Organic,Job Posting,2025-06-02,Technical Assessment,2025-06-23,False,True,False
APP-03178,CAND-3178,JOB-020,linkedin.com,Job Posting,2024-02-05,Recruiter Screen,2024-02-15,False,True,False
APP-03179,CAND-3179,JOB-045,LinkedIn Organic,Job Posting,2024-05-15,Resume Screen,2024-05-23,False,True,False
APP-03180,CAND-3180,JOB-032,LinkedIn InMail,InMail Outreach,2025-06-20,Recruiter Screen,2025-06-28,False,True,False
APP-03181,CAND-3181,JOB-033,LinkedIn Recruiter,InMail Outreach,06/07/2025,Resume Screen,06/15/2025,False,True,False
APP-03182,CAND-3182,JOB-014,LinkedIn Organic,Job Posting,2024-07-18,Technical Assessment,2024-08-13,False,False,True
APP-03183,CAND-3183,JOB-036,LinkedIn Recruiter,InMail Outreach,2025-05-12,Resume Screen,2025-05-17,False,True,False
APP-03184,CAND-3184,JOB-039,Employee Referral,Internal Referral,2025-06-04,Resume Screen,2025-06-08,False,True,False
APP-03185,CAND-3185,JOB-039,Direct Application,Careers Page,2025-06-27,Resume Screen,2025-06-29,False,True,False
APP-03186,CAND-3186,JOB-007,LinkedIn Recruiter,InMail Outreach,2025-05-29,Resume Screen,2025-06-07,False,True,False
APP-03187,CAND-3187,JOB-023,Direct Application,Careers Page,2024-10-16,Resume Screen,2024-10-24,False,True,False
APP-03188,CAND-3188,JOB-011,Direct Application,Careers Page,2024-12-22,Hiring Manager Screen,2025-01-11,False,True,False
APP-03189,CAND-3189,JOB-016,LinkedIn Recruiter,InMail Outreach,2025-06-25,Resume Screen,2025-06-29,False,True,False
APP-03190,CAND-3190,JOB-001,LinkedIn Paid,Sponsored Job,2025-05-09,Recruiter Screen,2025-05-23,False,True,False
APP-03191,CAND-3191,JOB-034,Direct Application,Careers Page,2025-05-23,Recruiter Screen,2025-06-03,False,True,False
APP-03192,CAND-3192,JOB-004,Direct Application,Careers Page,2024-04-01,Resume Screen,2024-04-07,False,True,False
APP-03193,CAND-3193,JOB-008,Indeed,Indeed Apply,2025-06-22,Technical Assessment,2025-06-29,False,True,False
APP-03194,CAND-3194,JOB-043,University Partnership,Careers Fair,2024-08-27,Resume Screen,2024-09-05,False,True,False
APP-03195,CAND-3195,JOB-032,Glassdoor,Glassdoor Apply,2025-06-21,Resume Screen,2025-06-26,False,True,False
APP-03196,CAND-3196,JOB-001,Glassdoor.com,Glassdoor Apply,2025-04-07,Hiring Manager Screen,2025-04-23,False,True,False
APP-03197,CAND-3197,JOB-006,LinkedIn,Job Posting,2024-01-18,Final Panel Interview,2024-02-21,False,True,False
APP-03198,CAND-3198,JOB-005,LinkedIn Organic,Job Posting,2025-06-20,Technical Assessment,2025-06-30,False,True,False
APP-03199,CAND-3199,JOB-016,Employee Referral,Internal Referral,06/28/2025,Technical Assessment,28/06/2025,False,False,True
APP-03200,CAND-3200,JOB-017,Indeed,Indeed Apply,2024-12-02,Resume Screen,2024-12-09,False,True,False
APP-03201,CAND-3201,JOB-028,LinkedIn Recruiter,InMail Outreach,2025-03-10,Resume Screen,2025-03-18,False,True,False
APP-03202,CAND-3202,JOB-013,Direct Application,Careers Page,2025-03-08,Recruiter Screen,2025-03-18,False,True,False
APP-03203,CAND-3203,JOB-041,Glassdoor,Glassdoor Apply,2025-06-24,Hiring Manager Screen,2025-06-28,False,True,False
APP-03204,CAND-3204,JOB-041,LinkedIn Recruiter,InMail Outreach,2025-06-06,Resume Screen,2025-06-14,False,True,False
APP-03205,CAND-3205,JOB-013,LinkedIn Recruiter,InMail Outreach,2025-04-10,Resume Screen,2025-04-14,False,True,False
APP-03206,CAND-3206,JOB-031,Direct Application,Careers Page,2025-06-02,Recruiter Screen,2025-06-12,False,True,False
APP-03207,CAND-3207,JOB-001,github,GitHub Profile,2025-04-16,Resume Screen,2025-04-22,False,True,False
APP-03208,CAND-3208,JOB-029,LinkedIn Recruiter,InMail Outreach,2025-01-03,Recruiter Screen,2025-01-13,False,True,False
APP-03209,CAND-3209,JOB-005,LinkedIn Recruiter,InMail Outreach,2025-06-05,Resume Screen,2025-06-15,False,True,False
APP-03210,CAND-3210,JOB-040,LinkedIn Recruiter,InMail Outreach,07/01/2024,Offer,10/02/2024,False,False,True
APP-03211,CAND-3211,JOB-021,Internal Referral,Internal Referral,2024-03-13,Recruiter Screen,2024-03-20,False,False,True
APP-03212,CAND-3212,JOB-034,Employee Referral,Internal Referral,2025-05-29,Hiring Manager Screen,2025-06-10,False,True,False
APP-03213,CAND-3213,JOB-017,LinkedIn Recruiter,InMail Outreach,2024-12-05,Resume Screen,2024-12-12,False,True,False
APP-03214,CAND-3214,JOB-037,LinkedIn Recruiter,InMail Outreach,2025-06-08,Recruiter Screen,2025-06-17,False,True,False
APP-03215,CAND-3215,JOB-031,Recruitment Agency,Agency Submission,2025-07-01,Recruiter Screen,2025-06-30,False,True,False
APP-03216,CAND-3216,JOB-003,LinkedIn Organic,Job Posting,2025-06-10,Resume Screen,2025-06-17,False,True,False
APP-03217,CAND-3217,JOB-003,LinkedIn Organic,Job Posting,2025-06-11,Recruiter Screen,2025-06-23,False,True,False
APP-03218,CAND-3218,JOB-019,LinkedIn InMail,InMail Outreach,2025-06-20,Resume Screen,2025-06-27,False,True,False
APP-03219,CAND-3219,JOB-044,Glassdoor,Glassdoor Apply,2025-06-05,Resume Screen,2025-06-13,False,True,False
APP-03220,CAND-3220,JOB-005,LinkedIn Organic,Job Posting,2025-06-09,Hiring Manager Screen,2025-06-23,False,True,False
APP-03221,CAND-3221,JOB-027,Company Website,Careers Page,2025-05-20,Recruiter Screen,2025-06-02,False,True,False
APP-03222,CAND-3222,JOB-021,External Recruiter,Agency Submission,2024-03-11,Resume Screen,2024-03-18,False,True,False
APP-03223,CAND-3223,JOB-016,LinkedIn Recruiter,InMail Outreach,2025-06-06,Resume Screen,2025-06-15,False,True,False
APP-03224,CAND-3224,JOB-009,LinkedIn Recruiter,InMail Outreach,2025-06-12,Resume Screen,2025-06-19,False,True,False
APP-03225,CAND-3225,JOB-029,Other,Unknown,2025-01-01,Hiring Manager Screen,2025-01-18,False,True,False
APP-03226,CAND-3226,JOB-010,LinkedIn Recruiter,InMail Outreach,2025-06-07,Hiring Manager Screen,2025-06-27,False,True,False
APP-03227,CAND-3227,JOB-011,Employee Referral,Internal Referral,2024-12-30,Technical Interview,2025-01-23,False,True,False
APP-03228,CAND-3228,JOB-001,Indeed,Indeed Apply,2025-05-23,Resume Screen,2025-05-30,False,True,False
APP-03229,CAND-3229,JOB-002,LinkedIn Paid,Sponsored Job,2025-06-29,Technical Assessment,2025-06-30,False,True,False
APP-03230,CAND-3230,JOB-034,linkedin,Job Posting,2025-05-31,Recruiter Screen,2025-06-13,False,True,False
APP-03231,CAND-3231,JOB-008,LinkedIn Recruiter,InMail Outreach,2025-06-29,Hiring Manager Screen,2025-06-30,False,True,False
APP-03232,CAND-3232,JOB-007,LinkedIn Organic,Job Posting,2025-06-22,Resume Screen,2025-06-29,False,True,False
APP-03233,CAND-3233,JOB-009,Careers Site,Careers Page,2025-05-05,Resume Screen,2025-05-11,False,True,False
APP-03234,CAND-3234,JOB-012,LinkedIn Recruiter,InMail Outreach,2025-06-10,Resume Screen,2025-06-18,False,True,False
APP-03235,CAND-3235,JOB-018,LinkedIn Recruiter,InMail Outreach,2025-06-18,Offer,2025-06-29,False,False,True
APP-03236,CAND-3236,JOB-020,LinkedIn Sponsored,Sponsored Job,2024-03-05,Resume Screen,2024-03-14,False,True,False
APP-03237,CAND-3237,JOB-033,LinkedIn Recruiter,InMail Outreach,2025-06-10,Resume Screen,2025-06-17,False,True,False
APP-03238,CAND-3238,JOB-024,LinkedIn Recruiter,InMail Outreach,2025-01-31,Resume Screen,2025-02-07,False,True,False
APP-03239,CAND-3239,JOB-038,LinkedIn Organic,Job Posting,2025-01-24,Hiring Manager Screen,2025-02-07,False,True,False
APP-03240,CAND-3240,JOB-020,LinkedIn Organic,Job Posting,2024-01-31,Technical Assessment,2024-02-24,False,False,True
APP-03241,CAND-3241,JOB-035,University Partnership,Careers Fair,2025-04-18,Resume Screen,2025-04-25,False,True,False
APP-03242,CAND-3242,JOB-014,LinkedIn Organic,Job Posting,2024-08-20,Resume Screen,2024-08-28,False,True,False
APP-03243,CAND-3243,JOB-005,LinkedIn Organic,Job Posting,2025-06-06,Technical Assessment,2025-06-29,False,False,True
APP-03244,CAND-3244,JOB-025,University Partnership,Careers Fair,2025-06-26,Resume Screen,2025-06-29,False,True,False
APP-03245,CAND-3245,JOB-016,Glassdoor,Glassdoor Apply,2025-06-15,Resume Screen,2025-06-25,False,True,False
APP-03246,CAND-3246,JOB-009,Employee Referral,Internal Referral,2025-06-11,Resume Screen,2025-06-18,False,True,False
APP-03247,CAND-3247,JOB-018,linkedin.com,Job Posting,2025-06-02,Final Panel Interview,2025-07-01,False,True,False
APP-03248,CAND-3248,JOB-024,LinkedIn Organic,Job Posting,2025-03-18,Hiring Manager Screen,2025-04-04,False,True,False
APP-03249,CAND-3249,JOB-014,LinkedIn Recruiter,InMail Outreach,2024-08-18,Resume Screen,2024-08-27,False,True,False
APP-03250,CAND-3250,JOB-006,LinkedIn Organic,Job Posting,2024-03-12,Resume Screen,2024-03-17,False,True,False
APP-03251,CAND-3251,JOB-029,Recruitment Agency,Agency Submission,2025-02-14,Resume Screen,2025-02-21,False,True,False
APP-03252,CAND-3252,JOB-006,LinkedIn Recruiter,InMail Outreach,2024-02-28,Technical Assessment,2024-03-24,False,False,True
APP-03253,CAND-3253,JOB-008,LinkedIn InMail,InMail Outreach,2025-06-21,Hiring Manager Screen,2025-06-30,False,True,False
APP-03254,CAND-3254,JOB-032,LinkedIn Organic,Job Posting,2025-06-01,Resume Screen,2025-06-08,False,True,False
APP-03255,CAND-3255,JOB-040,Glassdoor,Glassdoor Apply,2024-01-17,Offer,2024-02-15,False,False,True
APP-03256,CAND-3256,JOB-010,LinkedIn Organic,Job Posting,2025-06-14,Recruiter Screen,2025-06-28,False,True,False
APP-03257,CAND-3257,JOB-037,LinkedIn Organic,Job Posting,2025-04-30,Recruiter Screen,2025-05-12,False,True,False
APP-03258,CAND-3258,JOB-025,LinkedIn Organic,Job Posting,2025-06-25,Resume Screen,2025-06-30,False,True,False
APP-03259,CAND-3259,JOB-023,INDEED,Indeed Apply,2024-10-21,Resume Screen,2024-10-26,False,True,False
APP-03260,CAND-3260,JOB-030,LinkedIn Organic,Job Posting,26/01/2024,Resume Screen,01/02/2024,False,True,False
APP-03261,CAND-3261,JOB-001,LinkedIn Recruiter,InMail Outreach,2025-04-17,Technical Assessment,2025-05-04,False,True,False
APP-03262,CAND-3262,JOB-008,Employee Referral,Internal Referral,2025-06-30,Resume Screen,2025-06-28,False,True,False
APP-03263,CAND-3263,JOB-032,University Partnership,Careers Fair,2025-06-10,Resume Screen,2025-06-18,False,True,False
APP-03264,CAND-3264,JOB-029,LinkedIn Recruiter,InMail Outreach,2025-02-06,Recruiter Screen,2025-02-14,False,True,False
APP-03265,CAND-3265,JOB-005,linkedin,Job Posting,2025-06-05,Resume Screen,2025-06-15,False,True,False
APP-03266,CAND-3266,JOB-027,LinkedIn Paid,Sponsored Job,24/05/2025,Recruiter Screen,07/06/2025,False,False,True
APP-03267,CAND-3267,JOB-040,Direct Application,Careers Page,2024-01-12,Resume Screen,2024-01-20,False,True,False
APP-03268,CAND-3268,JOB-015,Glassdoor,Glassdoor Apply,2025-06-24,Hiring Manager Screen,2025-06-28,False,True,False
APP-03269,CAND-3269,JOB-038,LinkedIn Recruiter,InMail Outreach,2025-02-15,Resume Screen,2025-02-20,False,True,False
APP-03270,CAND-3270,JOB-025,Indeed,Indeed Apply,24/06/2025,Final Panel Interview,07/01/2025,False,True,False
APP-03271,CAND-3271,JOB-013,Direct Application,Careers Page,2025-03-23,Resume Screen,2025-03-30,False,True,False
APP-03272,CAND-3272,JOB-029,Direct Application,Careers Page,2025-01-30,Recruiter Screen,2025-02-09,False,True,False
APP-03273,CAND-3273,JOB-021,LinkedIn Organic,Job Posting,2024-03-02,Resume Screen,2024-03-08,False,True,False
APP-03274,CAND-3274,JOB-029,Other,Unknown,2025-01-20,Final Panel Interview,2025-02-12,False,True,False
APP-03275,CAND-3275,JOB-037,Other,Unknown,2025-04-27,Resume Screen,2025-05-03,False,True,False
APP-03276,CAND-3276,JOB-004,Indeed,Indeed Apply,2024-04-26,Resume Screen,2024-05-02,False,True,False
APP-03277,CAND-3277,JOB-027,Recruitment Agency,Agency Submission,2025-05-04,Final Panel Interview,2025-05-24,False,True,False
APP-03278,CAND-3278,JOB-024,Employee Referral,Internal Referral,2025-02-17,Recruiter Screen,2025-02-26,False,True,False
APP-03279,CAND-3279,JOB-015,LinkedIn Organic,Job Posting,2025-06-06,Hiring Manager Screen,2025-06-21,False,True,False
APP-03280,CAND-3280,JOB-042,LinkedIn Recruiter,InMail Outreach,2024-07-01,Hiring Manager Screen,2024-07-17,False,False,True
APP-03281,CAND-3281,JOB-001,LinkedIn Paid,Sponsored Job,04/07/2025,Recruiter Screen,04/21/2025,False,True,False
APP-03282,CAND-3282,JOB-011,Glassdoor,Glassdoor Apply,2024-12-30,Technical Assessment,2025-01-30,False,True,False
APP-03283,CAND-3283,JOB-033,GitHub Sourcing,GitHub Profile,2025-06-06,Resume Screen,2025-06-12,False,True,False
APP-03284,CAND-3284,JOB-003,Linked In,Job Posting,2025-06-26,Resume Screen,2025-06-29,False,True,False
APP-03285,CAND-3285,JOB-025,Employee Referral,Internal Referral,2025-06-07,Resume Screen,2025-06-13,False,True,False
APP-03286,CAND-3286,JOB-024,Recruitment Agency,Agency Submission,2025-03-20,Resume Screen,2025-03-28,False,True,False
APP-03287,CAND-3287,JOB-029,LinkedIn Organic,Job Posting,2024-12-31,Recruiter Screen,2025-01-11,False,True,False
APP-03288,CAND-3288,JOB-030,LinkedIn InMail,InMail Outreach,2024-01-09,Resume Screen,2024-01-17,False,True,False
APP-03289,CAND-3289,JOB-031,Glassdoor,Glassdoor Apply,2025-06-10,Resume Screen,2025-06-19,False,True,False
APP-03290,CAND-3290,JOB-026,LinkedIn Organic,Job Posting,2024-02-09,Resume Screen,2024-02-16,False,True,False
APP-03291,CAND-3291,JOB-044,LinkedIn Recruiter,InMail Outreach,2025-06-20,Resume Screen,2025-06-30,False,True,False
APP-03292,CAND-3292,JOB-014,Employee Referral,Internal Referral,2024-08-11,Resume Screen,2024-08-19,False,True,False
APP-03293,CAND-3293,JOB-028,Referral,Internal Referral,2025-04-03,Final Panel Interview,2025-04-18,False,True,False
APP-03294,CAND-3294,JOB-014,Employee Ref,Internal Referral,2024-08-23,Reference Check,2024-09-19,False,True,False
APP-03295,CAND-3295,JOB-013,LinkedIn Organic,Job Posting,2025-03-08,Resume Screen,2025-03-13,False,True,False
APP-03296,CAND-3296,JOB-039,LinkedIn Organic,Job Posting,2025-06-07,Final Panel Interview,2025-07-01,False,True,False
APP-03297,CAND-3297,JOB-041,Recruitment Agency,Agency Submission,2025-06-18,Hiring Manager Screen,2025-07-01,False,True,False
APP-03298,CAND-3298,JOB-025,LinkedIn Recruiter,InMail Outreach,2025-06-28,Resume Screen,2025-06-30,False,True,False
APP-03299,CAND-3299,JOB-004,LinkedIn Organic,Job Posting,2024-03-24,Resume Screen,2024-04-01,False,True,False
APP-03300,CAND-3300,JOB-029,Employee Referral,Internal Referral,2025-02-03,Hiring Manager Screen,2025-02-13,False,False,True
APP-03301,CAND-3301,JOB-022,LinkedIn Recruiter,InMail Outreach,2025-06-29,Technical Assessment,2025-06-29,False,True,False
APP-03302,CAND-3302,JOB-022,Indeed,Indeed Apply,2025-06-14,Resume Screen,2025-06-21,False,True,False
APP-03303,CAND-3303,JOB-013,Indeed,Indeed Apply,2025-03-24,Final Panel Interview,2025-04-22,False,True,False
APP-03304,CAND-3304,JOB-039,Employee Referral,Internal Referral,2025-06-07,Resume Screen,2025-06-15,False,True,False
APP-03305,CAND-3305,JOB-040,LinkedIn Organic,Job Posting,2024-01-24,Recruiter Screen,2024-02-07,False,True,False
APP-03306,CAND-3306,JOB-039,LinkedIn Organic,Job Posting,2025-06-18,Recruiter Screen,2025-06-29,False,True,False
APP-03307,CAND-3307,JOB-020,LinkedIn Organic,Job Posting,2024-03-01,Resume Screen,2024-03-09,False,True,False
APP-03308,CAND-3308,JOB-016,Indeed,Indeed Apply,2025-06-30,Resume Screen,2025-06-28,False,True,False
APP-03309,CAND-3309,JOB-028,Indeed,Indeed Apply,2025-02-25,Hiring Manager Screen,2025-03-15,False,True,False
APP-03310,CAND-3310,JOB-007,LinkedIn Recruiter,InMail Outreach,2025-06-01,Resume Screen,2025-06-07,False,True,False
APP-03311,CAND-3311,JOB-005,LinkedIn Organic,Job Posting,2025-06-06,Recruiter Screen,2025-06-19,False,True,False
APP-03312,CAND-3312,JOB-036,Indeed,Indeed Apply,2025-04-02,Resume Screen,2025-04-11,False,True,False
APP-03313,CAND-3313,JOB-036,LinkedIn Organic,Job Posting,13/04/2025,Resume Screen,23/04/2025,False,True,False
APP-03314,CAND-3314,JOB-021,Glassdoor,Glassdoor Apply,2024-03-01,Final Panel Interview,2024-03-24,False,True,False
APP-03315,CAND-3315,JOB-035,LinkedIn Recruiter,InMail Outreach,2025-05-21,Hiring Manager Screen,2025-06-05,False,True,False
APP-03316,CAND-3316,JOB-010,LinkedIn Organic,Job Posting,2025-06-26,Hiring Manager Screen,2025-07-01,False,True,False
APP-03317,CAND-3317,JOB-037,LinkedIn Organic,Job Posting,2025-05-10,Hiring Manager Screen,2025-05-27,False,True,False
APP-03318,CAND-3318,JOB-019,LinkedIn Recruiter,InMail Outreach,2025-06-05,Resume Screen,2025-06-11,False,True,False
APP-03319,CAND-3319,JOB-010,Direct Application,Careers Page,2025-05-30,Recruiter Screen,2025-06-11,False,True,False
APP-03320,CAND-3320,JOB-011,LinkedIn Recruiter,InMail Outreach,2024-12-06,Resume Screen,2024-12-12,False,True,False
APP-03321,CAND-3321,JOB-022,GitHub Sourcing,GitHub Profile,2025-06-27,Technical Interview,2025-06-30,False,True,False
APP-03322,CAND-3322,JOB-007,LinkedIn,Job Posting,2025-06-23,Technical Assessment,2025-07-01,False,True,False
APP-03323,CAND-3323,JOB-031,LinkedIn Recruiter,InMail Outreach,2025-06-07,Resume Screen,2025-06-13,False,True,False
APP-03324,CAND-3324,JOB-039,LinkedIn Recruiter,InMail Outreach,2025-06-18,Hiring Manager Screen,2025-06-28,False,False,True
APP-03325,CAND-3325,JOB-045,LinkedIn Paid,Sponsored Job,2024-06-02,Resume Screen,2024-06-10,False,True,False
APP-03326,CAND-3326,JOB-007,Direct Application,Careers Page,2025-05-19,Resume Screen,2025-05-26,False,True,False
APP-03327,CAND-3327,JOB-045,LinkedIn Organic,Job Posting,2024-05-01,Resume Screen,2024-05-08,False,True,False
APP-03328,CAND-3328,JOB-030,LI Recruiter,InMail Outreach,2024-02-24,Resume Screen,2024-02-29,False,True,False
APP-03329,CAND-3329,JOB-017,Other,Unknown,19/01/2025,Resume Screen,01/27/2025,False,True,False
APP-03330,CAND-3330,JOB-021,LinkedIn Recruiter,InMail Outreach,2024-01-30,Resume Screen,2024-02-03,False,True,False
APP-03331,CAND-3331,JOB-002,LinkedIn Sponsored,Sponsored Job,2025-06-12,Final Panel Interview,2025-06-29,False,True,False
APP-03332,CAND-3332,JOB-001,LinkedIn Organic,Job Posting,2025-05-18,Resume Screen,2025-05-26,False,True,False
APP-03333,CAND-3333,JOB-022,Other,Unknown,2025-06-13,Resume Screen,2025-06-20,False,True,False
APP-03334,CAND-3334,JOB-001,GitHub Sourcing,GitHub Profile,2025-05-10,Recruiter Screen,2025-05-20,False,True,False
APP-03335,CAND-3335,JOB-008,Linked In,Job Posting,06/07/2025,Offer,06/29/2025,False,False,True
APP-03336,CAND-3336,JOB-017,University Partnership,Careers Fair,2024-12-19,Technical Assessment,2025-01-16,False,True,False
APP-03337,CAND-3337,JOB-031,LinkedIn Organic,Job Posting,2025-06-19,Hiring Manager Screen,2025-07-01,False,True,False
APP-03338,CAND-3338,JOB-031,LI,Job Posting,2025-06-13,Resume Screen,2025-06-19,False,True,False
APP-03339,CAND-3339,JOB-022,LinkedIn InMail,InMail Outreach,2025-06-08,Final Panel Interview,2025-06-28,False,True,False
APP-03340,CAND-3340,JOB-033,LinkedIn Organic,Job Posting,2025-06-12,Hiring Manager Screen,2025-06-29,False,True,False
APP-03341,CAND-3341,JOB-035,LinkedIn Recruiter,InMail Outreach,2025-04-25,Hiring Manager Screen,2025-05-14,False,False,True
APP-03342,CAND-3342,JOB-011,Linked In,Job Posting,2024-12-15,Technical Assessment,2025-01-08,False,False,True
APP-03343,CAND-3343,JOB-013,LinkedIn Paid,Sponsored Job,2025-04-14,Recruiter Screen,2025-04-24,False,True,False
APP-03344,CAND-3344,JOB-040,Employee Referral,Internal Referral,2024-03-01,Resume Screen,2024-03-07,False,True,False
APP-03345,CAND-3345,JOB-025,LinkedIn Recruiter,InMail Outreach,2025-07-01,Resume Screen,2025-07-01,False,True,False
APP-03346,CAND-3346,JOB-019,Employee Referral,Internal Referral,2025-06-06,Resume Screen,2025-06-13,False,True,False
APP-03347,CAND-3347,JOB-040,LinkedIn Organic,Job Posting,2024-01-05,Recruiter Screen,2024-01-19,False,True,False
APP-03348,CAND-3348,JOB-034,Direct Application,Careers Page,2025-05-04,Final Panel Interview,2025-05-28,False,True,False
APP-03349,CAND-3349,JOB-023,LinkedIn Organic,Job Posting,2024-10-08,Hiring Manager Screen,2024-10-22,False,True,False
APP-03350,CAND-3350,JOB-033,LinkedIn Organic,Job Posting,2025-06-01,Hiring Manager Screen,2025-06-14,False,True,False
APP-03351,CAND-3351,JOB-018,Employee Referral,Internal Referral,2025-06-21,Technical Assessment,2025-06-28,False,False,True
APP-03352,CAND-3352,JOB-040,LinkedIn Recruiter,InMail Outreach,2024-02-13,Resume Screen,2024-02-20,False,True,False
APP-03353,CAND-3353,JOB-033,LinkedIn Organic,Job Posting,2025-06-28,Resume Screen,2025-06-29,False,True,False
APP-03354,CAND-3354,JOB-017,University Partnership,Careers Fair,2024-12-29,Hiring Manager Screen,2025-01-16,False,True,False
APP-03355,CAND-3355,JOB-039,LinkedIn Organic,Job Posting,2025-06-03,Resume Screen,2025-06-10,False,True,False
APP-03356,CAND-3356,JOB-002,LinkedIn Recruiter,InMail Outreach,2025-06-01,Resume Screen,2025-06-09,False,True,False
APP-03357,CAND-3357,JOB-018,LinkedIn Paid,Sponsored Job,2025-06-22,Recruiter Screen,2025-06-28,False,True,False
APP-03358,CAND-3358,JOB-042,Direct Application,Careers Page,2024-07-30,Resume Screen,2024-08-09,False,True,False
APP-03359,CAND-3359,JOB-019,linkedin,Job Posting,2025-06-25,Resume Screen,2025-06-30,False,True,False
APP-03360,CAND-3360,JOB-001,LinkedIn Organic,Job Posting,2025-06-03,Resume Screen,2025-06-12,False,True,False
APP-03361,CAND-3361,JOB-018,Glassdoor.com,Glassdoor Apply,2025-06-07,Recruiter Screen,2025-06-20,False,True,False
APP-03362,CAND-3362,JOB-029,LinkedIn Recruiter,InMail Outreach,2025-01-25,Resume Screen,2025-02-03,False,True,False
APP-03363,CAND-3363,JOB-031,Direct,Careers Page,2025-06-24,Hiring Manager Screen,2025-06-29,False,True,False
APP-03364,CAND-3364,JOB-026,Company Website,Careers Page,2024-01-16,Resume Screen,2024-01-20,False,True,False
APP-03365,CAND-3365,JOB-015,Headhunter,Agency Submission,2025-06-07,Technical Assessment,2025-06-24,False,True,False
APP-03366,CAND-3366,JOB-010,LinkedIn Organic,Job Posting,2025-06-17,Hiring Manager Screen,2025-06-28,False,True,False
APP-03367,CAND-3367,JOB-032,Employee Referral,Internal Referral,2025-06-26,Resume Screen,2025-06-29,False,True,False
APP-03368,CAND-3368,JOB-037,LinkedIn Organic,Job Posting,2025-05-06,Resume Screen,2025-05-12,False,True,False
APP-03369,CAND-3369,JOB-007,LinkedIn Organic,Job Posting,2025-06-14,Resume Screen,2025-06-21,False,True,False
APP-03370,CAND-3370,JOB-018,LinkedIn Recruiter,InMail Outreach,2025-06-28,Technical Assessment,2025-06-30,False,False,True
APP-03371,CAND-3371,JOB-040,LinkedIn Recruiter,InMail Outreach,2024-02-10,Resume Screen,2024-02-18,False,True,False
APP-03372,CAND-3372,JOB-007,LinkedIn Organic,Job Posting,2025-06-26,Resume Screen,2025-06-28,False,True,False
APP-03373,CAND-3373,JOB-005,LinkedIn Organic,Job Posting,2025-06-19,Resume Screen,2025-06-26,False,True,False
APP-03374,CAND-3374,JOB-040,linkedin,Job Posting,01/14/2024,Recruiter Screen,27/01/2024,False,True,False
APP-03375,CAND-3375,JOB-025,LinkedIn Recruiter,InMail Outreach,2025-06-07,Recruiter Screen,2025-06-13,False,True,False
APP-03376,CAND-3376,JOB-043,Recruitment Agency,Agency Submission,2024-08-10,Hiring Manager Screen,2024-08-26,False,True,False
APP-03377,CAND-3377,JOB-037,LI,Job Posting,2025-06-04,Hiring Manager Screen,2025-06-17,False,True,False
APP-03378,CAND-3378,JOB-036,LinkedIn Organic,Job Posting,2025-05-29,Resume Screen,2025-06-05,False,True,False
APP-03379,CAND-3379,JOB-008,Agency,Agency Submission,2025-06-23,Resume Screen,2025-06-30,False,True,False
APP-03380,CAND-3380,JOB-007,LinkedIn Paid,Sponsored Job,2025-06-09,Hiring Manager Screen,2025-06-24,False,True,False
APP-03381,CAND-3381,JOB-007,Glassdoor,Glassdoor Apply,2025-05-19,Resume Screen,2025-05-26,False,True,False
APP-03382,CAND-3382,JOB-008,Careers Page,Careers Page,22/06/2025,Resume Screen,06/29/2025,False,True,False
APP-03383,CAND-3383,JOB-038,Recruitment Agency,Agency Submission,2025-02-14,Resume Screen,2025-02-22,False,True,False
APP-03384,CAND-3384,JOB-011,LinkedIn Recruiter,InMail Outreach,01/02/2025,Resume Screen,08/01/2025,False,True,False
APP-03385,CAND-3385,JOB-006,LinkedIn Organic,Job Posting,2024-02-10,Resume Screen,2024-02-18,False,True,False
APP-03386,CAND-3386,JOB-017,LinkedIn Organic,Job Posting,2024-12-19,Resume Screen,2024-12-29,False,True,False
APP-03387,CAND-3387,JOB-016,LinkedIn Recruiter,InMail Outreach,2025-06-03,Resume Screen,2025-06-12,False,True,False
APP-03388,CAND-3388,JOB-012,LinkedIn InMail,InMail Outreach,2025-06-09,Resume Screen,2025-06-15,False,True,False
APP-03389,CAND-3389,JOB-032,LinkedIn Recruiter,InMail Outreach,2025-06-14,Resume Screen,2025-06-19,False,True,False
APP-03390,CAND-3390,JOB-009,LinkedIn Recruiter,InMail Outreach,2025-05-17,Resume Screen,2025-05-23,False,True,False
APP-03391,CAND-3391,JOB-042,LinkedIn Organic,Job Posting,2024-06-26,Hiring Manager Screen,2024-07-11,False,True,False
APP-03392,CAND-3392,JOB-027,LinkedIn Recruiter,InMail Outreach,2025-06-19,Hiring Manager Screen,2025-06-28,False,True,False
APP-03393,CAND-3393,JOB-029,LinkedIn Organic,Job Posting,2024-12-29,Recruiter Screen,2025-01-09,False,True,False
APP-03394,CAND-3394,JOB-026,LinkedIn Recruiter,InMail Outreach,2024-02-23,Resume Screen,2024-03-03,False,True,False
APP-03395,CAND-3395,JOB-032,linkedin.com,Job Posting,2025-07-01,Resume Screen,2025-06-28,False,True,False
APP-03396,CAND-3396,JOB-039,LinkedIn Organic,Job Posting,2025-06-19,Final Panel Interview,2025-06-30,False,True,False
APP-03397,CAND-3397,JOB-022,LinkedIn Recruiter,InMail Outreach,2025-06-26,Resume Screen,2025-07-01,False,True,False
APP-03398,CAND-3398,JOB-028,linkedin.com,Job Posting,2025-03-04,Resume Screen,2025-03-11,False,True,False
APP-03399,CAND-3399,JOB-029,LinkedIn Paid,Sponsored Job,2025-01-25,Resume Screen,2025-02-01,False,True,False
APP-03400,CAND-3400,JOB-008,Recruitment Agency,Agency Submission,2025-06-12,Resume Screen,2025-06-18,False,True,False
APP-03401,CAND-3401,JOB-026,INDEED,Indeed Apply,2024-02-19,Resume Screen,2024-02-26,False,True,False
APP-03402,CAND-3402,JOB-030,LinkedIn Recruiter,InMail Outreach,2024-01-05,Resume Screen,2024-01-12,False,True,False
APP-03403,CAND-3403,JOB-019,Employee Referral,Internal Referral,2025-06-05,Resume Screen,2025-06-11,False,True,False
APP-03404,CAND-3404,JOB-001,LinkedIn Paid,Sponsored Job,2025-04-19,Resume Screen,2025-04-25,False,True,False
APP-03405,CAND-3405,JOB-031,LinkedIn Organic,Job Posting,2025-06-30,Resume Screen,2025-06-29,False,True,False
APP-03406,CAND-3406,JOB-033,LinkedIn,Job Posting,2025-06-09,Hiring Manager Screen,2025-06-19,False,False,True
APP-03407,CAND-3407,JOB-011,Glassdoor,Glassdoor Apply,2024-12-27,Offer,2025-02-21,False,False,True
APP-03408,CAND-3408,JOB-016,Indeed,Indeed Apply,2025-06-06,Resume Screen,2025-06-15,False,True,False
APP-03409,CAND-3409,JOB-010,Direct Application,Careers Page,2025-06-18,Hiring Manager Screen,2025-06-28,False,True,False
APP-03410,CAND-3410,JOB-002,LinkedIn,Job Posting,2025-06-04,Resume Screen,2025-06-09,False,True,False
APP-03411,CAND-3411,JOB-036,Direct Application,Careers Page,2025-04-22,Resume Screen,2025-05-01,False,True,False
APP-03412,CAND-3412,JOB-021,Referral,Internal Referral,2024-01-24,Recruiter Screen,2024-02-04,False,True,False
APP-03413,CAND-3413,JOB-009,Employee Referral,Internal Referral,2025-06-25,Recruiter Screen,2025-06-30,False,True,False
APP-03414,CAND-3414,JOB-029,Indeed.com,Indeed Apply,20/02/2025,Resume Screen,02/28/2025,False,True,False
APP-03415,CAND-3415,JOB-044,Recruitment Agency,Agency Submission,2025-06-07,Hiring Manager Screen,2025-06-26,False,True,False
APP-03416,CAND-3416,JOB-033,LinkedIn Recruiter,InMail Outreach,2025-06-13,Resume Screen,2025-06-18,False,True,False
APP-03417,CAND-3417,JOB-018,Employee Referral,Internal Referral,2025-06-02,Hiring Manager Screen,2025-06-14,False,True,False
APP-03418,CAND-3418,JOB-026,LinkedIn Recruiter,InMail Outreach,2024-03-08,Resume Screen,2024-03-15,False,True,False
APP-03419,CAND-3419,JOB-026,LinkedIn Sponsored,Sponsored Job,2024-02-17,Resume Screen,2024-02-26,False,True,False
APP-03420,CAND-3420,JOB-024,Direct Application,Careers Page,2025-02-17,Offer,2025-03-26,False,False,True
APP-03421,CAND-3421,JOB-024,Direct Application,Careers Page,2025-02-03,Final Panel Interview,2025-02-26,False,True,False
APP-03422,CAND-3422,JOB-036,LinkedIn Organic,Job Posting,05/13/2025,Resume Screen,20/05/2025,False,True,False
APP-03423,CAND-3423,JOB-041,LinkedIn Organic,Job Posting,2025-06-02,Hiring Manager Screen,2025-06-21,False,True,False
APP-03424,CAND-3424,JOB-037,Indeed,Indeed Apply,2025-06-11,Resume Screen,2025-06-19,False,True,False
APP-03425,CAND-3425,JOB-038,LinkedIn Organic,Job Posting,2025-02-18,Resume Screen,2025-02-23,False,True,False
APP-03426,CAND-3426,JOB-037,LinkedIn Recruiter,InMail Outreach,2025-06-06,Resume Screen,2025-06-14,False,True,False
APP-03427,CAND-3427,JOB-033,LI,Job Posting,2025-06-09,Recruiter Screen,2025-06-20,False,True,False
APP-03428,CAND-3428,JOB-017,Employee Referral,Internal Referral,2024-12-29,Recruiter Screen,2025-01-11,False,True,False
APP-03429,CAND-3429,JOB-017,Glassdoor,Glassdoor Apply,2024-12-30,Resume Screen,2025-01-06,False,True,False
APP-03430,CAND-3430,JOB-014,Employee Referral,Internal Referral,2024-07-14,Resume Screen,2024-07-21,False,True,False
APP-03431,CAND-3431,JOB-003,LinkedIn Recruiter,InMail Outreach,2025-06-30,Resume Screen,2025-07-01,False,True,False
APP-03432,CAND-3432,JOB-044,LinkedIn Organic,Job Posting,2025-06-17,Resume Screen,2025-06-21,False,True,False
APP-03433,CAND-3433,JOB-004,Employee Referral,Internal Referral,2024-04-07,Recruiter Screen,2024-04-18,False,True,False
APP-03434,CAND-3434,JOB-017,LinkedIn Organic,Job Posting,2024-12-10,Resume Screen,2024-12-17,False,True,False
APP-03435,CAND-3435,JOB-014,LinkedIn Organic,Job Posting,2024-08-18,Resume Screen,2024-08-25,False,True,False
APP-03436,CAND-3436,JOB-009,Glassdoor,Glassdoor Apply,2025-06-23,Resume Screen,2025-06-30,False,True,False
APP-03437,CAND-3437,JOB-012,Internal Referral,Internal Referral,2025-06-16,Hiring Manager Screen,2025-06-27,False,True,False
APP-03438,CAND-3438,JOB-001,Direct Application,Careers Page,2025-05-18,Resume Screen,2025-05-25,False,True,False
APP-03439,CAND-3439,JOB-041,LinkedIn Recruiter,InMail Outreach,2025-06-26,Hiring Manager Screen,2025-06-28,False,True,False
APP-03440,CAND-3440,JOB-008,University Partnership,Careers Fair,2025-06-17,Recruiter Screen,2025-06-29,False,True,False
APP-03441,CAND-3441,JOB-041,LinkedIn Recruiter,InMail Outreach,2025-06-01,Resume Screen,2025-06-07,False,True,False
APP-03442,CAND-3442,JOB-024,Indeed.com,Indeed Apply,2025-02-17,Resume Screen,2025-02-22,False,True,False
APP-03443,CAND-3443,JOB-011,Direct Application,Careers Page,2025-01-19,Recruiter Screen,2025-01-28,False,True,False
APP-03444,CAND-3444,JOB-020,Indeed,Indeed Apply,2024-02-25,Recruiter Screen,2024-03-10,False,True,False
APP-03445,CAND-3445,JOB-025,LinkedIn Organic,Job Posting,2025-06-30,Recruiter Screen,2025-06-28,False,True,False
APP-03446,CAND-3446,JOB-016,Other,Unknown,2025-06-27,Final Panel Interview,2025-06-28,False,True,False
APP-03447,CAND-3447,JOB-033,INDEED,Indeed Apply,2025-06-25,Resume Screen,2025-06-29,False,True,False
APP-03448,CAND-3448,JOB-027,Recruitment Agency,Agency Submission,2025-06-18,Resume Screen,2025-06-23,False,True,False
APP-03449,CAND-3449,JOB-044,Company Website,Careers Page,2025-06-17,Resume Screen,2025-06-23,False,True,False
APP-03450,CAND-3450,JOB-024,Direct Application,Careers Page,2025-01-22,Resume Screen,2025-01-27,False,True,False
APP-03451,CAND-3451,JOB-007,LinkedIn Organic,Job Posting,05/26/2025,Resume Screen,30/05/2025,False,True,False
APP-03452,CAND-3452,JOB-025,Recruitment Agency,Agency Submission,2025-06-22,Resume Screen,2025-06-29,False,True,False
APP-03453,CAND-3453,JOB-037,Employee Referral,Internal Referral,2025-05-02,Hiring Manager Screen,2025-05-18,False,True,False
APP-03454,CAND-3454,JOB-042,LinkedIn Paid,Sponsored Job,2024-07-09,Recruiter Screen,2024-07-18,False,True,False
APP-03455,CAND-3455,JOB-035,INDEED,Indeed Apply,2025-04-26,Hiring Manager Screen,2025-05-06,False,True,False
APP-03456,CAND-3456,JOB-014,Indeed.com,Indeed Apply,2024-08-20,Resume Screen,2024-08-30,False,True,False
APP-03457,CAND-3457,JOB-037,Recruitment Agency,Agency Submission,2025-06-01,Recruiter Screen,2025-06-12,False,True,False
APP-03458,CAND-3458,JOB-028,Glassdoor,Glassdoor Apply,2025-03-01,Recruiter Screen,2025-03-15,False,True,False
APP-03459,CAND-3459,JOB-038,Employee Referral,Internal Referral,2025-02-11,Recruiter Screen,2025-02-21,False,True,False
APP-03460,CAND-3460,JOB-025,LinkedIn Recruiter,InMail Outreach,2025-06-08,Recruiter Screen,2025-06-23,False,True,False
APP-03461,CAND-3461,JOB-033,Direct Application,Careers Page,2025-06-19,Recruiter Screen,2025-07-01,False,True,False
APP-03462,CAND-3462,JOB-026,Glassdoor,Glassdoor Apply,2024-03-09,Recruiter Screen,2024-03-21,False,True,False
APP-03463,CAND-3463,JOB-020,LinkedIn Organic,Job Posting,2024-02-21,Technical Assessment,2024-03-17,False,True,False
APP-03464,CAND-3464,JOB-040,LinkedIn Paid,Sponsored Job,2024-01-18,Hiring Manager Screen,2024-02-08,False,True,False
APP-03465,CAND-3465,JOB-024,LinkedIn Recruiter,InMail Outreach,2025-03-14,Recruiter Screen,2025-03-27,False,True,False
APP-03466,CAND-3466,JOB-037,Glassdoor,Glassdoor Apply,2025-05-08,Recruiter Screen,2025-05-21,False,True,False
APP-03467,CAND-3467,JOB-005,LinkedIn Paid,Sponsored Job,2025-06-22,Hiring Manager Screen,2025-07-01,False,True,False
APP-03468,CAND-3468,JOB-019,Recruitment Agency,Agency Submission,2025-06-15,Recruiter Screen,2025-06-28,False,True,False
APP-03469,CAND-3469,JOB-042,Employee Ref,Internal Referral,2024-06-30,Hiring Manager Screen,2024-07-12,False,True,False
APP-03470,CAND-3470,JOB-030,LinkedIn Organic,Job Posting,2024-02-22,Resume Screen,2024-03-03,False,True,False
APP-03471,CAND-3471,JOB-042,Employee Referral,Internal Referral,2024-07-02,Hiring Manager Screen,2024-07-18,False,True,False
APP-03472,CAND-3472,JOB-018,Employee Referral,Internal Referral,2025-06-25,Resume Screen,2025-06-30,False,True,False
APP-03473,CAND-3473,JOB-027,Indeed,Indeed Apply,2025-05-03,Hiring Manager Screen,2025-05-18,False,True,False
APP-03474,CAND-3474,JOB-035,Direct Application,Careers Page,2025-06-10,Resume Screen,2025-06-15,False,True,False
APP-03475,CAND-3475,JOB-016,LinkedIn Organic,Job Posting,2025-06-24,Technical Assessment,2025-06-30,False,False,True
APP-03476,CAND-3476,JOB-028,LinkedIn Organic,Job Posting,2025-02-15,Offer,2025-03-26,False,False,True
APP-03477,CAND-3477,JOB-012,LinkedIn Recruiter,InMail Outreach,2025-06-08,Resume Screen,2025-06-16,False,True,False
APP-03478,CAND-3478,JOB-024,LinkedIn Sponsored,Sponsored Job,2025-02-18,Technical Assessment,2025-03-15,False,False,True
APP-03479,CAND-3479,JOB-023,LinkedIn Recruiter,InMail Outreach,2024-10-30,Recruiter Screen,2024-11-11,False,True,False
APP-03480,CAND-3480,JOB-044,LinkedIn Paid,Sponsored Job,2025-06-08,Hiring Manager Screen,2025-06-22,False,True,False
APP-03481,CAND-3481,JOB-019,Other,Unknown,2025-06-04,Technical Assessment,2025-06-29,False,True,False
APP-03482,CAND-3482,JOB-006,LinkedIn Organic,Job Posting,2024-02-08,Hiring Manager Screen,2024-02-24,False,True,False
APP-03483,CAND-3483,JOB-035,LinkedIn Organic,Job Posting,2025-05-10,Hiring Manager Screen,2025-05-24,False,False,True
APP-03484,CAND-3484,JOB-016,LinkedIn Recruiter,InMail Outreach,13/06/2025,Resume Screen,06/23/2025,False,True,False
APP-03485,CAND-3485,JOB-003,Direct Application,Careers Page,2025-06-08,Resume Screen,2025-06-16,False,True,False
APP-03486,CAND-3486,JOB-023,LinkedIn Organic,Job Posting,2024-11-16,Hiring Manager Screen,2024-11-28,False,True,False
APP-03487,CAND-3487,JOB-031,LinkedIn Organic,Job Posting,2025-06-06,Hiring Manager Screen,2025-06-23,False,True,False
APP-03488,CAND-3488,JOB-045,LinkedIn Recruiter,InMail Outreach,2024-05-31,Resume Screen,2024-06-05,False,True,False
APP-03489,CAND-3489,JOB-035,Employee Ref,Internal Referral,2025-05-10,Recruiter Screen,2025-05-15,False,True,False
APP-03490,CAND-3490,JOB-029,Indeed,Indeed Apply,2025-01-14,Resume Screen,2025-01-21,False,True,False
APP-03491,CAND-3491,JOB-014,Direct Application,Careers Page,2024-07-28,Recruiter Screen,2024-08-12,False,True,False
APP-03492,CAND-3492,JOB-021,Employee Referral,Internal Referral,2024-02-23,Recruiter Screen,2024-03-05,False,True,False
APP-03493,CAND-3493,JOB-001,LI Recruiter,InMail Outreach,2025-05-09,Resume Screen,2025-05-14,False,True,False
APP-03494,CAND-3494,JOB-035,LinkedIn Recruiter,InMail Outreach,2025-04-27,Recruiter Screen,2025-05-07,False,True,False
APP-03495,CAND-3495,JOB-035,Direct Application,Careers Page,2025-04-18,Hiring Manager Screen,2025-05-06,False,True,False
APP-03496,CAND-3496,JOB-028,GitHub Sourcing,GitHub Profile,2025-04-08,Final Panel Interview,2025-05-02,False,True,False
APP-03497,CAND-3497,JOB-042,LinkedIn Organic,Job Posting,2024-07-16,Hiring Manager Screen,2024-07-30,False,True,False
APP-03498,CAND-3498,JOB-006,LinkedIn Organic,Job Posting,2024-01-19,Final Panel Interview,2024-02-20,False,True,False
APP-03499,CAND-3499,JOB-019,Recruitment Agency,Agency Submission,2025-06-14,Recruiter Screen,2025-06-25,False,True,False
APP-03500,CAND-3500,JOB-027,LinkedIn Recruiter,InMail Outreach,2025-04-30,Recruiter Screen,2025-05-09,False,True,False
APP-03501,CAND-3501,JOB-036,LinkedIn Organic,Job Posting,2025-05-21,Hiring Manager Screen,2025-06-09,False,False,True
APP-03502,CAND-3502,JOB-040,LinkedIn Organic,Job Posting,2024-02-11,Hiring Manager Screen,2024-02-23,False,True,False
APP-03503,CAND-3503,JOB-026,INDEED,Indeed Apply,2024-01-29,Hiring Manager Screen,2024-02-14,False,True,False
APP-03504,CAND-3504,JOB-042,University Partnership,Careers Fair,2024-08-06,Resume Screen,2024-08-14,False,True,False
APP-03505,CAND-3505,JOB-009,LinkedIn Ads,Sponsored Job,2025-05-06,Hiring Manager Screen,2025-05-21,False,True,False
APP-03506,CAND-3506,JOB-036,Employee Referral,Internal Referral,2025-04-12,Resume Screen,2025-04-17,False,True,False
APP-03507,CAND-3507,JOB-023,Glassdoor,Glassdoor Apply,2024-10-17,Recruiter Screen,2024-10-31,False,True,False
APP-03508,CAND-3508,JOB-019,LinkedIn Organic,Job Posting,2025-06-20,Recruiter Screen,2025-06-28,False,True,False
APP-03509,CAND-3509,JOB-029,Indeed,Indeed Apply,2025-01-31,Resume Screen,2025-02-04,False,True,False
APP-03510,CAND-3510,JOB-009,referral,Internal Referral,2025-05-21,Recruiter Screen,2025-05-30,False,False,True
APP-03511,CAND-3511,JOB-034,Indeed.com,Indeed Apply,2025-04-03,Recruiter Screen,2025-04-18,False,True,False
APP-03512,CAND-3512,JOB-037,LinkedIn Recruiter,InMail Outreach,2025-06-13,Hiring Manager Screen,2025-07-01,False,True,False
APP-03513,CAND-3513,JOB-026,LinkedIn Recruiter,InMail Outreach,2024-02-20,Recruiter Screen,2024-03-03,False,True,False
APP-03514,CAND-3514,JOB-023,LinkedIn Paid,Sponsored Job,2024-11-12,Resume Screen,2024-11-19,False,True,False
APP-03515,CAND-3515,JOB-031,Recruitment Agency,Agency Submission,2025-06-23,Hiring Manager Screen,2025-06-28,False,True,False
APP-03516,CAND-3516,JOB-011,Direct Application,Careers Page,2025-01-19,Resume Screen,2025-01-27,False,True,False
APP-03517,CAND-3517,JOB-007,linkedin,Job Posting,2025-06-17,Resume Screen,2025-06-23,False,True,False
APP-03518,CAND-3518,JOB-031,LI,Job Posting,2025-06-26,Resume Screen,2025-06-29,False,True,False
APP-03519,CAND-3519,JOB-037,LinkedIn Paid,Sponsored Job,2025-06-07,Recruiter Screen,2025-06-18,False,True,False
APP-03520,CAND-3520,JOB-038,Glassdoor,Glassdoor Apply,2025-02-13,Hiring Manager Screen,2025-03-02,False,True,False
APP-03521,CAND-3521,JOB-009,LinkedIn Organic,Job Posting,2025-05-25,Offer,2025-06-30,False,False,True
APP-03522,CAND-3522,JOB-003,Recruitment Agency,Agency Submission,2025-06-26,Recruiter Screen,2025-06-28,False,True,False
APP-03523,CAND-3523,JOB-006,LinkedIn Recruiter,InMail Outreach,2024-03-10,Resume Screen,2024-03-17,False,True,False
APP-03524,CAND-3524,JOB-025,Careers Site,Careers Page,2025-06-03,Resume Screen,2025-06-13,False,True,False
APP-03525,CAND-3525,JOB-025,LinkedIn Organic,Job Posting,2025-06-21,Resume Screen,2025-06-26,False,True,False
APP-03526,CAND-3526,JOB-039,Other,Unknown,03/06/2025,Resume Screen,06/08/2025,False,True,False
APP-03527,CAND-3527,JOB-006,LinkedIn Recruiter,InMail Outreach,2024-01-28,Recruiter Screen,2024-02-07,False,True,False
APP-03528,CAND-3528,JOB-016,Glassdoor,Glassdoor Apply,2025-06-15,Resume Screen,2025-06-24,False,True,False
APP-03529,CAND-3529,JOB-001,GitHub Sourcing,GitHub Profile,2025-04-12,Resume Screen,2025-04-17,False,True,False
APP-03530,CAND-3530,JOB-019,glassdoor,Glassdoor Apply,2025-06-24,Recruiter Screen,2025-06-30,False,True,False
APP-03531,CAND-3531,JOB-026,Glassdoor,Glassdoor Apply,03/07/2024,Final Panel Interview,03/04/2024,False,True,False
APP-03532,CAND-3532,JOB-026,LinkedIn Recruiter,InMail Outreach,2024-01-11,Recruiter Screen,2024-01-22,False,True,False
APP-03533,CAND-3533,JOB-016,LinkedIn Organic,Job Posting,2025-06-09,Technical Assessment,2025-06-29,False,False,True
APP-03534,CAND-3534,JOB-012,linkedin.com,Job Posting,2025-06-08,Resume Screen,2025-06-15,False,True,False
APP-03535,CAND-3535,JOB-033,Direct Application,Careers Page,2025-06-04,Recruiter Screen,2025-06-13,False,True,False
APP-03536,CAND-3536,JOB-012,LinkedIn Organic,Job Posting,06/15/2025,Reference Check,06/29/2025,False,True,False
APP-03537,CAND-3537,JOB-018,linkedin,Job Posting,2025-06-16,Hiring Manager Screen,2025-06-29,False,True,False
APP-03538,CAND-3538,JOB-040,LinkedIn Organic,Job Posting,2024-01-15,Resume Screen,2024-01-23,False,True,False
APP-03539,CAND-3539,JOB-015,LinkedIn Organic,Job Posting,2025-05-31,Recruiter Screen,2025-06-10,False,True,False
APP-03540,CAND-3540,JOB-027,LinkedIn Organic,Job Posting,2025-05-10,Reference Check,2025-06-06,False,True,False
APP-03541,CAND-3541,JOB-023,LinkedIn Sponsored,Sponsored Job,2024-11-16,Recruiter Screen,2024-11-26,False,True,False
APP-03542,CAND-3542,JOB-004,Employee Referral,Internal Referral,2024-05-10,Technical Interview,2024-05-31,False,True,False
APP-03543,CAND-3543,JOB-038,LinkedIn Organic,Job Posting,2025-01-19,Hiring Manager Screen,2025-02-07,False,True,False
APP-03544,CAND-3544,JOB-021,LinkedIn Organic,Job Posting,2024-02-18,Resume Screen,2024-02-24,False,True,False
APP-03545,CAND-3545,JOB-011,Linked In,Job Posting,2024-12-24,Resume Screen,2024-12-29,False,True,False
APP-03546,CAND-3546,JOB-027,LinkedIn Recruiter,InMail Outreach,2025-06-07,Recruiter Screen,2025-06-17,False,True,False
APP-03547,CAND-3547,JOB-010,LinkedIn Organic,Job Posting,2025-05-31,Resume Screen,2025-06-06,False,True,False
APP-03548,CAND-3548,JOB-038,LinkedIn Organic,Job Posting,2025-01-10,Resume Screen,2025-01-17,False,True,False
APP-03549,CAND-3549,JOB-007,Indeed,Indeed Apply,2025-06-25,Technical Assessment,2025-06-28,False,True,False
APP-03550,CAND-3550,JOB-009,Glassdoor,Glassdoor Apply,2025-06-14,Resume Screen,2025-06-21,False,True,False
APP-03551,CAND-3551,JOB-007,LinkedIn Recruiter,InMail Outreach,2025-07-01,Recruiter Screen,2025-06-28,False,True,False
APP-03552,CAND-3552,JOB-020,LinkedIn Recruiter,InMail Outreach,2024-02-06,Resume Screen,2024-02-13,False,True,False
APP-03553,CAND-3553,JOB-029,LinkedIn Organic,Job Posting,2025-01-08,Resume Screen,2025-01-15,False,True,False
APP-03554,CAND-3554,JOB-012,LinkedIn Organic,Job Posting,2025-06-16,Resume Screen,2025-06-23,False,True,False
APP-03555,CAND-3555,JOB-004,Recruitment Agency,Agency Submission,2024-05-13,Hiring Manager Screen,2024-05-25,False,True,False
APP-03556,CAND-3556,JOB-008,Glassdoor.com,Glassdoor Apply,2025-06-12,Recruiter Screen,2025-06-23,False,True,False
APP-03557,CAND-3557,JOB-013,LinkedIn Organic,Job Posting,2025-02-28,Resume Screen,2025-03-08,False,True,False
APP-03558,CAND-3558,JOB-023,LinkedIn Recruiter,InMail Outreach,2024-10-10,Resume Screen,2024-10-17,False,True,False
APP-03559,CAND-3559,JOB-032,Recruitment Agency,Agency Submission,2025-06-07,Resume Screen,2025-06-13,False,True,False
APP-03560,CAND-3560,JOB-035,LinkedIn Organic,Job Posting,2025-05-16,Resume Screen,2025-05-24,False,True,False
APP-03561,CAND-3561,JOB-021,LinkedIn Organic,Job Posting,2024-03-20,Recruiter Screen,2024-04-02,False,True,False
APP-03562,CAND-3562,JOB-029,linkedin.com,Job Posting,2025-01-31,Resume Screen,2025-02-10,False,True,False
APP-03563,CAND-3563,JOB-008,Employee Referral,Internal Referral,06/19/2025,Resume Screen,24/06/2025,False,True,False
APP-03564,CAND-3564,JOB-031,LinkedIn Organic,Job Posting,2025-06-11,Hiring Manager Screen,2025-06-27,False,True,False
APP-03565,CAND-3565,JOB-005,Direct Application,Careers Page,2025-06-17,Final Panel Interview,2025-06-29,False,True,False
APP-03566,CAND-3566,JOB-033,Indeed,Indeed Apply,2025-06-16,Recruiter Screen,2025-06-25,False,True,False
APP-03567,CAND-3567,JOB-011,LinkedIn Recruiter,InMail Outreach,2025-01-13,Resume Screen,2025-01-19,False,True,False
APP-03568,CAND-3568,JOB-023,LinkedIn Recruiter,InMail Outreach,2024-10-19,Resume Screen,2024-10-28,False,True,False
APP-03569,CAND-3569,JOB-038,LinkedIn,Job Posting,2025-02-17,Resume Screen,2025-02-27,False,True,False
APP-03570,CAND-3570,JOB-022,LinkedIn Recruiter,InMail Outreach,2025-06-12,Resume Screen,2025-06-19,False,True,False
APP-03571,CAND-3571,JOB-045,Direct Application,Careers Page,2024-04-28,Resume Screen,2024-05-03,False,True,False
APP-03572,CAND-3572,JOB-024,Recruitment Agency,Agency Submission,2025-01-26,Recruiter Screen,2025-02-09,False,True,False
APP-03573,CAND-3573,JOB-034,LinkedIn Recruiter,InMail Outreach,2025-04-13,Resume Screen,2025-04-21,False,True,False
APP-03574,CAND-3574,JOB-001,Recruitment Agency,Agency Submission,2025-05-02,Technical Assessment,2025-05-24,False,True,False
APP-03575,CAND-3575,JOB-008,LinkedIn Recruiter,InMail Outreach,2025-06-05,Resume Screen,2025-06-14,False,True,False
APP-03576,CAND-3576,JOB-011,LinkedIn Organic,Job Posting,2025-01-23,Resume Screen,2025-02-01,False,True,False
APP-03577,CAND-3577,JOB-003,LinkedIn Organic,Job Posting,2025-06-21,Final Panel Interview,2025-06-29,False,True,False
APP-03578,CAND-3578,JOB-021,LinkedIn Recruiter,InMail Outreach,03/03/2024,Resume Screen,10/03/2024,False,True,False
APP-03579,CAND-3579,JOB-013,linkedin,Job Posting,2025-04-05,Technical Assessment,2025-04-28,False,True,False
APP-03580,CAND-3580,JOB-022,Indeed,Indeed Apply,2025-06-28,Hiring Manager Screen,2025-07-01,False,True,False
APP-03581,CAND-3581,JOB-028,LinkedIn Organic,Job Posting,2025-02-17,Hiring Manager Screen,2025-03-08,False,True,False
APP-03582,CAND-3582,JOB-009,LinkedIn Organic,Job Posting,2025-06-24,Offer,2025-06-29,False,False,True
APP-03583,CAND-3583,JOB-045,University Partnership,Careers Fair,2024-06-02,Resume Screen,2024-06-11,False,True,False
APP-03584,CAND-3584,JOB-045,LinkedIn Organic,Job Posting,2024-04-15,Resume Screen,2024-04-22,False,True,False
APP-03585,CAND-3585,JOB-041,LinkedIn Organic,Job Posting,2025-06-23,Resume Screen,2025-06-30,False,True,False
APP-03586,CAND-3586,JOB-022,indeed,Indeed Apply,2025-06-27,Hiring Manager Screen,2025-07-01,False,True,False
APP-03587,CAND-3587,JOB-012,Indeed,Indeed Apply,2025-06-24,Technical Assessment,2025-06-29,False,True,False
APP-03588,CAND-3588,JOB-027,LinkedIn Organic,Job Posting,2025-05-28,Hiring Manager Screen,2025-06-18,False,True,False
APP-03589,CAND-3589,JOB-017,Indeed,Indeed Apply,2024-12-12,Hiring Manager Screen,2024-12-29,False,True,False
APP-03590,CAND-3590,JOB-013,LinkedIn Recruiter,InMail Outreach,2025-04-15,Resume Screen,2025-04-22,False,True,False
APP-03591,CAND-3591,JOB-043,Employee Referral,Internal Referral,2024-08-05,Hiring Manager Screen,2024-08-21,False,True,False
APP-03592,CAND-3592,JOB-018,Glassdoor,Glassdoor Apply,2025-06-23,Resume Screen,2025-06-30,False,True,False
APP-03593,CAND-3593,JOB-040,LinkedIn Recruiter,InMail Outreach,2024-01-12,Hiring Manager Screen,2024-01-28,False,False,True
APP-03594,CAND-3594,JOB-006,LinkedIn Recruiter,InMail Outreach,2024-02-01,Hiring Manager Screen,2024-02-18,False,True,False
APP-03595,CAND-3595,JOB-036,LinkedIn Paid,Sponsored Job,2025-05-01,Hiring Manager Screen,2025-05-20,False,True,False
APP-03596,CAND-3596,JOB-036,Indeed,Indeed Apply,2025-04-19,Offer,2025-05-17,False,False,True
APP-03597,CAND-3597,JOB-038,LinkedIn Paid,Sponsored Job,2025-02-08,Offer,2025-03-23,False,False,True
APP-03598,CAND-3598,JOB-045,LinkedIn Recruiter,InMail Outreach,2024-05-27,Hiring Manager Screen,2024-06-08,False,True,False
APP-03599,CAND-3599,JOB-038,LinkedIn Recruiter,InMail Outreach,2025-02-20,Resume Screen,2025-02-26,False,True,False
APP-03600,CAND-3600,JOB-014,Employee Referral,Internal Referral,2024-08-20,Resume Screen,2024-08-29,False,True,False
APP-03601,CAND-3601,JOB-012,LinkedIn,Job Posting,2025-06-19,Recruiter Screen,2025-06-27,False,True,False
APP-03602,CAND-3602,JOB-024,LinkedIn Organic,Job Posting,2025-01-31,Final Panel Interview,2025-03-01,False,True,False
APP-03603,CAND-3603,JOB-034,Direct Application,Careers Page,2025-04-26,Resume Screen,2025-05-02,False,True,False
APP-03604,CAND-3604,JOB-010,LinkedIn Organic,Job Posting,2025-06-07,Recruiter Screen,2025-06-19,False,True,False
APP-03605,CAND-3605,JOB-026,Indeed,Indeed Apply,2024-01-14,Hiring Manager Screen,2024-02-01,False,True,False
APP-03606,CAND-3606,JOB-038,Indeed,Indeed Apply,2025-02-20,Hiring Manager Screen,2025-03-06,False,True,False
APP-03607,CAND-3607,JOB-016,Indeed,Indeed Apply,2025-06-24,Resume Screen,2025-07-01,False,True,False
APP-03608,CAND-3608,JOB-023,LinkedIn Recruiter,InMail Outreach,13/11/2024,Technical Assessment,08/12/2024,False,False,True
APP-03609,CAND-3609,JOB-026,Indeed,Indeed Apply,2024-03-07,Hiring Manager Screen,2024-03-21,False,True,False
APP-03610,CAND-3610,JOB-045,LinkedIn Recruiter,InMail Outreach,2024-04-15,Resume Screen,2024-04-22,False,True,False
APP-03611,CAND-3611,JOB-009,LinkedIn Recruiter,InMail Outreach,2025-06-24,Technical Assessment,2025-07-01,False,True,False
APP-03612,CAND-3612,JOB-003,Indeed,Indeed Apply,2025-06-24,Hiring Manager Screen,2025-07-01,False,True,False
APP-03613,CAND-3613,JOB-040,LinkedIn Organic,Job Posting,17/02/2024,Hiring Manager Screen,03/04/2024,False,False,True
APP-03614,CAND-3614,JOB-040,LinkedIn Recruiter,InMail Outreach,2024-02-16,Hiring Manager Screen,2024-03-04,False,False,True
APP-03615,CAND-3615,JOB-013,LinkedIn Organic,Job Posting,2025-04-23,Recruiter Screen,2025-04-29,False,True,False
APP-03616,CAND-3616,JOB-033,indeed,Indeed Apply,2025-06-04,Resume Screen,2025-06-10,False,True,False
APP-03617,CAND-3617,JOB-035,Glassdoor,Glassdoor Apply,2025-05-09,Hiring Manager Screen,2025-05-28,False,True,False
APP-03618,CAND-3618,JOB-012,Indeed,Indeed Apply,2025-06-17,Recruiter Screen,2025-06-30,False,True,False
APP-03619,CAND-3619,JOB-015,University Partnership,Careers Fair,2025-05-31,Resume Screen,2025-06-08,False,True,False
APP-03620,CAND-3620,JOB-035,Employee Referral,Internal Referral,2025-05-27,Hiring Manager Screen,2025-06-08,False,True,False
APP-03621,CAND-3621,JOB-022,LinkedIn Recruiter,InMail Outreach,2025-06-15,Technical Assessment,2025-07-01,False,False,True
APP-03622,CAND-3622,JOB-011,LinkedIn Paid,Sponsored Job,2024-12-28,Resume Screen,2025-01-07,False,True,False
APP-03623,CAND-3623,JOB-007,LinkedIn Organic,Job Posting,2025-06-15,Resume Screen,2025-06-24,False,True,False
APP-03624,CAND-3624,JOB-027,LinkedIn Organic,Job Posting,2025-05-19,Resume Screen,2025-05-24,False,True,False
APP-03625,CAND-3625,JOB-038,Other,Unknown,2025-01-11,Resume Screen,2025-01-17,False,True,False
APP-03626,CAND-3626,JOB-043,LinkedIn Recruiter,InMail Outreach,2024-08-29,Resume Screen,2024-09-05,False,True,False
APP-03627,CAND-3627,JOB-021,LinkedIn Recruiter,InMail Outreach,2024-02-01,Resume Screen,2024-02-05,False,True,False
APP-03628,CAND-3628,JOB-034,LinkedIn Recruiter,InMail Outreach,2025-05-22,Resume Screen,2025-05-30,False,True,False
APP-03629,CAND-3629,JOB-002,Employee Referral,Internal Referral,2025-06-30,Resume Screen,2025-06-29,False,True,False
APP-03630,CAND-3630,JOB-038,Direct Application,Careers Page,2025-01-14,Recruiter Screen,2025-01-24,False,True,False
APP-03631,CAND-3631,JOB-034,LinkedIn Organic,Job Posting,2025-04-30,Resume Screen,2025-05-07,False,True,False
APP-03632,CAND-3632,JOB-007,LinkedIn Sponsored,Sponsored Job,2025-06-28,Hiring Manager Screen,2025-06-29,False,True,False
APP-03633,CAND-3633,JOB-018,LinkedIn Organic,Job Posting,06/17/2025,Hiring Manager Screen,30/06/2025,False,True,False
APP-03634,CAND-3634,JOB-013,Direct Application,Careers Page,2025-04-08,Resume Screen,2025-04-15,False,True,False
APP-03635,CAND-3635,JOB-042,LinkedIn Organic,Job Posting,2024-07-28,Hiring Manager Screen,2024-08-14,False,True,False
APP-03636,CAND-3636,JOB-001,Recruitment Agency,Agency Submission,2025-05-25,Resume Screen,2025-06-02,False,True,False
APP-03637,CAND-3637,JOB-005,LI,Job Posting,2025-06-28,Technical Interview,2025-06-29,False,True,False
APP-03638,CAND-3638,JOB-025,Linked In,Job Posting,2025-06-30,Hiring Manager Screen,2025-07-01,False,True,False
APP-03639,CAND-3639,JOB-036,LinkedIn Paid,Sponsored Job,2025-05-29,Resume Screen,2025-06-03,False,True,False
APP-03640,CAND-3640,JOB-019,LinkedIn Organic,Job Posting,06/24/2025,Offer,30/06/2025,False,False,True
APP-03641,CAND-3641,JOB-008,LinkedIn Organic,Job Posting,2025-06-22,Final Panel Interview,2025-06-28,False,True,False
APP-03642,CAND-3642,JOB-005,glassdoor,Glassdoor Apply,2025-06-10,Recruiter Screen,2025-06-22,False,True,False
APP-03643,CAND-3643,JOB-007,LinkedIn Organic,Job Posting,2025-06-22,Resume Screen,2025-06-27,False,True,False
APP-03644,CAND-3644,JOB-023,Indeed.com,Indeed Apply,2024-10-12,Recruiter Screen,2024-10-24,False,True,False
APP-03645,CAND-3645,JOB-036,linkedin.com,Job Posting,2025-04-22,Recruiter Screen,2025-04-30,False,True,False
APP-03646,CAND-3646,JOB-042,linkedin,Job Posting,2024-06-21,Recruiter Screen,2024-07-02,False,True,False
APP-03647,CAND-3647,JOB-021,Glassdoor,Glassdoor Apply,2024-02-16,Resume Screen,2024-02-24,False,True,False
APP-03648,CAND-3648,JOB-021,LinkedIn Recruiter,InMail Outreach,2024-01-25,Resume Screen,2024-02-02,False,True,False
APP-03649,CAND-3649,JOB-016,LinkedIn Organic,Job Posting,2025-06-12,Recruiter Screen,2025-06-21,False,True,False
APP-03650,CAND-3650,JOB-044,Recruitment Agency,Agency Submission,2025-06-09,Hiring Manager Screen,2025-06-23,False,True,False
APP-03651,CAND-3651,JOB-004,Other,Unknown,2024-04-18,Resume Screen,2024-04-27,False,True,False
APP-03652,CAND-3652,JOB-024,LinkedIn Paid,Sponsored Job,2025-03-03,Hiring Manager Screen,2025-03-18,False,True,False
APP-03653,CAND-3653,JOB-005,LinkedIn Recruiter,InMail Outreach,2025-06-15,Hiring Manager Screen,2025-07-01,False,True,False
APP-03654,CAND-3654,JOB-011,LinkedIn Organic,Job Posting,2024-12-16,Technical Assessment,2025-01-07,False,False,True
APP-03655,CAND-3655,JOB-034,LinkedIn Recruiter,InMail Outreach,2025-04-15,Recruiter Screen,2025-04-28,False,True,False
APP-03656,CAND-3656,JOB-039,Other,Unknown,2025-06-06,Resume Screen,2025-06-14,False,True,False
APP-03657,CAND-3657,JOB-043,LinkedIn Recruiter,InMail Outreach,2024-08-20,Resume Screen,2024-08-26,False,True,False
APP-03658,CAND-3658,JOB-030,Glassdoor,Glassdoor Apply,2024-01-05,Hiring Manager Screen,2024-01-18,False,True,False
APP-03659,CAND-3659,JOB-007,Internal Referral,Internal Referral,2025-06-06,Resume Screen,2025-06-10,False,True,False
APP-03660,CAND-3660,JOB-020,Employee Referral,Internal Referral,2024-02-14,Resume Screen,2024-02-18,False,True,False
APP-03661,CAND-3661,JOB-002,University Partnership,Careers Fair,2025-06-17,Resume Screen,2025-06-24,False,True,False
APP-03662,CAND-3662,JOB-001,LinkedIn Organic,Job Posting,2025-04-26,Resume Screen,2025-04-30,False,True,False
APP-03663,CAND-3663,JOB-029,Glassdoor,Glassdoor Apply,2025-01-01,Hiring Manager Screen,2025-01-16,False,True,False
APP-03664,CAND-3664,JOB-038,Indeed,Indeed Apply,2025-02-16,Hiring Manager Screen,2025-03-08,False,True,False
APP-03665,CAND-3665,JOB-044,LinkedIn Paid,Sponsored Job,2025-06-05,Hiring Manager Screen,2025-06-22,False,True,False
APP-03666,CAND-3666,JOB-023,LinkedIn Paid,Sponsored Job,2024-10-21,Resume Screen,2024-10-29,False,True,False
APP-03667,CAND-3667,JOB-027,GitHub Sourcing,GitHub Profile,06/15/2025,Hiring Manager Screen,06/27/2025,False,False,True
APP-03668,CAND-3668,JOB-015,LinkedIn Organic,Job Posting,2025-06-12,Hiring Manager Screen,2025-06-29,False,True,False
APP-03669,CAND-3669,JOB-030,LinkedIn Recruiter,InMail Outreach,2024-02-19,Recruiter Screen,2024-03-01,False,True,False
APP-03670,CAND-3670,JOB-045,LinkedIn Organic,Job Posting,2024-04-23,Reference Check,2024-05-20,False,True,False
APP-03671,CAND-3671,JOB-038,Direct,Careers Page,04/01/2025,Resume Screen,01/11/2025,False,True,False
APP-03672,CAND-3672,JOB-017,LinkedIn Recruiter,InMail Outreach,2025-01-09,Final Panel Interview,2025-02-07,False,True,False
APP-03673,CAND-3673,JOB-032,Recruitment Agency,Agency Submission,2025-06-12,Resume Screen,2025-06-18,False,True,False
APP-03674,CAND-3674,JOB-029,Glassdoor,Glassdoor Apply,2025-02-01,Resume Screen,2025-02-07,False,True,False
APP-03675,CAND-3675,JOB-044,Recruitment Agency,Agency Submission,2025-06-27,Recruiter Screen,2025-07-01,False,True,False
APP-03676,CAND-3676,JOB-045,Direct Application,Careers Page,2024-05-12,Resume Screen,2024-05-17,False,True,False
APP-03677,CAND-3677,JOB-045,Recruitment Agency,Agency Submission,2024-05-24,Hiring Manager Screen,2024-06-10,False,True,False
APP-03678,CAND-3678,JOB-027,LinkedIn Recruiter,InMail Outreach,2025-05-29,Resume Screen,2025-06-04,False,True,False
APP-03679,CAND-3679,JOB-007,Employee Referral,Internal Referral,2025-06-21,Hiring Manager Screen,2025-07-01,False,True,False
APP-03680,CAND-3680,JOB-039,External Recruiter,Agency Submission,2025-06-23,Hiring Manager Screen,2025-06-28,False,True,False
APP-03681,CAND-3681,JOB-045,linkedin.com,Job Posting,2024-06-04,Hiring Manager Screen,2024-06-22,False,True,False
APP-03682,CAND-3682,JOB-025,LinkedIn Organic,Job Posting,2025-06-28,Resume Screen,2025-07-01,False,True,False
APP-03683,CAND-3683,JOB-036,LinkedIn Organic,Job Posting,2025-04-20,Recruiter Screen,2025-04-29,False,True,False
APP-03684,CAND-3684,JOB-022,LinkedIn Ads,Sponsored Job,2025-06-19,Recruiter Screen,2025-07-01,False,True,False
APP-03685,CAND-3685,JOB-037,Indeed,Indeed Apply,2025-05-08,Recruiter Screen,2025-05-21,False,True,False
APP-03686,CAND-3686,JOB-006,Careers Site,Careers Page,2024-02-12,Recruiter Screen,2024-02-20,False,True,False
APP-03687,CAND-3687,JOB-042,LinkedIn Organic,Job Posting,2024-07-03,Resume Screen,2024-07-11,False,True,False
APP-03688,CAND-3688,JOB-042,Direct Application,Careers Page,2024-08-05,Resume Screen,2024-08-11,False,True,False
APP-03689,CAND-3689,JOB-041,Linked In,Job Posting,2025-06-01,Hiring Manager Screen,2025-06-13,False,True,False
APP-03690,CAND-3690,JOB-044,Indeed,Indeed Apply,2025-06-01,Recruiter Screen,2025-06-13,False,True,False
APP-03691,CAND-3691,JOB-006,LinkedIn Organic,Job Posting,2024-01-17,Technical Assessment,2024-02-11,False,False,True
APP-03692,CAND-3692,JOB-036,LinkedIn Organic,Job Posting,2025-05-17,Recruiter Screen,2025-05-31,False,True,False
APP-03693,CAND-3693,JOB-026,LinkedIn Recruiter,InMail Outreach,2024-01-20,Recruiter Screen,2024-01-31,False,True,False
APP-03694,CAND-3694,JOB-036,LinkedIn Organic,Job Posting,2025-05-18,Recruiter Screen,2025-05-31,False,True,False
APP-03695,CAND-3695,JOB-019,Glassdoor,Glassdoor Apply,2025-06-01,Hiring Manager Screen,2025-06-17,False,True,False
APP-03696,CAND-3696,JOB-031,LinkedIn Paid,Sponsored Job,2025-06-11,Hiring Manager Screen,2025-06-25,False,False,True
APP-03697,CAND-3697,JOB-036,LinkedIn Organic,Job Posting,14/05/2025,Recruiter Screen,05/24/2025,False,True,False
APP-03698,CAND-3698,JOB-038,LinkedIn,Job Posting,2025-01-17,Resume Screen,2025-01-23,False,True,False
APP-03699,CAND-3699,JOB-005,Direct Application,Careers Page,2025-06-04,Hiring Manager Screen,2025-06-24,False,True,False
APP-03700,CAND-3700,JOB-013,University Partnership,Careers Fair,25/03/2025,Resume Screen,30/03/2025,False,True,False
APP-03701,CAND-3701,JOB-025,LinkedIn Paid,Sponsored Job,2025-06-30,Recruiter Screen,2025-06-30,False,True,False
APP-03702,CAND-3702,JOB-027,Direct Application,Careers Page,2025-06-06,Hiring Manager Screen,2025-06-24,False,True,False
APP-03703,CAND-3703,JOB-009,LinkedIn Organic,Job Posting,2025-05-17,Hiring Manager Screen,2025-05-30,False,True,False
APP-03704,CAND-3704,JOB-020,Recruitment Agency,Agency Submission,2024-01-21,Technical Assessment,2024-02-11,False,False,True
APP-03705,CAND-3705,JOB-019,Indeed.com,Indeed Apply,2025-06-03,Recruiter Screen,2025-06-13,False,True,False
APP-03706,CAND-3706,JOB-004,Indeed,Indeed Apply,2024-04-30,Resume Screen,2024-05-07,False,True,False
APP-03707,CAND-3707,JOB-011,Employee Referral,Internal Referral,2024-12-07,Technical Assessment,2024-12-23,False,True,False
APP-03708,CAND-3708,JOB-004,Glassdoor,Glassdoor Apply,2024-04-21,Final Panel Interview,2024-06-02,False,True,False
APP-03709,CAND-3709,JOB-029,Employee Referral,Internal Referral,2024-12-31,Final Panel Interview,2025-01-16,False,True,False
APP-03710,CAND-3710,JOB-013,Employee Referral,Internal Referral,2025-03-08,Resume Screen,2025-03-18,False,True,False
APP-03711,CAND-3711,JOB-039,Internal Referral,Internal Referral,2025-06-04,Reference Check,2025-06-22,False,True,False
APP-03712,CAND-3712,JOB-038,LinkedIn Organic,Job Posting,2025-02-09,Recruiter Screen,2025-02-19,False,False,True
APP-03713,CAND-3713,JOB-015,LinkedIn Recruiter,InMail Outreach,2025-06-03,Recruiter Screen,2025-06-09,False,True,False
APP-03714,CAND-3714,JOB-045,LinkedIn Paid,Sponsored Job,2024-04-10,Recruiter Screen,2024-04-26,False,True,False
APP-03715,CAND-3715,JOB-011,LinkedIn Recruiter,InMail Outreach,2025-01-10,Recruiter Screen,2025-01-23,False,True,False
APP-03716,CAND-3716,JOB-022,LinkedIn,Job Posting,2025-06-18,Resume Screen,2025-06-27,False,True,False
APP-03717,CAND-3717,JOB-027,Direct Application,Careers Page,2025-05-21,Resume Screen,2025-05-29,False,True,False
APP-03718,CAND-3718,JOB-018,Indeed,Indeed Apply,2025-06-27,Resume Screen,2025-06-28,False,True,False
APP-03719,CAND-3719,JOB-040,Other,Unknown,2024-01-13,Resume Screen,2024-01-21,False,True,False
APP-03720,CAND-3720,JOB-040,Employee Referral,Internal Referral,2024-01-08,Hiring Manager Screen,2024-01-18,False,False,True
APP-03721,CAND-3721,JOB-043,glassdoor,Glassdoor Apply,2024-08-30,Resume Screen,2024-09-07,False,True,False
APP-03722,CAND-3722,JOB-038,Direct Application,Careers Page,2025-01-08,Recruiter Screen,2025-01-16,False,True,False
APP-03723,CAND-3723,JOB-021,Careers Site,Careers Page,2024-02-15,Recruiter Screen,2024-02-27,False,True,False
APP-03724,CAND-3724,JOB-002,Indeed,Indeed Apply,2025-06-11,Technical Assessment,2025-06-30,False,True,False
APP-03725,CAND-3725,JOB-029,LinkedIn Organic,Job Posting,01/04/2025,Hiring Manager Screen,01/24/2025,False,True,False
APP-03726,CAND-3726,JOB-040,University Partnership,Careers Fair,2024-02-04,Resume Screen,2024-02-08,False,True,False
APP-03727,CAND-3727,JOB-019,linkedin.com,Job Posting,2025-06-26,Resume Screen,2025-06-30,False,True,False
APP-03728,CAND-3728,JOB-016,Employee Ref,Internal Referral,2025-06-23,Recruiter Screen,2025-06-30,False,True,False
APP-03729,CAND-3729,JOB-045,LinkedIn Recruiter,InMail Outreach,2024-05-29,Final Panel Interview,2024-06-22,False,True,False
APP-03730,CAND-3730,JOB-006,LinkedIn Organic,Job Posting,2024-02-21,Recruiter Screen,2024-03-05,False,True,False
APP-03731,CAND-3731,JOB-019,linkedin.com,Job Posting,2025-06-25,Technical Assessment,2025-06-30,False,True,False
APP-03732,CAND-3732,JOB-006,Glassdoor,Glassdoor Apply,2024-02-04,Technical Assessment,2024-02-24,False,False,True
APP-03733,CAND-3733,JOB-013,Recruitment Agency,Agency Submission,2025-03-11,Recruiter Screen,2025-03-21,False,True,False
APP-03734,CAND-3734,JOB-036,LinkedIn Recruiter,InMail Outreach,2025-05-29,Hiring Manager Screen,2025-06-12,False,False,True
APP-03735,CAND-3735,JOB-040,Careers Site,Careers Page,2024-01-20,Recruiter Screen,2024-01-31,False,True,False
APP-03736,CAND-3736,JOB-009,LinkedIn InMail,InMail Outreach,2025-06-02,Resume Screen,2025-06-07,False,True,False
APP-03737,CAND-3737,JOB-033,Direct Application,Careers Page,2025-06-02,Recruiter Screen,2025-06-14,False,True,False
APP-03738,CAND-3738,JOB-027,agency,Agency Submission,2025-06-14,Hiring Manager Screen,2025-06-29,False,True,False
APP-03739,CAND-3739,JOB-010,Indeed,Indeed Apply,2025-05-31,Technical Assessment,2025-06-26,False,False,True
APP-03740,CAND-3740,JOB-015,LinkedIn Sponsored,Sponsored Job,2025-05-24,Resume Screen,2025-06-03,False,True,False
APP-03741,CAND-3741,JOB-005,Indeed,Indeed Apply,2025-06-20,Resume Screen,2025-06-27,False,True,False
APP-03742,CAND-3742,JOB-018,GitHub Sourcing,GitHub Profile,2025-06-29,Resume Screen,2025-07-01,False,True,False
APP-03743,CAND-3743,JOB-001,LinkedIn Organic,Job Posting,2025-05-04,Hiring Manager Screen,2025-05-18,False,True,False
APP-03744,CAND-3744,JOB-021,Direct Application,Careers Page,2024-02-13,Technical Assessment,2024-03-13,False,True,False
APP-03745,CAND-3745,JOB-010,Recruitment Agency,Agency Submission,26/05/2025,Resume Screen,04/06/2025,False,True,False
APP-03746,CAND-3746,JOB-033,LinkedIn Recruiter,InMail Outreach,2025-06-26,Resume Screen,2025-07-01,False,True,False
APP-03747,CAND-3747,JOB-044,LinkedIn Paid,Sponsored Job,2025-06-18,Resume Screen,2025-06-27,False,True,False
APP-03748,CAND-3748,JOB-017,LinkedIn Organic,Job Posting,2025-01-09,Technical Assessment,2025-02-01,False,False,True
APP-03749,CAND-3749,JOB-034,LinkedIn Recruiter,InMail Outreach,2025-04-12,Resume Screen,2025-04-16,False,True,False
APP-03750,CAND-3750,JOB-011,GitHub Sourcing,GitHub Profile,2025-01-08,Technical Interview,2025-02-05,False,True,False
APP-03751,CAND-3751,JOB-016,Indeed.com,Indeed Apply,2025-06-12,Hiring Manager Screen,2025-07-01,False,True,False
APP-03752,CAND-3752,JOB-026,Employee Referral,Internal Referral,2024-02-04,Resume Screen,2024-02-12,False,True,False
APP-03753,CAND-3753,JOB-012,LinkedIn,Job Posting,2025-06-14,Recruiter Screen,2025-06-26,False,True,False
APP-03754,CAND-3754,JOB-036,Headhunter,Agency Submission,2025-04-11,Hiring Manager Screen,2025-05-01,False,True,False
APP-03755,CAND-3755,JOB-021,Careers Site,Careers Page,2024-02-16,Recruiter Screen,2024-02-28,False,True,False
APP-03756,CAND-3756,JOB-014,Glassdoor.com,Glassdoor Apply,07/23/2024,Technical Assessment,13/08/2024,False,True,False
APP-03757,CAND-3757,JOB-012,Employee Ref,Internal Referral,2025-06-22,Resume Screen,2025-06-29,False,True,False
APP-03758,CAND-3758,JOB-016,Direct Application,Careers Page,2025-06-04,Recruiter Screen,2025-06-18,False,True,False
APP-03759,CAND-3759,JOB-001,LinkedIn Recruiter,InMail Outreach,2025-05-07,Technical Interview,2025-06-12,False,True,False
APP-03760,CAND-3760,JOB-020,Employee Referral,Internal Referral,2024-02-22,Resume Screen,2024-03-02,False,True,False
APP-03761,CAND-3761,JOB-042,LinkedIn Recruiter,InMail Outreach,2024-07-31,Hiring Manager Screen,2024-08-13,False,True,False
APP-03762,CAND-3762,JOB-025,LinkedIn Recruiter,InMail Outreach,2025-06-29,Hiring Manager Screen,2025-06-28,False,True,False
APP-03763,CAND-3763,JOB-041,linkedin,Job Posting,15/06/2025,Resume Screen,20/06/2025,False,True,False
APP-03764,CAND-3764,JOB-043,LinkedIn InMail,InMail Outreach,2024-08-17,Recruiter Screen,2024-08-24,False,True,False
APP-03765,CAND-3765,JOB-016,LinkedIn Organic,Job Posting,2025-06-23,Hiring Manager Screen,2025-06-29,False,True,False
APP-03766,CAND-3766,JOB-037,LinkedIn Organic,Job Posting,2025-04-21,Offer,2025-05-24,False,False,True
APP-03767,CAND-3767,JOB-002,LinkedIn Organic,Job Posting,2025-06-06,Recruiter Screen,2025-06-16,False,True,False
APP-03768,CAND-3768,JOB-045,Internal Referral,Internal Referral,2024-04-10,Hiring Manager Screen,2024-04-20,False,True,False
APP-03769,CAND-3769,JOB-009,Indeed,Indeed Apply,2025-06-02,Technical Assessment,2025-06-22,False,False,True
APP-03770,CAND-3770,JOB-043,Direct Application,Careers Page,2024-09-10,Hiring Manager Screen,2024-09-27,False,True,False
APP-03771,CAND-3771,JOB-004,Employee Referral,Internal Referral,2024-04-18,Resume Screen,2024-04-23,False,True,False
APP-03772,CAND-3772,JOB-020,Internal Referral,Internal Referral,2024-03-12,Resume Screen,2024-03-21,False,True,False
APP-03773,CAND-3773,JOB-007,LinkedIn Organic,Job Posting,2025-05-25,Resume Screen,2025-06-01,False,True,False
APP-03774,CAND-3774,JOB-003,Glassdoor,Glassdoor Apply,2025-06-03,Technical Assessment,2025-06-29,False,True,False
APP-03775,CAND-3775,JOB-031,LinkedIn Organic,Job Posting,2025-06-29,Hiring Manager Screen,2025-06-28,False,True,False
APP-03776,CAND-3776,JOB-007,Glassdoor,Glassdoor Apply,2025-06-11,Resume Screen,2025-06-17,False,True,False
APP-03777,CAND-3777,JOB-029,Indeed,Indeed Apply,2025-02-19,Resume Screen,2025-02-26,False,True,False
APP-03778,CAND-3778,JOB-039,Employee Referral,Internal Referral,2025-06-03,Hiring Manager Screen,2025-06-14,False,False,True
APP-03779,CAND-3779,JOB-023,Indeed,Indeed Apply,2024-10-31,Recruiter Screen,2024-11-14,False,True,False
APP-03780,CAND-3780,JOB-028,LinkedIn Organic,Job Posting,2025-03-09,Resume Screen,2025-03-14,False,True,False
APP-03781,CAND-3781,JOB-045,LinkedIn Organic,Job Posting,2024-05-16,Resume Screen,2024-05-23,False,True,False
APP-03782,CAND-3782,JOB-020,GitHub Sourcing,GitHub Profile,2024-01-30,Hiring Manager Screen,2024-02-19,False,True,False
APP-03783,CAND-3783,JOB-009,LinkedIn Recruiter,InMail Outreach,2025-05-19,Resume Screen,2025-05-28,False,True,False
APP-03784,CAND-3784,JOB-002,LinkedIn Organic,Job Posting,2025-06-29,Recruiter Screen,2025-06-29,False,True,False
APP-03785,CAND-3785,JOB-039,LinkedIn Organic,Job Posting,2025-06-03,Hiring Manager Screen,2025-06-17,False,True,False
APP-03786,CAND-3786,JOB-024,LinkedIn Recruiter,InMail Outreach,21/01/2025,Resume Screen,28/01/2025,False,True,False
APP-03787,CAND-3787,JOB-024,LinkedIn Recruiter,InMail Outreach,2025-01-30,Final Panel Interview,2025-02-21,False,True,False
APP-03788,CAND-3788,JOB-020,LinkedIn Recruiter,InMail Outreach,2024-03-04,Resume Screen,2024-03-12,False,True,False
APP-03789,CAND-3789,JOB-026,Indeed,Indeed Apply,2024-01-18,Recruiter Screen,2024-01-30,False,True,False
APP-03790,CAND-3790,JOB-033,LinkedIn Paid,Sponsored Job,2025-06-12,Resume Screen,2025-06-17,False,True,False
APP-03791,CAND-3791,JOB-032,linkedin.com,Job Posting,2025-06-02,Resume Screen,2025-06-08,False,True,False
APP-03792,CAND-3792,JOB-035,LinkedIn Organic,Job Posting,2025-05-19,Resume Screen,2025-05-28,False,True,False
APP-03793,CAND-3793,JOB-034,Indeed,Indeed Apply,2025-04-09,Resume Screen,2025-04-13,False,True,False
APP-03794,CAND-3794,JOB-031,LinkedIn Recruiter,InMail Outreach,2025-06-06,Resume Screen,2025-06-15,False,True,False
APP-03795,CAND-3795,JOB-005,LinkedIn Organic,Job Posting,2025-06-22,Technical Assessment,2025-06-28,False,True,False
APP-03796,CAND-3796,JOB-009,LinkedIn Paid,Sponsored Job,2025-05-27,Hiring Manager Screen,2025-06-15,False,True,False
APP-03797,CAND-3797,JOB-006,GitHub Sourcing,GitHub Profile,2024-01-19,Resume Screen,2024-01-23,False,True,False
APP-03798,CAND-3798,JOB-013,LinkedIn Organic,Job Posting,2025-03-07,Resume Screen,2025-03-13,False,True,False
APP-03799,CAND-3799,JOB-017,LinkedIn Organic,Job Posting,2024-12-06,Recruiter Screen,2024-12-19,False,True,False
APP-03800,CAND-3800,JOB-014,LinkedIn Recruiter,InMail Outreach,2024-08-11,Recruiter Screen,2024-08-21,False,True,False
APP-03801,CAND-3801,JOB-003,LinkedIn Organic,Job Posting,2025-06-23,Resume Screen,2025-07-01,False,True,False
APP-03802,CAND-3802,JOB-017,LinkedIn Organic,Job Posting,2024-12-16,Recruiter Screen,2025-01-01,False,False,True
APP-03803,CAND-3803,JOB-015,Glassdoor,Glassdoor Apply,2025-05-30,Hiring Manager Screen,2025-06-16,False,True,False
APP-03804,CAND-3804,JOB-039,LI,Job Posting,2025-06-21,Hiring Manager Screen,2025-06-30,False,True,False
APP-03805,CAND-3805,JOB-006,LinkedIn Recruiter,InMail Outreach,2024-03-07,Recruiter Screen,2024-03-18,False,True,False
APP-03806,CAND-3806,JOB-038,Indeed,Indeed Apply,2025-01-28,Final Panel Interview,2025-02-22,False,True,False
APP-03807,CAND-3807,JOB-002,Indeed,Indeed Apply,2025-06-28,Technical Assessment,2025-07-01,False,True,False
APP-03808,CAND-3808,JOB-030,LinkedIn Organic,Job Posting,2024-02-28,Hiring Manager Screen,2024-03-20,False,True,False
APP-03809,CAND-3809,JOB-004,LinkedIn Organic,Job Posting,2024-04-06,Technical Assessment,2024-04-22,False,False,True
APP-03810,CAND-3810,JOB-013,Recruitment Agency,Agency Submission,2025-03-10,Resume Screen,2025-03-16,False,True,False
APP-03811,CAND-3811,JOB-033,Direct Application,Careers Page,2025-06-12,Resume Screen,2025-06-20,False,True,False
APP-03812,CAND-3812,JOB-043,Other,Unknown,2024-09-06,Resume Screen,2024-09-14,False,True,False
APP-03813,CAND-3813,JOB-007,linkedin,Job Posting,2025-05-22,Technical Assessment,2025-06-18,False,True,False
APP-03814,CAND-3814,JOB-009,Indeed,Indeed Apply,2025-06-11,Resume Screen,2025-06-17,False,True,False
APP-03815,CAND-3815,JOB-042,Employee Referral,Internal Referral,2024-08-08,Resume Screen,2024-08-16,False,True,False
APP-03816,CAND-3816,JOB-037,Direct Application,Careers Page,2025-06-09,Hiring Manager Screen,2025-06-29,False,True,False
APP-03817,CAND-3817,JOB-012,Recruitment Agency,Agency Submission,2025-06-28,Resume Screen,2025-06-28,False,True,False
APP-03818,CAND-3818,JOB-034,LinkedIn Recruiter,InMail Outreach,2025-04-02,Recruiter Screen,2025-04-12,False,False,True
APP-03819,CAND-3819,JOB-044,Employee Referral,Internal Referral,2025-06-13,Hiring Manager Screen,2025-06-25,False,False,True
APP-03820,CAND-3820,JOB-011,LinkedIn Recruiter,InMail Outreach,2025-01-10,Technical Interview,2025-02-16,False,True,False
APP-03821,CAND-3821,JOB-033,University Partnership,Careers Fair,2025-06-12,Hiring Manager Screen,2025-06-28,False,True,False
APP-03822,CAND-3822,JOB-016,LinkedIn Recruiter,InMail Outreach,2025-06-01,Hiring Manager Screen,2025-06-19,False,True,False
APP-03823,CAND-3823,JOB-029,Employee Referral,Internal Referral,2025-01-10,Resume Screen,2025-01-16,False,True,False
APP-03824,CAND-3824,JOB-043,LinkedIn Organic,Job Posting,2024-08-07,Hiring Manager Screen,2024-08-17,False,True,False
APP-03825,CAND-3825,JOB-040,LinkedIn Paid,Sponsored Job,2024-02-22,Hiring Manager Screen,2024-03-08,False,True,False
APP-03826,CAND-3826,JOB-007,Direct Application,Careers Page,2025-06-02,Offer,2025-07-01,False,False,True
APP-03827,CAND-3827,JOB-013,LinkedIn Organic,Job Posting,2025-03-18,Recruiter Screen,2025-03-26,False,True,False
APP-03828,CAND-3828,JOB-018,LinkedIn Recruiter,InMail Outreach,2025-06-04,Recruiter Screen,2025-06-19,False,True,False
APP-03829,CAND-3829,JOB-010,Glassdoor,Glassdoor Apply,2025-05-27,Recruiter Screen,2025-06-07,False,True,False
APP-03830,CAND-3830,JOB-042,LinkedIn InMail,InMail Outreach,2024-06-27,Hiring Manager Screen,2024-07-20,False,True,False
APP-03831,CAND-3831,JOB-034,Careers Site,Careers Page,2025-05-30,Hiring Manager Screen,2025-06-12,False,True,False
APP-03832,CAND-3832,JOB-006,Indeed,Indeed Apply,2024-02-21,Recruiter Screen,2024-03-05,False,True,False
APP-03833,CAND-3833,JOB-045,LinkedIn Organic,Job Posting,2024-05-16,Resume Screen,2024-05-22,False,True,False
APP-03834,CAND-3834,JOB-029,LinkedIn Recruiter,InMail Outreach,2025-01-04,Recruiter Screen,2025-01-16,False,True,False
APP-03835,CAND-3835,JOB-019,LinkedIn Organic,Job Posting,2025-06-06,Resume Screen,2025-06-16,False,True,False
APP-03836,CAND-3836,JOB-019,Recruitment Agency,Agency Submission,2025-06-17,Final Panel Interview,2025-06-28,False,True,False
APP-03837,CAND-3837,JOB-044,LinkedIn Organic,Job Posting,2025-06-12,Resume Screen,2025-06-17,False,True,False
APP-03838,CAND-3838,JOB-007,University Partnership,Careers Fair,2025-06-07,Recruiter Screen,2025-06-17,False,True,False
APP-03839,CAND-3839,JOB-028,LinkedIn Organic,Job Posting,2025-02-14,Resume Screen,2025-02-21,False,True,False
APP-03840,CAND-3840,JOB-042,Direct Application,Careers Page,2024-06-22,Resume Screen,2024-07-01,False,True,False
APP-03841,CAND-3841,JOB-021,Direct Application,Careers Page,2024-03-02,Technical Assessment,2024-03-24,False,True,False
APP-03842,CAND-3842,JOB-035,Indeed,Indeed Apply,2025-05-03,Recruiter Screen,2025-05-14,False,True,False
APP-03843,CAND-3843,JOB-010,Direct Application,Careers Page,2025-06-02,Recruiter Screen,2025-06-10,False,True,False
APP-03844,CAND-3844,JOB-035,Other,Unknown,2025-04-18,Final Panel Interview,2025-05-08,False,True,False
APP-03845,CAND-3845,JOB-001,Glassdoor,Glassdoor Apply,2025-05-31,Final Panel Interview,2025-07-01,False,True,False
APP-03846,CAND-3846,JOB-012,Employee Referral,Internal Referral,2025-06-23,Hiring Manager Screen,2025-06-30,False,True,False
APP-03847,CAND-3847,JOB-012,LinkedIn Ads,Sponsored Job,2025-06-28,Recruiter Screen,2025-07-01,False,True,False
APP-03848,CAND-3848,JOB-010,Employee Referral,Internal Referral,2025-05-22,Final Panel Interview,2025-06-19,False,True,False
APP-03849,CAND-3849,JOB-015,Glassdoor,Glassdoor Apply,2025-06-17,Resume Screen,2025-06-25,False,True,False
APP-03850,CAND-3850,JOB-024,Employee Referral,Internal Referral,2025-01-29,Resume Screen,2025-02-06,False,True,False
APP-03851,CAND-3851,JOB-002,Careers Site,Careers Page,2025-06-09,Resume Screen,2025-06-14,False,True,False
APP-03852,CAND-3852,JOB-020,Employee Ref,Internal Referral,2024-03-09,Offer,2024-04-07,False,False,True
APP-03853,CAND-3853,JOB-010,LinkedIn Recruiter,InMail Outreach,2025-05-22,Resume Screen,2025-05-28,False,True,False
APP-03854,CAND-3854,JOB-006,Other,Unknown,2024-03-03,Resume Screen,2024-03-09,False,True,False
APP-03855,CAND-3855,JOB-034,LinkedIn Organic,Job Posting,2025-04-25,Recruiter Screen,2025-05-03,False,True,False
APP-03856,CAND-3856,JOB-045,Indeed,Indeed Apply,2024-05-04,Resume Screen,2024-05-13,False,True,False
APP-03857,CAND-3857,JOB-025,LinkedIn Recruiter,InMail Outreach,2025-06-12,Recruiter Screen,2025-06-23,False,True,False
APP-03858,CAND-3858,JOB-038,Recruitment Agency,Agency Submission,2025-02-05,Hiring Manager Screen,2025-02-23,False,False,True
APP-03859,CAND-3859,JOB-005,Direct Application,Careers Page,2025-06-03,Technical Assessment,2025-06-28,False,True,False
APP-03860,CAND-3860,JOB-028,LinkedIn,Job Posting,2025-04-07,Resume Screen,2025-04-11,False,True,False
APP-03861,CAND-3861,JOB-025,linkedin.com,Job Posting,2025-06-13,Resume Screen,2025-06-17,False,True,False
APP-03862,CAND-3862,JOB-013,linkedin,Job Posting,2025-03-20,Hiring Manager Screen,2025-04-02,False,True,False
APP-03863,CAND-3863,JOB-007,Glassdoor,Glassdoor Apply,2025-06-10,Final Panel Interview,2025-07-01,False,True,False
APP-03864,CAND-3864,JOB-002,LinkedIn Recruiter,InMail Outreach,2025-06-21,Hiring Manager Screen,2025-07-01,False,True,False
APP-03865,CAND-3865,JOB-022,Indeed,Indeed Apply,2025-06-14,Resume Screen,2025-06-23,False,True,False
APP-03866,CAND-3866,JOB-037,Glassdoor,Glassdoor Apply,2025-04-21,Resume Screen,2025-04-28,False,True,False
APP-03867,CAND-3867,JOB-026,Direct Application,Careers Page,2024-02-12,Recruiter Screen,2024-02-24,False,True,False
APP-03868,CAND-3868,JOB-013,LinkedIn Paid,Sponsored Job,2025-03-12,Recruiter Screen,2025-03-24,False,True,False
APP-03869,CAND-3869,JOB-012,LinkedIn Organic,Job Posting,2025-06-10,Resume Screen,2025-06-17,False,True,False
APP-03870,CAND-3870,JOB-039,LinkedIn Organic,Job Posting,2025-06-23,Resume Screen,2025-06-28,False,True,False
APP-03871,CAND-3871,JOB-029,Glassdoor,Glassdoor Apply,2025-02-02,Hiring Manager Screen,2025-02-19,False,True,False
APP-03872,CAND-3872,JOB-033,Direct Application,Careers Page,2025-06-14,Hiring Manager Screen,2025-07-01,False,True,False
APP-03873,CAND-3873,JOB-043,LinkedIn Paid,Sponsored Job,2024-08-22,Final Panel Interview,2024-09-15,False,True,False
APP-03874,CAND-3874,JOB-017,Indeed,Indeed Apply,2024-11-25,Resume Screen,2024-12-04,False,True,False
APP-03875,CAND-3875,JOB-025,Recruitment Agency,Agency Submission,2025-06-27,Resume Screen,2025-06-30,False,True,False
APP-03876,CAND-3876,JOB-045,LinkedIn Paid,Sponsored Job,2024-04-25,Hiring Manager Screen,2024-05-14,False,False,True
APP-03877,CAND-3877,JOB-038,LinkedIn Organic,Job Posting,2025-02-11,Resume Screen,2025-02-19,False,True,False
APP-03878,CAND-3878,JOB-036,LinkedIn Organic,Job Posting,2025-04-18,Resume Screen,2025-04-23,False,True,False
APP-03879,CAND-3879,JOB-032,Direct Application,Careers Page,2025-06-26,Hiring Manager Screen,2025-06-29,False,True,False
APP-03880,CAND-3880,JOB-017,LinkedIn Recruiter,InMail Outreach,2025-01-22,Recruiter Screen,2025-02-01,False,True,False
APP-03881,CAND-3881,JOB-036,LI Recruiter,InMail Outreach,2025-04-08,Recruiter Screen,2025-04-20,False,True,False
APP-03882,CAND-3882,JOB-004,LinkedIn Recruiter,InMail Outreach,2024-03-23,Resume Screen,2024-03-27,False,True,False
APP-03883,CAND-3883,JOB-007,LinkedIn Recruiter,InMail Outreach,2025-06-03,Offer,2025-07-01,False,False,True
APP-03884,CAND-3884,JOB-014,agency,Agency Submission,2024-07-29,Resume Screen,2024-08-04,False,True,False
APP-03885,CAND-3885,JOB-014,LinkedIn Recruiter,InMail Outreach,2024-08-11,Offer,2024-09-25,False,False,True
APP-03886,CAND-3886,JOB-016,GitHub Sourcing,GitHub Profile,2025-06-10,Hiring Manager Screen,2025-06-25,False,True,False
APP-03887,CAND-3887,JOB-034,LinkedIn Recruiter,InMail Outreach,2025-05-26,Resume Screen,2025-06-02,False,True,False
APP-03888,CAND-3888,JOB-043,Employee Referral,Internal Referral,2024-09-09,Resume Screen,2024-09-16,False,True,False
APP-03889,CAND-3889,JOB-011,LinkedIn InMail,InMail Outreach,2025-01-17,Resume Screen,2025-01-25,False,True,False
APP-03890,CAND-3890,JOB-014,LinkedIn Recruiter,InMail Outreach,2024-07-07,Resume Screen,2024-07-15,False,True,False
APP-03891,CAND-3891,JOB-024,Direct Application,Careers Page,2025-02-05,Resume Screen,2025-02-10,False,True,False
APP-03892,CAND-3892,JOB-009,Direct Application,Careers Page,2025-06-11,Recruiter Screen,2025-06-21,False,True,False
APP-03893,CAND-3893,JOB-004,Employee Referral,Internal Referral,2024-04-08,Recruiter Screen,2024-04-16,False,True,False
APP-03894,CAND-3894,JOB-009,LinkedIn Organic,Job Posting,2025-06-12,Resume Screen,2025-06-17,False,True,False
APP-03895,CAND-3895,JOB-023,Indeed,Indeed Apply,2024-11-27,Technical Interview,2024-12-24,False,True,False
APP-03896,CAND-3896,JOB-022,Recruitment Agency,Agency Submission,2025-06-21,Hiring Manager Screen,2025-06-30,False,True,False
APP-03897,CAND-3897,JOB-039,LinkedIn Organic,Job Posting,2025-06-27,Hiring Manager Screen,2025-06-28,False,True,False
APP-03898,CAND-3898,JOB-023,LinkedIn Recruiter,InMail Outreach,2024-10-29,Recruiter Screen,2024-11-10,False,True,False
APP-03899,CAND-3899,JOB-013,Employee Referral,Internal Referral,2025-03-20,Technical Assessment,2025-03-31,False,False,True
APP-03900,CAND-3900,JOB-016,Glassdoor.com,Glassdoor Apply,2025-06-15,Final Panel Interview,2025-06-28,False,True,False
APP-03901,CAND-3901,JOB-010,University Partnership,Careers Fair,2025-05-25,Technical Assessment,2025-06-16,False,False,True
APP-03902,CAND-3902,JOB-031,LinkedIn Organic,Job Posting,2025-06-12,Resume Screen,2025-06-18,False,True,False
APP-03903,CAND-3903,JOB-024,Employee Referral,Internal Referral,2025-02-16,Resume Screen,2025-02-22,False,True,False
APP-03904,CAND-3904,JOB-009,Company Website,Careers Page,2025-06-25,Offer,2025-06-28,False,False,True
APP-03905,CAND-3905,JOB-024,LinkedIn Organic,Job Posting,2025-01-24,Hiring Manager Screen,2025-02-13,False,True,False
APP-03906,CAND-3906,JOB-007,LinkedIn Recruiter,InMail Outreach,2025-05-21,Hiring Manager Screen,2025-06-09,False,True,False
APP-03907,CAND-3907,JOB-009,Referral,Internal Referral,2025-05-26,Hiring Manager Screen,2025-06-07,False,True,False
APP-03908,CAND-3908,JOB-005,LinkedIn Organic,Job Posting,2025-06-02,Final Panel Interview,2025-06-29,False,True,False
APP-03909,CAND-3909,JOB-028,Direct Application,Careers Page,2025-04-04,Resume Screen,2025-04-09,False,True,False
APP-03910,CAND-3910,JOB-034,LinkedIn Sponsored,Sponsored Job,2025-05-21,Resume Screen,2025-05-26,False,True,False
APP-03911,CAND-3911,JOB-039,Careers Site,Careers Page,2025-06-15,Resume Screen,2025-06-23,False,True,False
APP-03912,CAND-3912,JOB-039,LinkedIn Paid,Sponsored Job,2025-06-18,Hiring Manager Screen,2025-06-28,False,True,False
APP-03913,CAND-3913,JOB-036,Other,Unknown,2025-04-07,Resume Screen,2025-04-15,False,True,False
APP-03914,CAND-3914,JOB-043,Direct Application,Careers Page,2024-08-24,Recruiter Screen,2024-09-06,False,True,False
APP-03915,CAND-3915,JOB-045,Employee Referral,Internal Referral,25/05/2024,Hiring Manager Screen,09/06/2024,False,True,False
APP-03916,CAND-3916,JOB-014,Careers Site,Careers Page,2024-08-01,Recruiter Screen,2024-08-13,False,True,False
APP-03917,CAND-3917,JOB-038,LinkedIn Organic,Job Posting,2025-01-20,Resume Screen,2025-01-29,False,True,False
APP-03918,CAND-3918,JOB-032,LinkedIn Organic,Job Posting,2025-06-08,Recruiter Screen,2025-06-24,False,True,False
APP-03919,CAND-3919,JOB-012,LinkedIn Recruiter,InMail Outreach,2025-06-07,Recruiter Screen,2025-06-17,False,True,False
APP-03920,CAND-3920,JOB-040,LinkedIn Organic,Job Posting,2024-01-14,Resume Screen,2024-01-21,False,True,False
APP-03921,CAND-3921,JOB-035,LinkedIn Recruiter,InMail Outreach,2025-05-31,Recruiter Screen,2025-06-11,False,True,False
APP-03922,CAND-3922,JOB-017,LinkedIn Recruiter,InMail Outreach,2024-11-27,Final Panel Interview,2024-12-27,False,True,False
APP-03923,CAND-3923,JOB-011,Other,Unknown,2025-01-03,Technical Assessment,2025-01-28,False,True,False
APP-03924,CAND-3924,JOB-031,Other,Unknown,2025-06-28,Hiring Manager Screen,2025-06-30,False,False,True
APP-03925,CAND-3925,JOB-031,Glassdoor,Glassdoor Apply,2025-06-09,Hiring Manager Screen,2025-06-29,False,True,False
APP-03926,CAND-3926,JOB-020,Indeed,Indeed Apply,2024-01-19,Technical Assessment,2024-02-11,False,False,True
APP-03927,CAND-3927,JOB-032,LinkedIn Organic,Job Posting,2025-06-30,Final Panel Interview,2025-06-29,False,True,False
APP-03928,CAND-3928,JOB-035,LinkedIn Organic,Job Posting,2025-05-12,Recruiter Screen,2025-05-26,False,True,False
APP-03929,CAND-3929,JOB-024,LinkedIn Organic,Job Posting,2025-03-02,Recruiter Screen,2025-03-14,False,True,False
APP-03930,CAND-3930,JOB-013,Other,Unknown,2025-03-26,Resume Screen,2025-03-31,False,True,False
APP-03931,CAND-3931,JOB-031,Indeed,Indeed Apply,2025-06-12,Resume Screen,2025-06-21,False,True,False
APP-03932,CAND-3932,JOB-024,Direct Application,Careers Page,2025-01-21,Hiring Manager Screen,2025-02-07,False,True,False
APP-03933,CAND-3933,JOB-019,LinkedIn Organic,Job Posting,30/06/2025,Recruiter Screen,28/06/2025,False,True,False
APP-03934,CAND-3934,JOB-018,LinkedIn Organic,Job Posting,2025-06-29,Resume Screen,2025-07-01,False,True,False
APP-03935,CAND-3935,JOB-009,linkedin,Job Posting,2025-06-22,Recruiter Screen,2025-07-01,False,True,False
APP-03936,CAND-3936,JOB-004,LinkedIn Organic,Job Posting,2024-04-12,Recruiter Screen,2024-04-20,False,True,False
APP-03937,CAND-3937,JOB-024,Indeed,Indeed Apply,2025-02-17,Resume Screen,2025-02-27,False,True,False
APP-03938,CAND-3938,JOB-025,Recruitment Agency,Agency Submission,2025-06-27,Resume Screen,2025-07-01,False,True,False
APP-03939,CAND-3939,JOB-020,Direct Application,Careers Page,2024-02-12,Resume Screen,2024-02-22,False,True,False
APP-03940,CAND-3940,JOB-036,LinkedIn Organic,Job Posting,2025-04-08,Final Panel Interview,2025-05-05,False,True,False
APP-03941,CAND-3941,JOB-040,LinkedIn Organic,Job Posting,2024-01-11,Resume Screen,2024-01-16,False,True,False
APP-03942,CAND-3942,JOB-017,Referral,Internal Referral,2024-12-28,Hiring Manager Screen,2025-01-10,False,True,False
APP-03943,CAND-3943,JOB-009,Glassdoor,Glassdoor Apply,2025-06-17,Technical Interview,2025-06-29,False,True,False
APP-03944,CAND-3944,JOB-003,LI Recruiter,InMail Outreach,2025-06-18,Recruiter Screen,2025-07-01,False,True,False
APP-03945,CAND-3945,JOB-040,LinkedIn Recruiter,InMail Outreach,2024-01-06,Hiring Manager Screen,2024-01-19,False,True,False
APP-03946,CAND-3946,JOB-018,LinkedIn InMail,InMail Outreach,2025-06-30,Resume Screen,2025-06-28,False,True,False
APP-03947,CAND-3947,JOB-003,LinkedIn Organic,Job Posting,2025-06-20,Technical Assessment,2025-06-28,False,False,True
APP-03948,CAND-3948,JOB-032,Indeed,Indeed Apply,2025-06-13,Recruiter Screen,2025-06-22,False,True,False
APP-03949,CAND-3949,JOB-030,Glassdoor,Glassdoor Apply,2024-01-30,Recruiter Screen,2024-02-13,False,True,False
APP-03950,CAND-3950,JOB-026,Employee Referral,Internal Referral,2024-03-07,Technical Assessment,2024-03-24,False,False,True
APP-03951,CAND-3951,JOB-009,LinkedIn Organic,Job Posting,2025-06-18,Recruiter Screen,2025-06-30,False,True,False
APP-03952,CAND-3952,JOB-045,LinkedIn Recruiter,InMail Outreach,2024-05-20,Recruiter Screen,2024-05-27,False,False,True
APP-03953,CAND-3953,JOB-040,Employee Referral,Internal Referral,2024-02-08,Resume Screen,2024-02-16,False,True,False
APP-03954,CAND-3954,JOB-044,LinkedIn,Job Posting,2025-06-04,Resume Screen,2025-06-11,False,True,False
APP-03955,CAND-3955,JOB-004,LinkedIn,Job Posting,2024-03-22,Recruiter Screen,2024-04-01,False,True,False
APP-03956,CAND-3956,JOB-007,Indeed,Indeed Apply,2025-06-13,Resume Screen,2025-06-23,False,True,False
APP-03957,CAND-3957,JOB-045,LinkedIn Recruiter,InMail Outreach,27/04/2024,Resume Screen,05/05/2024,False,True,False
APP-03958,CAND-3958,JOB-006,LinkedIn Paid,Sponsored Job,2024-02-15,Resume Screen,2024-02-22,False,True,False
APP-03959,CAND-3959,JOB-042,LinkedIn Organic,Job Posting,2024-07-09,Recruiter Screen,2024-07-22,False,True,False
APP-03960,CAND-3960,JOB-012,Direct Application,Careers Page,2025-06-20,Recruiter Screen,2025-07-01,False,True,False
APP-03961,CAND-3961,JOB-009,LinkedIn Recruiter,InMail Outreach,2025-06-15,Resume Screen,2025-06-23,False,True,False
APP-03962,CAND-3962,JOB-006,LI Recruiter,InMail Outreach,2024-01-30,Resume Screen,2024-02-04,False,True,False
APP-03963,CAND-3963,JOB-034,LinkedIn Ads,Sponsored Job,2025-04-23,Resume Screen,2025-04-30,False,True,False
APP-03964,CAND-3964,JOB-033,LinkedIn Recruiter,InMail Outreach,2025-06-26,Hiring Manager Screen,2025-06-30,False,False,True
APP-03965,CAND-3965,JOB-037,Employee Referral,Internal Referral,2025-05-02,Hiring Manager Screen,2025-05-15,False,False,True
APP-03966,CAND-3966,JOB-004,LinkedIn Organic,Job Posting,2024-03-27,Reference Check,2024-05-13,False,True,False
APP-03967,CAND-3967,JOB-017,LinkedIn Organic,Job Posting,2024-11-28,Technical Assessment,2024-12-30,False,True,False
APP-03968,CAND-3968,JOB-008,LinkedIn Recruiter,InMail Outreach,2025-06-28,Technical Assessment,2025-06-28,False,True,False
APP-03969,CAND-3969,JOB-031,LinkedIn Recruiter,InMail Outreach,2025-06-08,Resume Screen,2025-06-13,False,True,False
APP-03970,CAND-3970,JOB-018,Careers Page,Careers Page,2025-06-20,Technical Assessment,2025-06-28,False,True,False
APP-03971,CAND-3971,JOB-035,LinkedIn Organic,Job Posting,2025-04-20,Hiring Manager Screen,2025-05-01,False,True,False
APP-03972,CAND-3972,JOB-026,Direct Application,Careers Page,2024-02-18,Technical Assessment,2024-03-18,False,True,False
APP-03973,CAND-3973,JOB-034,LinkedIn Organic,Job Posting,2025-04-06,Hiring Manager Screen,2025-04-22,False,True,False
APP-03974,CAND-3974,JOB-044,Glassdoor,Glassdoor Apply,2025-06-07,Resume Screen,2025-06-13,False,True,False
APP-03975,CAND-3975,JOB-018,University Partnership,Careers Fair,2025-06-04,Resume Screen,2025-06-12,False,True,False
APP-03976,CAND-3976,JOB-036,University Partnership,Careers Fair,2025-04-22,Resume Screen,2025-04-28,False,True,False
APP-03977,CAND-3977,JOB-018,LinkedIn Organic,Job Posting,2025-06-14,Recruiter Screen,2025-06-23,False,False,True
APP-03978,CAND-3978,JOB-035,LinkedIn Organic,Job Posting,2025-05-19,Recruiter Screen,2025-06-01,False,True,False
APP-03979,CAND-3979,JOB-036,Indeed,Indeed Apply,2025-04-12,Recruiter Screen,2025-04-26,False,True,False
APP-03980,CAND-3980,JOB-032,LinkedIn Organic,Job Posting,2025-06-24,Resume Screen,2025-07-01,False,True,False
APP-03981,CAND-3981,JOB-023,Direct Application,Careers Page,2024-11-25,Hiring Manager Screen,2024-12-13,False,True,False
APP-03982,CAND-3982,JOB-003,LinkedIn Recruiter,InMail Outreach,2025-06-20,Recruiter Screen,2025-06-28,False,True,False
APP-03983,CAND-3983,JOB-025,LinkedIn Organic,Job Posting,2025-06-18,Resume Screen,2025-06-24,False,True,False
APP-03984,CAND-3984,JOB-026,LinkedIn Recruiter,InMail Outreach,2024-02-05,Resume Screen,2024-02-15,False,True,False
APP-03985,CAND-3985,JOB-044,LinkedIn Recruiter,InMail Outreach,2025-06-23,Resume Screen,2025-07-01,False,True,False
APP-03986,CAND-3986,JOB-018,LinkedIn Organic,Job Posting,2025-06-09,Recruiter Screen,2025-06-22,False,False,True
APP-03987,CAND-3987,JOB-006,Referral,Internal Referral,03/13/2024,Technical Assessment,31/03/2024,False,True,False
APP-03988,CAND-3988,JOB-039,LinkedIn Organic,Job Posting,2025-06-24,Resume Screen,2025-07-01,False,True,False
APP-03989,CAND-3989,JOB-020,LinkedIn Organic,Job Posting,2024-02-05,Recruiter Screen,2024-02-17,False,True,False
APP-03990,CAND-3990,JOB-021,Internal Referral,Internal Referral,2024-02-06,Resume Screen,2024-02-14,False,True,False
APP-03991,CAND-3991,JOB-006,LinkedIn Paid,Sponsored Job,2024-02-12,Resume Screen,2024-02-19,False,True,False
APP-03992,CAND-3992,JOB-020,Other,Unknown,2024-01-30,Hiring Manager Screen,2024-02-15,False,True,False
APP-03993,CAND-3993,JOB-018,LinkedIn Organic,Job Posting,2025-06-09,Hiring Manager Screen,2025-06-25,False,True,False
APP-03994,CAND-3994,JOB-044,Employee Referral,Internal Referral,2025-06-05,Hiring Manager Screen,2025-06-14,False,True,False
APP-03995,CAND-3995,JOB-044,LinkedIn Recruiter,InMail Outreach,2025-06-17,Final Panel Interview,2025-06-29,False,True,False
APP-03996,CAND-3996,JOB-008,Indeed,Indeed Apply,2025-06-16,Resume Screen,2025-06-24,False,True,False
APP-03997,CAND-3997,JOB-005,Indeed,Indeed Apply,2025-06-02,Recruiter Screen,2025-06-11,False,True,False
APP-03998,CAND-3998,JOB-006,LinkedIn Organic,Job Posting,2024-02-19,Technical Assessment,2024-03-12,False,False,True
APP-03999,CAND-3999,JOB-033,LinkedIn Ads,Sponsored Job,2025-06-09,Hiring Manager Screen,2025-06-27,False,True,False
APP-04000,CAND-4000,JOB-026,LinkedIn Recruiter,InMail Outreach,2024-01-24,Resume Screen,2024-01-29,False,True,False
APP-04001,CAND-4001,JOB-003,Linked In,Job Posting,2025-06-20,Hiring Manager Screen,2025-07-01,False,True,False
APP-04002,CAND-4002,JOB-042,Indeed,Indeed Apply,2024-07-22,Hiring Manager Screen,2024-08-14,False,True,False
APP-04003,CAND-4003,JOB-013,LinkedIn Organic,Job Posting,2025-04-09,Resume Screen,2025-04-16,False,True,False
APP-04004,CAND-4004,JOB-014,Recruitment Agency,Agency Submission,2024-07-10,Resume Screen,2024-07-14,False,True,False
APP-04005,CAND-4005,JOB-001,LinkedIn Organic,Job Posting,2025-04-20,Resume Screen,2025-04-24,False,True,False
APP-04006,CAND-4006,JOB-007,University Partnership,Careers Fair,2025-05-28,Final Panel Interview,2025-06-28,False,True,False
APP-04007,CAND-4007,JOB-045,Direct Application,Careers Page,2024-05-31,Resume Screen,2024-06-06,False,True,False
APP-04008,CAND-4008,JOB-039,Employee Referral,Internal Referral,06/16/2025,Hiring Manager Screen,06/25/2025,False,True,False
APP-04009,CAND-4009,JOB-041,LinkedIn Recruiter,InMail Outreach,2025-06-19,Resume Screen,2025-06-27,False,True,False
APP-04010,CAND-4010,JOB-005,Glassdoor,Glassdoor Apply,2025-06-23,Hiring Manager Screen,2025-06-30,False,True,False
APP-04011,CAND-4011,JOB-042,LinkedIn InMail,InMail Outreach,2024-07-17,Resume Screen,2024-07-21,False,True,False
APP-04012,CAND-4012,JOB-040,LinkedIn Organic,Job Posting,2024-01-02,Resume Screen,2024-01-11,False,True,False
APP-04013,CAND-4013,JOB-034,Employee Referral,Internal Referral,2025-04-18,Resume Screen,2025-04-23,False,True,False
APP-04014,CAND-4014,JOB-018,LinkedIn Organic,Job Posting,2025-06-20,Resume Screen,2025-06-29,False,True,False
APP-04015,CAND-4015,JOB-032,Direct Application,Careers Page,2025-06-19,Hiring Manager Screen,2025-06-29,False,False,True
APP-04016,CAND-4016,JOB-028,linkedin.com,Job Posting,2025-03-31,Resume Screen,2025-04-05,False,True,False
APP-04017,CAND-4017,JOB-013,LI,Job Posting,2025-03-04,Technical Assessment,2025-03-27,False,True,False
APP-04018,CAND-4018,JOB-021,LinkedIn Recruiter,InMail Outreach,2024-03-21,Technical Assessment,2024-04-14,False,False,True
APP-04019,CAND-4019,JOB-044,Other,Unknown,2025-06-19,Final Panel Interview,2025-06-29,False,True,False
APP-04020,CAND-4020,JOB-018,LinkedIn Recruiter,InMail Outreach,2025-06-26,Resume Screen,2025-06-30,False,True,False
APP-04021,CAND-4021,JOB-043,LinkedIn Organic,Job Posting,2024-08-30,Recruiter Screen,2024-09-12,False,True,False
APP-04022,CAND-4022,JOB-012,LinkedIn Organic,Job Posting,30/06/2025,Recruiter Screen,29/06/2025,False,True,False
APP-04023,CAND-4023,JOB-002,LinkedIn Recruiter,InMail Outreach,2025-06-11,Technical Assessment,2025-07-01,False,True,False
APP-04024,CAND-4024,JOB-030,Employee Referral,Internal Referral,2024-02-22,Hiring Manager Screen,2024-03-03,False,True,False
APP-04025,CAND-4025,JOB-044,LinkedIn Organic,Job Posting,2025-06-05,Resume Screen,2025-06-12,False,True,False
APP-04026,CAND-4026,JOB-034,Glassdoor,Glassdoor Apply,2025-04-24,Resume Screen,2025-04-29,False,True,False
APP-04027,CAND-4027,JOB-007,LinkedIn Ads,Sponsored Job,2025-06-03,Hiring Manager Screen,2025-06-19,False,True,False
APP-04028,CAND-4028,JOB-010,Indeed,Indeed Apply,2025-05-20,Final Panel Interview,2025-06-20,False,True,False
APP-04029,CAND-4029,JOB-003,LinkedIn Organic,Job Posting,2025-06-26,Technical Assessment,2025-06-29,False,True,False
APP-04030,CAND-4030,JOB-020,linkedin,Job Posting,2024-02-29,Recruiter Screen,2024-03-12,False,True,False
APP-04031,CAND-4031,JOB-020,Indeed,Indeed Apply,2024-02-18,Recruiter Screen,2024-03-01,False,True,False
APP-04032,CAND-4032,JOB-041,Employee Referral,Internal Referral,2025-06-12,Hiring Manager Screen,2025-06-19,False,True,False
APP-04033,CAND-4033,JOB-001,LinkedIn Recruiter,InMail Outreach,2025-04-06,Resume Screen,2025-04-13,False,True,False
APP-04034,CAND-4034,JOB-034,Direct Application,Careers Page,2025-04-29,Recruiter Screen,2025-05-09,False,True,False
APP-04035,CAND-4035,JOB-025,LinkedIn Recruiter,InMail Outreach,2025-06-21,Resume Screen,2025-06-29,False,True,False
APP-04036,CAND-4036,JOB-037,Other,Unknown,2025-06-11,Resume Screen,2025-06-18,False,True,False
APP-04037,CAND-4037,JOB-029,LinkedIn Organic,Job Posting,2025-01-04,Resume Screen,2025-01-10,False,True,False
APP-04038,CAND-4038,JOB-017,LinkedIn Recruiter,InMail Outreach,2024-12-22,Resume Screen,2024-12-29,False,True,False
APP-04039,CAND-4039,JOB-015,LinkedIn Organic,Job Posting,2025-06-20,Resume Screen,2025-06-25,False,True,False
APP-04040,CAND-4040,JOB-006,LinkedIn Organic,Job Posting,2024-01-24,Recruiter Screen,2024-02-05,False,True,False
APP-04041,CAND-4041,JOB-045,Indeed,Indeed Apply,2024-05-18,Resume Screen,2024-05-27,False,True,False
APP-04042,CAND-4042,JOB-019,Employee Referral,Internal Referral,2025-06-07,Resume Screen,2025-06-13,False,True,False
APP-04043,CAND-4043,JOB-006,Direct Application,Careers Page,2024-03-05,Resume Screen,2024-03-10,False,True,False
APP-04044,CAND-4044,JOB-042,LinkedIn Recruiter,InMail Outreach,2024-08-10,Resume Screen,2024-08-16,False,True,False
APP-04045,CAND-4045,JOB-038,Employee Referral,Internal Referral,2025-01-21,Hiring Manager Screen,2025-02-01,False,True,False
APP-04046,CAND-4046,JOB-023,Other,Unknown,2024-11-17,Recruiter Screen,2024-11-29,False,True,False
APP-04047,CAND-4047,JOB-011,LinkedIn Ads,Sponsored Job,2025-01-27,Technical Interview,2025-03-02,False,True,False
APP-04048,CAND-4048,JOB-027,Recruitment Agency,Agency Submission,2025-05-04,Hiring Manager Screen,2025-05-19,False,True,False
APP-04049,CAND-4049,JOB-020,Glassdoor,Glassdoor Apply,01/22/2024,Resume Screen,01/26/2024,False,True,False
APP-04050,CAND-4050,JOB-032,LI,Job Posting,2025-06-21,Hiring Manager Screen,2025-06-29,False,True,False
APP-04051,CAND-4051,JOB-031,Direct Application,Careers Page,2025-06-23,Resume Screen,2025-06-29,False,True,False
APP-04052,CAND-4052,JOB-030,Direct Application,Careers Page,2024-02-09,Resume Screen,2024-02-13,False,True,False
APP-04053,CAND-4053,JOB-044,Other,Unknown,2025-06-18,Recruiter Screen,2025-06-30,False,True,False
APP-04054,CAND-4054,JOB-019,Recruitment Agency,Agency Submission,2025-06-18,Technical Assessment,2025-06-28,False,False,True
APP-04055,CAND-4055,JOB-022,glassdoor,Glassdoor Apply,2025-06-08,Resume Screen,2025-06-14,False,True,False
APP-04056,CAND-4056,JOB-035,University Partnership,Careers Fair,2025-05-05,Resume Screen,2025-05-13,False,True,False
APP-04057,CAND-4057,JOB-002,Direct Application,Careers Page,2025-06-26,Resume Screen,2025-06-30,False,True,False
APP-04058,CAND-4058,JOB-022,LinkedIn Organic,Job Posting,2025-06-15,Final Panel Interview,2025-06-28,False,True,False
APP-04059,CAND-4059,JOB-025,LinkedIn Organic,Job Posting,2025-06-18,Resume Screen,2025-06-24,False,True,False
APP-04060,CAND-4060,JOB-036,University Partnership,Careers Fair,2025-05-16,Resume Screen,2025-05-23,False,True,False
APP-04061,CAND-4061,JOB-038,GitHub Sourcing,GitHub Profile,2025-01-20,Resume Screen,2025-01-26,False,True,False
APP-04062,CAND-4062,JOB-016,Direct Application,Careers Page,2025-06-25,Technical Assessment,2025-06-28,False,True,False
APP-04063,CAND-4063,JOB-038,LinkedIn Recruiter,InMail Outreach,2025-02-05,Recruiter Screen,2025-02-15,False,True,False
APP-04064,CAND-4064,JOB-021,LinkedIn Recruiter,InMail Outreach,2024-02-13,Final Panel Interview,2024-03-12,False,True,False
APP-04065,CAND-4065,JOB-003,LinkedIn Organic,Job Posting,2025-06-30,Recruiter Screen,2025-06-28,False,True,False
APP-04066,CAND-4066,JOB-007,LinkedIn Organic,Job Posting,2025-06-14,Recruiter Screen,2025-06-25,False,True,False
APP-04067,CAND-4067,JOB-012,LinkedIn,Job Posting,2025-06-06,Recruiter Screen,2025-06-21,False,True,False
APP-04068,CAND-4068,JOB-031,Glassdoor,Glassdoor Apply,2025-06-22,Resume Screen,2025-06-29,False,True,False
APP-04069,CAND-4069,JOB-045,Indeed,Indeed Apply,22/04/2024,Recruiter Screen,05/02/2024,False,True,False
APP-04070,CAND-4070,JOB-004,LinkedIn Organic,Job Posting,2024-04-04,Resume Screen,2024-04-10,False,True,False
APP-04071,CAND-4071,JOB-021,LinkedIn Organic,Job Posting,2024-03-13,Technical Assessment,2024-04-04,False,True,False
APP-04072,CAND-4072,JOB-041,Direct Application,Careers Page,06/29/2025,Hiring Manager Screen,07/01/2025,False,True,False
APP-04073,CAND-4073,JOB-002,LinkedIn Recruiter,InMail Outreach,2025-06-17,Recruiter Screen,2025-06-27,False,True,False
APP-04074,CAND-4074,JOB-014,Direct Application,Careers Page,2024-08-10,Technical Assessment,2024-09-01,False,False,True
APP-04075,CAND-4075,JOB-004,Careers Site,Careers Page,2024-03-19,Resume Screen,2024-03-27,False,True,False
APP-04076,CAND-4076,JOB-038,LinkedIn,Job Posting,2025-01-10,Resume Screen,2025-01-15,False,True,False
APP-04077,CAND-4077,JOB-043,Direct Application,Careers Page,2024-08-07,Resume Screen,2024-08-15,False,True,False
APP-04078,CAND-4078,JOB-001,Employee Referral,Internal Referral,2025-04-28,Resume Screen,2025-05-07,False,True,False
APP-04079,CAND-4079,JOB-008,LinkedIn Organic,Job Posting,2025-06-22,Hiring Manager Screen,2025-06-28,False,True,False
APP-04080,CAND-4080,JOB-002,LinkedIn Organic,Job Posting,2025-06-16,Resume Screen,2025-06-22,False,True,False
APP-04081,CAND-4081,JOB-019,Direct Application,Careers Page,2025-06-12,Technical Assessment,2025-06-30,False,False,True
APP-04082,CAND-4082,JOB-005,LinkedIn Organic,Job Posting,2025-06-23,Hiring Manager Screen,2025-06-29,False,True,False
APP-04083,CAND-4083,JOB-024,Indeed,Indeed Apply,2025-03-06,Resume Screen,2025-03-15,False,True,False
APP-04084,CAND-4084,JOB-036,Recruitment Agency,Agency Submission,2025-05-24,Resume Screen,2025-05-31,False,True,False
APP-04085,CAND-4085,JOB-025,Direct Application,Careers Page,2025-06-17,Resume Screen,2025-06-24,False,True,False
APP-04086,CAND-4086,JOB-011,LinkedIn Recruiter,InMail Outreach,2024-12-26,Resume Screen,2025-01-05,False,True,False
APP-04087,CAND-4087,JOB-041,Employee Referral,Internal Referral,2025-06-08,Resume Screen,2025-06-15,False,True,False
APP-04088,CAND-4088,JOB-001,LI Recruiter,InMail Outreach,2025-05-08,Technical Assessment,2025-06-05,False,False,True
APP-04089,CAND-4089,JOB-018,LI,Job Posting,2025-06-18,Final Panel Interview,2025-07-01,False,True,False
APP-04090,CAND-4090,JOB-016,LinkedIn Organic,Job Posting,2025-06-08,Resume Screen,2025-06-15,False,True,False
APP-04091,CAND-4091,JOB-004,Employee Referral,Internal Referral,2024-04-29,Resume Screen,2024-05-07,False,True,False
APP-04092,CAND-4092,JOB-025,Glassdoor,Glassdoor Apply,2025-06-29,Technical Interview,2025-07-01,False,True,False
APP-04093,CAND-4093,JOB-038,LinkedIn Organic,Job Posting,2025-01-18,Hiring Manager Screen,2025-02-06,False,True,False
APP-04094,CAND-4094,JOB-015,LinkedIn Organic,Job Posting,2025-06-13,Resume Screen,2025-06-19,False,True,False
APP-04095,CAND-4095,JOB-011,Indeed,Indeed Apply,2025-01-25,Hiring Manager Screen,2025-02-12,False,True,False
APP-04096,CAND-4096,JOB-001,Referral,Internal Referral,2025-05-22,Technical Assessment,2025-06-05,False,True,False
APP-04097,CAND-4097,JOB-020,LinkedIn Recruiter,InMail Outreach,2024-02-11,Technical Assessment,2024-03-08,False,False,True
APP-04098,CAND-4098,JOB-012,Direct Application,Careers Page,2025-06-12,Technical Interview,2025-06-30,False,True,False
APP-04099,CAND-4099,JOB-037,LinkedIn Organic,Job Posting,2025-05-28,Resume Screen,2025-06-03,False,True,False
APP-04100,CAND-4100,JOB-020,LinkedIn Paid,Sponsored Job,2024-02-22,Offer,2024-04-01,False,False,True
APP-04101,CAND-4101,JOB-012,LinkedIn Recruiter,InMail Outreach,2025-06-21,Resume Screen,2025-06-28,False,True,False
APP-04102,CAND-4102,JOB-009,LinkedIn Organic,Job Posting,2025-04-30,Resume Screen,2025-05-07,False,True,False
APP-04103,CAND-4103,JOB-019,LinkedIn Paid,Sponsored Job,2025-06-30,Technical Assessment,2025-07-01,False,True,False
APP-04104,CAND-4104,JOB-023,LinkedIn Recruiter,InMail Outreach,2024-10-21,Hiring Manager Screen,2024-11-06,False,True,False
APP-04105,CAND-4105,JOB-011,Glassdoor,Glassdoor Apply,01/27/2025,Resume Screen,01/02/2025,False,True,False
APP-04106,CAND-4106,JOB-001,LinkedIn Recruiter,InMail Outreach,2025-05-04,Resume Screen,2025-05-14,False,True,False
APP-04107,CAND-4107,JOB-038,Direct Application,Careers Page,2025-02-05,Hiring Manager Screen,2025-02-17,False,True,False
APP-04108,CAND-4108,JOB-031,LinkedIn Recruiter,InMail Outreach,2025-06-11,Hiring Manager Screen,2025-06-30,False,True,False
APP-04109,CAND-4109,JOB-028,LinkedIn Organic,Job Posting,02/25/2025,Resume Screen,03/05/2025,False,True,False
APP-04110,CAND-4110,JOB-025,LinkedIn Recruiter,InMail Outreach,2025-06-08,Recruiter Screen,2025-06-18,False,True,False
APP-04111,CAND-4111,JOB-043,Glassdoor,Glassdoor Apply,08/22/2024,Resume Screen,31/08/2024,False,True,False
APP-04112,CAND-4112,JOB-024,LinkedIn Organic,Job Posting,2025-02-25,Resume Screen,2025-03-03,False,True,False
APP-04113,CAND-4113,JOB-001,LinkedIn Organic,Job Posting,2025-04-18,Resume Screen,2025-04-23,False,True,False
APP-04114,CAND-4114,JOB-037,LinkedIn Paid,Sponsored Job,2025-05-28,Resume Screen,2025-06-02,False,True,False
APP-04115,CAND-4115,JOB-023,linkedin.com,Job Posting,2024-10-28,Hiring Manager Screen,2024-11-12,False,True,False
APP-04116,CAND-4116,JOB-015,Indeed,Indeed Apply,2025-05-29,Resume Screen,2025-06-05,False,True,False
APP-04117,CAND-4117,JOB-008,Employee Referral,Internal Referral,2025-06-21,Hiring Manager Screen,2025-06-29,False,True,False
APP-04118,CAND-4118,JOB-024,LinkedIn Recruiter,InMail Outreach,2025-02-27,Resume Screen,2025-03-08,False,True,False
APP-04119,CAND-4119,JOB-005,LinkedIn Recruiter,InMail Outreach,2025-06-05,Final Panel Interview,2025-07-01,False,True,False
APP-04120,CAND-4120,JOB-035,referral,Internal Referral,2025-05-31,Recruiter Screen,2025-06-11,False,True,False
APP-04121,CAND-4121,JOB-003,LinkedIn Recruiter,InMail Outreach,2025-06-14,Technical Assessment,2025-07-01,False,True,False
APP-04122,CAND-4122,JOB-040,Direct Application,Careers Page,2024-01-08,Recruiter Screen,2024-01-20,False,True,False
APP-04123,CAND-4123,JOB-025,Glassdoor,Glassdoor Apply,2025-06-06,Final Panel Interview,2025-06-28,False,True,False
APP-04124,CAND-4124,JOB-012,LinkedIn Recruiter,InMail Outreach,2025-06-16,Resume Screen,2025-06-25,False,True,False
APP-04125,CAND-4125,JOB-034,LinkedIn Organic,Job Posting,2025-05-15,Hiring Manager Screen,2025-05-30,False,True,False
APP-04126,CAND-4126,JOB-042,LinkedIn Recruiter,InMail Outreach,2024-07-09,Resume Screen,2024-07-18,False,True,False
APP-04127,CAND-4127,JOB-038,LinkedIn Paid,Sponsored Job,2025-02-12,Recruiter Screen,2025-02-21,False,True,False
APP-04128,CAND-4128,JOB-002,LinkedIn Organic,Job Posting,2025-06-04,Recruiter Screen,2025-06-14,False,True,False
APP-04129,CAND-4129,JOB-013,LinkedIn Recruiter,InMail Outreach,2025-03-14,Technical Assessment,2025-04-02,False,True,False
APP-04130,CAND-4130,JOB-010,LinkedIn Organic,Job Posting,2025-06-06,Resume Screen,2025-06-16,False,True,False
APP-04131,CAND-4131,JOB-029,Recruitment Agency,Agency Submission,2025-02-06,Recruiter Screen,2025-02-18,False,True,False
APP-04132,CAND-4132,JOB-024,LinkedIn,Job Posting,2025-02-12,Recruiter Screen,2025-02-24,False,True,False
APP-04133,CAND-4133,JOB-028,Indeed,Indeed Apply,2025-02-13,Hiring Manager Screen,2025-02-27,False,True,False
APP-04134,CAND-4134,JOB-033,LinkedIn Organic,Job Posting,2025-06-09,Recruiter Screen,2025-06-18,False,True,False
APP-04135,CAND-4135,JOB-035,LinkedIn Paid,Sponsored Job,2025-06-02,Recruiter Screen,2025-06-12,False,True,False
APP-04136,CAND-4136,JOB-028,LinkedIn Recruiter,InMail Outreach,2025-03-02,Offer,2025-03-30,False,False,True
APP-04137,CAND-4137,JOB-019,Glassdoor,Glassdoor Apply,2025-06-30,Resume Screen,2025-06-29,False,True,False
APP-04138,CAND-4138,JOB-020,Recruitment Agency,Agency Submission,2024-01-29,Technical Assessment,2024-02-25,False,True,False
APP-04139,CAND-4139,JOB-044,Employee Referral,Internal Referral,2025-06-26,Hiring Manager Screen,2025-06-29,False,True,False
APP-04140,CAND-4140,JOB-039,LinkedIn Organic,Job Posting,2025-06-25,Hiring Manager Screen,2025-06-28,False,False,True
APP-04141,CAND-4141,JOB-035,Employee Referral,Internal Referral,2025-06-07,Resume Screen,2025-06-17,False,True,False
APP-04142,CAND-4142,JOB-045,Employee Referral,Internal Referral,2024-06-04,Final Panel Interview,2024-06-17,False,True,False
APP-04143,CAND-4143,JOB-011,glassdoor,Glassdoor Apply,2024-12-25,Technical Assessment,2025-01-18,False,True,False
APP-04144,CAND-4144,JOB-043,Indeed,Indeed Apply,2024-07-29,Resume Screen,2024-08-05,False,True,False
APP-04145,CAND-4145,JOB-008,LinkedIn Paid,Sponsored Job,2025-06-23,Technical Assessment,2025-06-28,False,False,True
APP-04146,CAND-4146,JOB-009,LinkedIn Organic,Job Posting,2025-06-04,Technical Assessment,2025-06-26,False,False,True
APP-04147,CAND-4147,JOB-017,Employee Referral,Internal Referral,2024-12-12,Resume Screen,2024-12-19,False,True,False
APP-04148,CAND-4148,JOB-013,Direct Application,Careers Page,2025-03-20,Resume Screen,2025-03-29,False,True,False
APP-04149,CAND-4149,JOB-014,LinkedIn Organic,Job Posting,2024-08-06,Technical Assessment,2024-08-26,False,False,True
APP-04150,CAND-4150,JOB-043,LinkedIn Recruiter,InMail Outreach,2024-08-19,Recruiter Screen,2024-08-30,False,True,False
APP-04151,CAND-4151,JOB-018,LinkedIn Recruiter,InMail Outreach,2025-06-27,Recruiter Screen,2025-07-01,False,True,False
APP-04152,CAND-4152,JOB-012,LinkedIn Organic,Job Posting,2025-07-01,Technical Interview,2025-06-30,False,True,False
APP-04153,CAND-4153,JOB-045,LinkedIn Recruiter,InMail Outreach,2024-05-01,Hiring Manager Screen,2024-05-16,False,False,True
APP-04154,CAND-4154,JOB-017,LinkedIn Recruiter,InMail Outreach,2025-01-21,Resume Screen,2025-01-28,False,True,False
APP-04155,CAND-4155,JOB-010,Indeed,Indeed Apply,2025-06-09,Technical Assessment,2025-06-27,False,False,True
APP-04156,CAND-4156,JOB-006,Direct Application,Careers Page,2024-01-23,Resume Screen,2024-01-30,False,True,False
APP-04157,CAND-4157,JOB-040,LinkedIn Organic,Job Posting,2024-01-29,Hiring Manager Screen,2024-02-18,False,True,False
APP-04158,CAND-4158,JOB-011,Indeed,Indeed Apply,2025-01-09,Resume Screen,2025-01-17,False,True,False
APP-04159,CAND-4159,JOB-004,LI,Job Posting,2024-05-01,Resume Screen,2024-05-06,False,True,False
APP-04160,CAND-4160,JOB-036,Direct Application,Careers Page,2025-03-31,Resume Screen,2025-04-04,False,True,False
APP-04161,CAND-4161,JOB-010,LinkedIn Organic,Job Posting,2025-06-03,Resume Screen,2025-06-12,False,True,False
APP-04162,CAND-4162,JOB-008,LinkedIn Recruiter,InMail Outreach,2025-06-10,Resume Screen,2025-06-16,False,True,False
APP-04163,CAND-4163,JOB-002,linkedin,Job Posting,2025-06-10,Hiring Manager Screen,2025-06-23,False,True,False
APP-04164,CAND-4164,JOB-014,LinkedIn Recruiter,InMail Outreach,2024-08-21,Resume Screen,2024-08-26,False,True,False
APP-04165,CAND-4165,JOB-011,Glassdoor,Glassdoor Apply,2024-12-07,Hiring Manager Screen,2024-12-27,False,True,False
APP-04166,CAND-4166,JOB-033,LinkedIn Sponsored,Sponsored Job,2025-06-28,Hiring Manager Screen,2025-07-01,False,False,True
APP-04167,CAND-4167,JOB-005,LinkedIn Paid,Sponsored Job,2025-06-12,Resume Screen,2025-06-22,False,True,False
APP-04168,CAND-4168,JOB-036,LinkedIn Recruiter,InMail Outreach,2025-05-28,Recruiter Screen,2025-06-07,False,True,False
APP-04169,CAND-4169,JOB-016,LinkedIn Recruiter,InMail Outreach,2025-06-05,Recruiter Screen,2025-06-16,False,True,False
APP-04170,CAND-4170,JOB-006,LI Recruiter,InMail Outreach,2024-01-16,Recruiter Screen,2024-01-30,False,True,False
APP-04171,CAND-4171,JOB-039,LinkedIn Organic,Job Posting,2025-06-27,Resume Screen,2025-07-01,False,True,False
APP-04172,CAND-4172,JOB-037,LinkedIn Organic,Job Posting,2025-05-16,Recruiter Screen,2025-05-28,False,True,False
APP-04173,CAND-4173,JOB-001,Employee Ref,Internal Referral,2025-05-05,Technical Interview,2025-05-26,False,True,False
APP-04174,CAND-4174,JOB-032,LinkedIn,Job Posting,2025-06-30,Hiring Manager Screen,2025-06-29,False,True,False
APP-04175,CAND-4175,JOB-026,Glassdoor,Glassdoor Apply,2024-02-20,Resume Screen,2024-02-27,False,True,False
APP-04176,CAND-4176,JOB-016,LinkedIn Organic,Job Posting,2025-06-08,Resume Screen,2025-06-14,False,True,False
APP-04177,CAND-4177,JOB-012,LinkedIn InMail,InMail Outreach,2025-06-23,Resume Screen,2025-06-30,False,True,False
APP-04178,CAND-4178,JOB-008,Direct Application,Careers Page,2025-06-16,Technical Assessment,2025-07-01,False,False,True
APP-04179,CAND-4179,JOB-008,Direct Application,Careers Page,2025-06-02,Hiring Manager Screen,2025-06-24,False,True,False
APP-04180,CAND-4180,JOB-027,LinkedIn Organic,Job Posting,2025-04-27,Resume Screen,2025-05-03,False,True,False
APP-04181,CAND-4181,JOB-039,Careers Site,Careers Page,2025-06-17,Resume Screen,2025-06-23,False,True,False
APP-04182,CAND-4182,JOB-045,Employee Referral,Internal Referral,2024-04-18,Recruiter Screen,2024-04-28,False,True,False
APP-04183,CAND-4183,JOB-024,LinkedIn Organic,Job Posting,2025-01-23,Technical Assessment,2025-02-16,False,True,False
APP-04184,CAND-4184,JOB-043,LinkedIn Organic,Job Posting,2024-09-16,Hiring Manager Screen,2024-10-03,False,True,False
APP-04185,CAND-4185,JOB-030,LinkedIn Organic,Job Posting,2024-01-24,Hiring Manager Screen,2024-02-08,False,True,False
APP-04186,CAND-4186,JOB-006,Direct Application,Careers Page,25/02/2024,Resume Screen,03/02/2024,False,True,False
APP-04187,CAND-4187,JOB-024,Linked In,Job Posting,2025-03-20,Resume Screen,2025-03-28,False,True,False
APP-04188,CAND-4188,JOB-021,Employee Referral,Internal Referral,2024-03-07,Resume Screen,2024-03-15,False,True,False
APP-04189,CAND-4189,JOB-016,LinkedIn Organic,Job Posting,2025-06-29,Resume Screen,2025-06-28,False,True,False
APP-04190,CAND-4190,JOB-035,Employee Referral,Internal Referral,2025-05-21,Resume Screen,2025-05-28,False,True,False
APP-04191,CAND-4191,JOB-032,LI,Job Posting,2025-06-24,Resume Screen,2025-07-01,False,True,False
APP-04192,CAND-4192,JOB-007,Indeed,Indeed Apply,2025-05-22,Recruiter Screen,2025-05-31,False,True,False
APP-04193,CAND-4193,JOB-023,LinkedIn Recruiter,InMail Outreach,2024-11-16,Resume Screen,2024-11-21,False,True,False
APP-04194,CAND-4194,JOB-027,Glassdoor,Glassdoor Apply,2025-05-13,Recruiter Screen,2025-05-22,False,True,False
APP-04195,CAND-4195,JOB-028,Direct Application,Careers Page,2025-03-27,Resume Screen,2025-04-02,False,True,False
APP-04196,CAND-4196,JOB-033,Glassdoor,Glassdoor Apply,2025-06-27,Hiring Manager Screen,2025-06-28,False,True,False
APP-04197,CAND-4197,JOB-030,indeed,Indeed Apply,2024-02-14,Hiring Manager Screen,2024-03-04,False,True,False
APP-04198,CAND-4198,JOB-009,LinkedIn Recruiter,InMail Outreach,2025-05-11,Reference Check,2025-06-30,False,True,False
APP-04199,CAND-4199,JOB-028,LinkedIn Organic,Job Posting,2025-03-13,Recruiter Screen,2025-03-21,False,True,False
APP-04200,CAND-4200,JOB-040,Glassdoor,Glassdoor Apply,2024-01-24,Recruiter Screen,2024-02-02,False,True,False
