candidate_id,first_name,last_name,email,phone,location_city,location_country,current_company,current_title,linkedin_url,created_date
CAND-0001,Greta,Butkus,greta.butkus@outlook.com,+1-210-343-3218x1960,Kyiv,Ukraine,CGI,HR Manager,linkedin.com/in/greta-butkus-906,2024-04-20
CAND-0002,Maciej,Wojcik,maciej.wojcik@gmail.com,,Berlin,Germany,EPAM Systems,Performance Marketing Manager,linkedin.com/in/maciej-wojcik-385,2024-03-12
CAND-0003,Bence,Petrov,bence.petrov@protonmail.com,,Krakow,Poland,Playtika,Senior Product Lead,linkedin.com/in/bence-petrov-371,2024-02-09
CAND-0004,Rytis,Ambrazas,rytis.ambrazas@yahoo.com,,Vilnius,Lithuania,Ubisoft,SEO Specialist,linkedin.com/in/rytis-ambrazas-925,2024-07-20
CAND-0005,Adam,Kaminski,adam.kaminski@gmail.com,538.990.8386,Vilnius,Lithuania,EPAM Systems,Senior FP&A Analyst,linkedin.com/in/adam-kaminski-402,2024-05-10
CAND-0006,Egle,Butkus,egle.butkus@yahoo.com,001-740-326-5423,Kaunas,Lithuania,Wargaming,FP&A Analyst,,2024-11-25
CAND-0007,Marcin,Wozniak,marcin.wozniak@outlook.com,,Gdansk,Poland,Revolut,UX Researcher,linkedin.com/in/marcin-wozniak-443,2024-04-05
CAND-0008,Chloe,Taylor,chloe.taylor@gmail.com,,Vilnius,Lithuania,King,Head of Growth,linkedin.com/in/chloe-taylor-744,2024-07-18
CAND-0009,Stefan,Fischer,stefan.fischer@gmail.com,361-855-9407,Vilnius,Lithuania,Nord Security,Compensation and Benefits Analyst,linkedin.com/in/stefan-fischer-355,2024-05-04
CAND-0010,Magdalena,Wozniak,magdalena.wozniak@yahoo.com,584-695-9310,Gdansk,Poland,Bite,TA Manager,,2025-05-01
CAND-0011,Magdalena,Kowalczyk,magdalena.kowalczyk@yahoo.com,731-564-7525,Warsaw,Poland,Bite,Product Lead,linkedin.com/in/magdalena-kowalczyk-427,2024-03-23
CAND-0012,Matas,Gudas,matas.gudas@gmail.com,+1-241-592-8327x64835,Warsaw,Poland,LMT,Compensation and Benefits Analyst,linkedin.com/in/matas-gudas-888,2024-01-21
CAND-0013,Petra,Smirnov,petra.smirnov@gmail.com,,Warsaw,Poland,SEB,Senior HR Business Partner,linkedin.com/in/petra-smirnov-379,2025-03-22
CAND-0014,Damian,Kozlowski,damian.kozlowski@gmail.com,,Hamburg,Germany,Miniclip,Senior Engineering Manager,linkedin.com/in/damian-kozlowski-538,2024-05-18
CAND-0015,Vladislav,Petrov,vladislav.petrov@gmail.com,9568413953,Warsaw,Poland,SEB,FP&A Manager,linkedin.com/in/vladislav-petrov-183,2025-04-26
CAND-0016,Vaida,Levinskas,vaida.levinskas@protonmail.com,+1-772-542-3884x9696,Gdansk,Poland,King,Head of Engineering,,2024-06-05
CAND-0017,Jonas,Radzevicius,jonas.radzevicius@gmail.com,(387)810-1226,Warsaw,Poland,Danske Bank,Senior Data Analyst,,2024-06-16
CAND-0018,Aleksander,Kovacs,aleksander.kovacs@yahoo.com,(897)484-8018x4514,Gdansk,Poland,Swedbank,Performance Marketing Manager,linkedin.com/in/aleksander-kovacs-891,2024-11-04
CAND-0019,Anastasia,Fedorov,anastasia.fedorov@gmail.com,704.482.8148x932,Kaunas,Lithuania,Danske Bank,Lead UX Researcher,linkedin.com/in/anastasia-fedorov-530,2025-05-16
CAND-0020,Gabija,Stonkus,gabija.stonkus@outlook.com,+1-680-595-7015,Krakow,Poland,Freelance,Senior FP&A Analyst,linkedin.com/in/gabija-stonkus-945,2024-10-01
CAND-0021,Piotr,Kowalczyk,piotr.kowalczyk@outlook.com,4399117182,Berlin,Germany,Miniclip,Compensation and Benefits Analyst,,2024-07-05
CAND-0022,Tomasz,Lewandowski,tomasz.lewandowski@gmail.com,,London,United Kingdom,Personio,Senior Frontend Engineer,linkedin.com/in/tomasz-lewandowski-837,2025-02-20
CAND-0023,Joanna,Szymanski,joanna.szymanski@protonmail.com,+1-624-889-6383,Berlin,Germany,Playtika,Product Designer,linkedin.com/in/joanna-szymanski-413,2025-01-12
CAND-0024,Natalia,Kozlowski,natalia.kozlowski@yahoo.com,+1-557-287-1331x50983,London,United Kingdom,Personio,Financial Analyst,,2024-11-19
CAND-0025,Greta,Gudas,greta.gudas@gmail.com,603-910-5183,Warsaw,Poland,EA Games,Head of Finance,linkedin.com/in/greta-gudas-469,2024-07-02
CAND-0026,Karolina,Kowalczyk,karolina.kowalczyk@gmail.com,,Krakow,Poland,Adform,Legal Counsel,linkedin.com/in/karolina-kowalczyk-580,2025-05-05
CAND-0027,Mateusz,Kowalczyk,mateusz.kowalczyk@outlook.com,582.399.7376,Vilnius,Lithuania,DXC Technology,Senior Product Manager,linkedin.com/in/mateusz-kowalczyk-930,2024-11-07
CAND-0028,Vilius,Levinskas,vilius.levinskas@yahoo.com,865-766-7010,Hamburg,Germany,EPAM Systems,HR Business Partner,linkedin.com/in/vilius-levinskas-857,2024-04-11
CAND-0029,Nikita,Kovacs,nikita.kovacs@protonmail.com,633-938-7262,Warsaw,Poland,Paddle,Product Designer,linkedin.com/in/nikita-kovacs-708,2025-04-26
CAND-0030,Mindaugas,Daunoras,mindaugas.daunoras@gmail.com,517.481.0801,Wroclaw,Poland,Jam City,Senior CRM Manager,linkedin.com/in/mindaugas-daunoras-252,2024-09-29
CAND-0031,Jack,Walker,jack.walker@gmail.com,(977)436-0260x64746,Riga,Latvia,Devbridge,Compliance Specialist,linkedin.com/in/jack-walker-378,2025-05-27
CAND-0032,Bohdan,Kovalenko,bohdan.kovalenko@outlook.com,243.909.8050,Tallinn,Estonia,Playtika,UX Researcher,,2024-01-22
CAND-0033,Mirela,Fedorov,mirela.fedorov@gmail.com,,Vilnius,Lithuania,TrueLayer,Head of Legal,,2025-03-22
CAND-0034,Natalia,Oliynyk,natalia.oliynyk@gmail.com,582.208.1219x13619,Warsaw,Poland,Nord Security,Analytics Engineer,linkedin.com/in/natalia-oliynyk-510,2024-02-07
CAND-0035,Adam,Nowak,adam.nowak@outlook.com,,Riga,Latvia,Wargaming,Senior Legal Counsel,linkedin.com/in/adam-nowak-737,2025-05-25
CAND-0036,Iryna,Tkachenko,iryna.tkachenko@yahoo.com,+1-816-499-8543x534,Warsaw,Poland,DXC Technology,UX Researcher,linkedin.com/in/iryna-tkachenko-345,2024-06-11
CAND-0037,Rafal,Nowak,rafal.nowak@gmail.com,,Hamburg,Germany,LMT,Senior Product Designer,linkedin.com/in/rafal-nowak-833,2024-10-25
CAND-0038,Mykhailo,Oliynyk,mykhailo.oliynyk@outlook.com,+1-647-451-0799x11838,Krakow,Poland,SEB,Senior Marketing Manager,,2024-10-09
CAND-0039,Emma,Clark,emma.clark@yahoo.com,(613)354-2784x980,Vilnius,Lithuania,EPAM Systems,Senior Legal Manager,linkedin.com/in/emma-clark-453,2024-12-06
CAND-0040,Svitlana,Kravchenko,svitlana.kravchenko@gmail.com,,Warsaw,Poland,SEB,Senior Marketing Manager,linkedin.com/in/svitlana-kravchenko-862,2025-04-29
CAND-0041,Hannah,Richter,hannah.richter@protonmail.com,,Berlin,Germany,King,Data Scientist,,2025-03-26
CAND-0042,Inga,Stonkus,inga.stonkus@outlook.com,,Gdansk,Poland,Bolt,Compliance Manager,linkedin.com/in/inga-stonkus-809,2025-02-11
CAND-0043,Mariya,Shevchuk,mariya.shevchuk@outlook.com,,Tallinn,Estonia,DXC Technology,Senior Frontend Engineer,linkedin.com/in/mariya-shevchuk-394,2024-08-20
CAND-0044,Jonas,Koch,jonas.koch@protonmail.com,(541)718-2449,Vilnius,Lithuania,Revolut,Senior Finance Manager,linkedin.com/in/jonas-koch-157,2024-10-27
CAND-0045,Krzysztof,Wozniak,krzysztof.wozniak@outlook.com,248.274.0164,Riga,Latvia,Revolut,Analytics Engineer,linkedin.com/in/krzysztof-wozniak-346,2025-05-24
CAND-0046,Tiberiu,Kovacs,tiberiu.kovacs@outlook.com,724-427-8680x11280,Vilnius,Lithuania,LMT,Senior Financial Analyst,linkedin.com/in/tiberiu-kovacs-453,2024-11-02
CAND-0047,Ivan,Oliynyk,ivan.oliynyk@gmail.com,(420)545-0533x15869,Kaunas,Lithuania,Cognizant,UX Researcher,linkedin.com/in/ivan-oliynyk-402,2024-10-29
CAND-0048,Egle,Mockus,egle.mockus@gmail.com,(426)302-5634,London,United Kingdom,Vinted,Senior Legal Manager,,2024-08-23
CAND-0049,Yaroslav,Bondarenko,yaroslav.bondarenko@yahoo.com,(707)633-7543x3036,Kyiv,Ukraine,,,linkedin.com/in/yaroslav-bondarenko-240,2024-04-09
CAND-0050,Mirela,Smirnov,mirela.smirnov@gmail.com,645-486-8501,Kyiv,Ukraine,Pipedrive,FP&A Analyst,linkedin.com/in/mirela-smirnov-235,2025-01-09
CAND-0051,Oksana,Tkachenko,oksana.tkachenko@outlook.com,,Warsaw,Poland,CGI,Senior Product Manager,linkedin.com/in/oksana-tkachenko-331,2025-02-10
CAND-0052,Zsuzsanna,Ionescu,zsuzsanna.ionescu@outlook.com,001-340-819-6556,Krakow,Poland,LMT,Trust and Safety Lead,linkedin.com/in/zsuzsanna-ionescu-490,2025-01-15
CAND-0053,Tomas,Noreika,tomas.noreika@gmail.com,,Warsaw,Poland,Bolt,Head of Compliance,linkedin.com/in/tomas-noreika-219,2024-05-23
CAND-0054,Rokas,Paulauskas,rokas.paulauskas@gmail.com,001-734-806-0883,Krakow,Poland,SEB,Senior Compliance Manager,linkedin.com/in/rokas-paulauskas-844,2024-06-07
CAND-0055,Kinga,Fedorov,kinga.fedorov@outlook.com,,Warsaw,Poland,Danske Bank,Senior Growth Manager,,2024-04-11
CAND-0056,Rafal,Popescu,rafal.popescu@outlook.com,759-851-4846,Gdansk,Poland,LMT,Senior Product Manager,linkedin.com/in/rafal-popescu-441,2024-09-06
CAND-0057,Oksana,Ionescu,oksana.ionescu@yahoo.com,001-248-623-6629x946,Vilnius,Lithuania,N26,Trust and Safety Lead,linkedin.com/in/oksana-ionescu-979,2024-05-28
CAND-0058,Daria,Ionescu,daria.ionescu@protonmail.com,,Vilnius,Lithuania,Atea,Senior Growth Manager,linkedin.com/in/daria-ionescu-153,2024-05-09
CAND-0059,Nicole,Schmidt,nicole.schmidt@outlook.com,336-699-5777x3872,Kaunas,Lithuania,EA Games,Senior Product Designer,,2024-02-14
CAND-0060,Katharina,Schulz,katharina.schulz@gmail.com,395.913.4332x00379,Gdansk,Poland,Vinted,Senior Legal Manager,linkedin.com/in/katharina-schulz-602,2025-03-30
CAND-0061,Matas,Jankauskas,matas.jankauskas@gmail.com,(993)267-6320x16328,Tallinn,Estonia,Paddle,Partner Operations Manager,linkedin.com/in/matas-jankauskas-719,2025-03-16
CAND-0062,Jolanta,Ambrazas,jolanta.ambrazas@outlook.com,,Kaunas,Lithuania,LMT,HR Business Partner,linkedin.com/in/jolanta-ambrazas-420,2024-09-18
CAND-0063,Maciej,Nowak,maciej.nowak@gmail.com,,Vilnius,Lithuania,Nord Security,Operations Manager,linkedin.com/in/maciej-nowak-675,2024-12-03
CAND-0064,Michael,Hartmann,michael.hartmann@protonmail.com,+1-731-972-7889,Warsaw,Poland,EPAM Systems,Trust and Safety Analyst,linkedin.com/in/michael-hartmann-772,2025-05-08
CAND-0065,Saulius,Paulauskas,saulius.paulauskas@gmail.com,+1-986-587-2774x348,Riga,Latvia,Paddle,Staff Engineer,,2024-09-30
CAND-0066,Mindaugas,Stankus,mindaugas.stankus@gmail.com,571-843-4558x122,Amsterdam,Netherlands,Ubisoft,HR Business Partner,linkedin.com/in/mindaugas-stankus-643,2024-08-08
CAND-0067,Kamil,Lewandowski,kamil.lewandowski@gmail.com,001-823-816-6587x603,Kyiv,Ukraine,Ubisoft,Senior Product Lead,linkedin.com/in/kamil-lewandowski-732,2024-02-20
CAND-0068,Michael,Becker,michael.becker@yahoo.com,001-590-996-7054x66889,Warsaw,Poland,Barclays Technology,Senior Product Manager,linkedin.com/in/michael-becker-794,2025-05-13
CAND-0069,Mykola,Kovalchuk,mykola.kovalchuk@yahoo.com,946.470.6562,Vilnius,Lithuania,Delivery Hero,Analytics Manager,linkedin.com/in/mykola-kovalchuk-107,2025-05-24
CAND-0070,Stefan,Schulz,stefan.schulz@protonmail.com,+1-280-669-9016x272,Krakow,Poland,,,,2024-03-14
CAND-0071,Natalia,Kowalski,natalia.kowalski@outlook.com,,Amsterdam,Netherlands,Ubisoft,Senior TA Specialist,linkedin.com/in/natalia-kowalski-514,2024-01-22
CAND-0072,Janos,Smirnov,janos.smirnov@protonmail.com,,Vilnius,Lithuania,Nord Security,Senior Performance Marketer,linkedin.com/in/janos-smirnov-505,2024-11-13
CAND-0073,Julian,Schmidt,julian.schmidt@yahoo.com,(253)775-5646x4170,Krakow,Poland,Zalando,Operations Specialist,linkedin.com/in/julian-schmidt-249,2024-09-19
CAND-0074,Viktorija,Butkus,viktorija.butkus@protonmail.com,510.403.3092,Kyiv,Ukraine,EA Games,Compliance Manager,,2024-11-19
CAND-0075,Erikas,Rimkus,erikas.rimkus@gmail.com,319.237.4529x9124,Kaunas,Lithuania,Bolt,Senior Financial Analyst,linkedin.com/in/erikas-rimkus-951,2024-10-20
CAND-0076,Viktorija,Kairys,viktorija.kairys@outlook.com,296-763-1931x4919,Krakow,Poland,King,Head of Legal,linkedin.com/in/viktorija-kairys-587,2025-05-28
CAND-0077,Jonas,Stankus,jonas.stankus@protonmail.com,+1-365-818-5067,Tallinn,Estonia,King,Growth Lead,linkedin.com/in/jonas-stankus-724,2024-06-11
CAND-0078,Natalia,Zielinski,natalia.zielinski@gmail.com,(672)762-8498x776,Vilnius,Lithuania,Jam City,Customer Support Specialist,linkedin.com/in/natalia-zielinski-495,2024-10-17
CAND-0079,Agne,Stankus,agne.stankus@gmail.com,714.273.7996,Vilnius,Lithuania,Atea,Finance Director,linkedin.com/in/agne-stankus-825,2024-03-27
CAND-0080,Adam,Mazur,adam.mazur@gmail.com,552.373.5454x9480,Riga,Latvia,TrueLayer,Principal Product Manager,linkedin.com/in/adam-mazur-118,2025-01-06
CAND-0081,Monika,Jankowski,monika.jankowski@outlook.com,367.683.7770,Kharkiv,Ukraine,Tesonet,Product Manager,linkedin.com/in/monika-jankowski-652,2025-06-23
CAND-0082,Matas,Zukauskas,matas.zukauskas@gmail.com,763.849.5788,Riga,Latvia,Miniclip,Senior Data Analyst,linkedin.com/in/matas-zukauskas-792,2024-08-31
CAND-0083,Kinga,Toth,kinga.toth@yahoo.com,001-485-557-4443x1351,Gdansk,Poland,Cognizant,Brand Manager,,2025-04-17
CAND-0084,Hannah,Thomas,hannah.thomas@outlook.com,,Riga,Latvia,Zynga,Senior Analytics Manager,linkedin.com/in/hannah-thomas-995,2025-01-15
CAND-0085,Mykhailo,Shevchuk,mykhailo.shevchuk@gmail.com,674.598.9413,Kyiv,Ukraine,Personio,Head of Legal,,2024-04-03
CAND-0086,Tiberiu,Ivanov,tiberiu.ivanov@gmail.com,(924)308-2400x842,Kaunas,Lithuania,Danske Bank,Growth Manager,linkedin.com/in/tiberiu-ivanov-128,2024-11-22
CAND-0087,Zsuzsanna,Nagy,zsuzsanna.nagy@gmail.com,6949777520,Hamburg,Germany,Cognizant,Analytics Manager,linkedin.com/in/zsuzsanna-nagy-105,2024-03-22
CAND-0088,Matas,Noreika,matas.noreika@protonmail.com,616-371-9022,Kaunas,Lithuania,Devbridge,Growth Manager,linkedin.com/in/matas-noreika-754,2025-04-13
CAND-0089,Lina,Noreika,lina.noreika@gmail.com,818.969.9938,Krakow,Poland,Tesonet,Management Accountant,linkedin.com/in/lina-noreika-684,2025-03-02
CAND-0090,Vaida,Jankauskas,vaida.jankauskas@yahoo.com,649.364.9909x133,Kyiv,Ukraine,Barclays Technology,DevOps Engineer,linkedin.com/in/vaida-jankauskas-496,2025-01-17
CAND-0091,Lukas,Urbonas,lukas.urbonas@gmail.com,(932)681-2067,Tallinn,Estonia,EA Games,Operations Analyst,linkedin.com/in/lukas-urbonas-933,2024-06-28
CAND-0092,Kinga,Nagy,kinga.nagy@gmail.com,5348471349,Kyiv,Ukraine,LMT,Backend Engineer,,2024-02-12
CAND-0093,Damian,Mazur,damian.mazur@yahoo.com,683-624-2102,Vilnius,Lithuania,Freelance,Growth Manager,,2024-12-05
CAND-0094,Aiste,Zukauskas,aiste.zukauskas@protonmail.com,217.846.4887x719,Gdansk,Poland,CGI,Senior Analytics Engineer,linkedin.com/in/aiste-zukauskas-916,2025-06-15
CAND-0095,Vilius,Jankauskas,vilius.jankauskas@outlook.com,001-459-940-1399x0490,Riga,Latvia,Checkout.com,Financial Analyst,linkedin.com/in/vilius-jankauskas-402,2024-11-09
CAND-0096,Karolina,Kozlowski,karolina.kozlowski@outlook.com,474.729.6717x56551,Vilnius,Lithuania,Atea,HR Business Partner,linkedin.com/in/karolina-kozlowski-752,2025-02-19
CAND-0097,Magdalena,Wisniewski,magdalena.wisniewski@gmail.com,(274)968-0715x45168,Tallinn,Estonia,Bite,Frontend Engineer,,2025-01-10
CAND-0098,Anna,Kaminski,anna.kaminski@gmail.com,(903)985-9770x34824,Wroclaw,Poland,Danske Bank,Legal Manager,linkedin.com/in/anna-kaminski-507,2024-11-17
CAND-0099,Dmytro,Kovalenko,dmytro.kovalenko@protonmail.com,809-332-4808,Berlin,Germany,Paddle,Product Designer,,2024-08-07
CAND-0100,Tiberiu,Toth,tiberiu.toth@gmail.com,817.912.7484,Vilnius,Lithuania,Wise,Head of Compliance,linkedin.com/in/tiberiu-toth-826,2024-03-07
CAND-0101,Ivan,Shevchenko,ivan.shevchenko@protonmail.com,737.682.6398x2146,London,United Kingdom,Wise,Senior Customer Support Specialist,,2024-05-22
CAND-0102,Vaida,Noreika,vaida.noreika@yahoo.com,9447997278,Riga,Latvia,Paddle,Senior Data Analyst,linkedin.com/in/vaida-noreika-507,2025-05-05
CAND-0103,Alina,Melnyk,alina.melnyk@gmail.com,,Tallinn,Estonia,Bite,Compliance Manager,linkedin.com/in/alina-melnyk-948,2024-07-05
CAND-0104,William,Clark,william.clark@gmail.com,,Berlin,Germany,EPAM Systems,Data Engineer,linkedin.com/in/william-clark-631,2024-10-17
CAND-0105,Bence,Kovacs,bence.kovacs@gmail.com,988-867-5339x63605,Tallinn,Estonia,Pipedrive,Senior Data Engineer,linkedin.com/in/bence-kovacs-739,2024-12-11
CAND-0106,Elena,Ionescu,elena.ionescu@gmail.com,,Kyiv,Ukraine,SumUp,Growth Lead,linkedin.com/in/elena-ionescu-131,2025-05-24
CAND-0107,Mirela,Smirnov,mirela.smirnov1@gmail.com,,London,United Kingdom,EPAM Systems,Legal Counsel,linkedin.com/in/mirela-smirnov-525,2025-05-10
CAND-0108,Bartosz,Lewandowski,bartosz.lewandowski@protonmail.com,(227)402-8951x7187,Lviv,Ukraine,Atea,L&D Specialist,linkedin.com/in/bartosz-lewandowski-208,2024-11-22
CAND-0109,Erikas,Levinskas,erikas.levinskas@gmail.com,(221)374-5961x58657,Warsaw,Poland,SEB,Talent Acquisition Specialist,,2024-11-16
CAND-0110,Dovydas,Daunoras,dovydas.daunoras@outlook.com,,Berlin,Germany,Pipedrive,Senior HR Business Partner,linkedin.com/in/dovydas-daunoras-461,2024-02-19
CAND-0111,Lina,Rimkus,lina.rimkus@yahoo.com,643.216.1172,Vilnius,Lithuania,Adform,Senior FP&A Analyst,linkedin.com/in/lina-rimkus-510,2024-02-22
CAND-0112,Taras,Tkachenko,taras.tkachenko@gmail.com,8504455623,Berlin,Germany,Paddle,Finance Manager,linkedin.com/in/taras-tkachenko-199,2025-02-07
CAND-0113,Ewelina,Wisniewski,ewelina.wisniewski@gmail.com,(421)596-9379,Kaunas,Lithuania,King,Junior QA Engineer,,2025-06-15
CAND-0114,Aleksandra,Wisniewski,aleksandra.wisniewski@gmail.com,,Warsaw,Poland,Swedbank,Senior FP&A Analyst,,2024-11-02
CAND-0115,Adam,Dabrowska,adam.dabrowska@gmail.com,,Krakow,Poland,Jam City,Senior Mobile Engineer,,2024-08-21
CAND-0116,Laura,Schulz,laura.schulz@protonmail.com,647.840.7482x175,Kyiv,Ukraine,SEB,Data Engineering Manager,linkedin.com/in/laura-schulz-817,2024-04-22
CAND-0117,Vilius,Stonkus,vilius.stonkus@outlook.com,001-647-643-6713x695,Kaunas,Lithuania,Miniclip,Senior Legal Manager,,2025-06-15
CAND-0118,Rokas,Kairys,rokas.kairys@outlook.com,5647090974,Vilnius,Lithuania,Checkout.com,Partner Operations Manager,linkedin.com/in/rokas-kairys-296,2024-09-09
CAND-0119,Mindaugas,Rimkus,mindaugas.rimkus@protonmail.com,239.742.1047,London,United Kingdom,Accenture,Senior Compliance Manager,linkedin.com/in/mindaugas-rimkus-687,2025-01-23
CAND-0120,Rafal,Nagy,rafal.nagy@gmail.com,001-621-445-6232x8588,Gdansk,Poland,Pipedrive,Senior Operations Manager,,2024-08-07
CAND-0121,Laura,Stonkus,laura.stonkus@gmail.com,374-851-7123x685,Krakow,Poland,Contentful,Security Engineer,linkedin.com/in/laura-stonkus-338,2024-02-23
CAND-0122,Rokas,Paulauskas,rokas.paulauskas@protonmail.com,,Vilnius,Lithuania,Paddle,Senior Analytics Engineer,linkedin.com/in/rokas-paulauskas-304,2024-10-21
CAND-0123,Ewelina,Nowak,ewelina.nowak@protonmail.com,7483175496,Krakow,Poland,King,Senior Data Engineer,,2024-02-07
CAND-0124,Tiberiu,Nagy,tiberiu.nagy@protonmail.com,,Wroclaw,Poland,King,QA Engineer,linkedin.com/in/tiberiu-nagy-443,2024-10-18
CAND-0125,Aleksandra,Szymanski,aleksandra.szymanski@gmail.com,,Berlin,Germany,Zalando,Principal Product Manager,linkedin.com/in/aleksandra-szymanski-835,2024-07-09
CAND-0126,Mindaugas,Radzevicius,mindaugas.radzevicius@protonmail.com,,Vilnius,Lithuania,Jam City,TA Manager,linkedin.com/in/mindaugas-radzevicius-785,2024-04-07
CAND-0127,Rytis,Levinskas,rytis.levinskas@gmail.com,+1-437-209-8593x17461,Warsaw,Poland,Personio,Senior Customer Support Specialist,linkedin.com/in/rytis-levinskas-468,2024-08-29
CAND-0128,Mindaugas,Butkus,mindaugas.butkus@outlook.com,9477113826,Wroclaw,Poland,EPAM Systems,Lead UX Researcher,linkedin.com/in/mindaugas-butkus-326,2024-08-12
CAND-0129,Tiberiu,Fedorov,tiberiu.fedorov@gmail.com,+1-986-992-6179x64053,Krakow,Poland,Cognizant,Marketing Manager,linkedin.com/in/tiberiu-fedorov-640,2025-01-05
CAND-0130,Ruta,Noreika,ruta.noreika@yahoo.com,551.358.5064,Krakow,Poland,Revolut,Customer Support Manager,linkedin.com/in/ruta-noreika-310,2025-05-15
CAND-0131,Ruta,Daunoras,ruta.daunoras@gmail.com,513.590.0532x931,Berlin,Germany,Vinted,Compliance Manager,,2025-02-09
CAND-0132,Domantas,Radzevicius,domantas.radzevicius@gmail.com,652.490.4228,Kaunas,Lithuania,Bolt,Senior Engineering Manager,,2025-04-28
CAND-0133,Matas,Ambrazas,matas.ambrazas@gmail.com,,Kaunas,Lithuania,SEB,Talent Acquisition Specialist,linkedin.com/in/matas-ambrazas-456,2024-05-01
CAND-0134,Agne,Levinskas,agne.levinskas@gmail.com,,Lviv,Ukraine,LMT,Senior HR Business Partner,linkedin.com/in/agne-levinskas-454,2024-06-07
CAND-0135,Monika,Petrauskas,monika.petrauskas@protonmail.com,402-605-3950,Kyiv,Ukraine,Playtika,Growth Manager,linkedin.com/in/monika-petrauskas-557,2024-02-19
CAND-0136,Erikas,Levinskas,erikas.levinskas@yahoo.com,3269811775,Amsterdam,Netherlands,Vinted,Data Scientist,linkedin.com/in/erikas-levinskas-849,2024-11-22
CAND-0137,Tetyana,Bondarenko,tetyana.bondarenko@gmail.com,,Lviv,Ukraine,TrueLayer,Senior Performance Marketer,linkedin.com/in/tetyana-bondarenko-705,2024-06-28
CAND-0138,Volodymyr,Kovalenko,volodymyr.kovalenko@gmail.com,,London,United Kingdom,TrueLayer,Senior Operations Specialist,linkedin.com/in/volodymyr-kovalenko-485,2024-07-07
CAND-0139,Matthew,Brown,matthew.brown@gmail.com,,Vilnius,Lithuania,LMT,Senior DevOps Engineer,linkedin.com/in/matthew-brown-237,2025-02-01
CAND-0140,Lukas,Daunoras,lukas.daunoras@gmail.com,939.308.4700x76617,London,United Kingdom,Zalando,Platform Engineer,linkedin.com/in/lukas-daunoras-140,2024-03-15
CAND-0141,Jolanta,Grigas,jolanta.grigas@gmail.com,,Warsaw,Poland,Wargaming,Head of Growth,,2025-05-05
CAND-0142,Oksana,Petrov,oksana.petrov@gmail.com,759-821-2499,Kyiv,Ukraine,SEB,Senior Compliance Manager,linkedin.com/in/oksana-petrov-468,2025-06-09
CAND-0143,Tiberiu,Ivanov,tiberiu.ivanov1@gmail.com,+1-984-578-9611x836,Kaunas,Lithuania,Ubisoft,Marketing Manager,linkedin.com/in/tiberiu-ivanov-698,2025-03-03
CAND-0144,Edvinas,Zukauskas,edvinas.zukauskas@yahoo.com,,Berlin,Germany,Freelance,Fraud Analyst,,2025-05-17
CAND-0145,Monika,Wisniewski,monika.wisniewski@gmail.com,(357)366-1565x45271,Berlin,Germany,Checkout.com,Senior Backend Engineer,,2024-02-19
CAND-0146,Matthew,Hughes,matthew.hughes@gmail.com,761-352-8098,Vilnius,Lithuania,Delivery Hero,Senior Compliance Manager,linkedin.com/in/matthew-hughes-116,2024-01-07
CAND-0147,Oleksiy,Shevchuk,oleksiy.shevchuk@protonmail.com,(556)304-9451x98327,Lviv,Ukraine,Playtika,HR Manager,linkedin.com/in/oleksiy-shevchuk-198,2025-06-20
CAND-0148,Dovydas,Mockus,dovydas.mockus@gmail.com,(285)614-9368x998,Kaunas,Lithuania,Danske Bank,Senior HR Business Partner,,2024-08-19
CAND-0149,Viktorija,Petrauskas,viktorija.petrauskas@gmail.com,8243455022,Kaunas,Lithuania,Cognizant,Staff Engineer,linkedin.com/in/viktorija-petrauskas-611,2025-03-20
CAND-0150,Mykhailo,Melnyk,mykhailo.melnyk@yahoo.com,,Warsaw,Poland,Ubisoft,Senior Legal Counsel,linkedin.com/in/mykhailo-melnyk-387,2024-02-03
CAND-0151,Inga,Gudas,inga.gudas@yahoo.com,(401)783-6675,Riga,Latvia,Swedbank,UX Researcher,linkedin.com/in/inga-gudas-954,2025-02-02
CAND-0152,Hannah,Koch,hannah.koch@protonmail.com,859-991-0229x0147,Lviv,Ukraine,Pipedrive,Operations Analyst,linkedin.com/in/hannah-koch-177,2024-12-14
CAND-0153,Alina,Kovalchuk,alina.kovalchuk@gmail.com,+1-976-643-8156x149,Warsaw,Poland,Bite,Senior Compliance Manager,linkedin.com/in/alina-kovalchuk-796,2025-01-24
CAND-0154,Kristina,Jankauskas,kristina.jankauskas@gmail.com,4366900343,Kaunas,Lithuania,Jam City,Data Scientist,linkedin.com/in/kristina-jankauskas-193,2024-01-06
CAND-0155,Vladislav,Ionescu,vladislav.ionescu@gmail.com,751-307-6226x8388,Kaunas,Lithuania,Paddle,HR Business Partner,linkedin.com/in/vladislav-ionescu-195,2024-11-28
CAND-0156,Marius,Petrov,marius.petrov@gmail.com,(306)807-1596x9664,Krakow,Poland,Contentful,Senior Data Engineer,linkedin.com/in/marius-petrov-408,2024-10-01
CAND-0157,Rafal,Kowalczyk,rafal.kowalczyk@outlook.com,5528975161,Kyiv,Ukraine,Danske Bank,Senior Finance Manager,linkedin.com/in/rafal-kowalczyk-300,2025-04-13
CAND-0158,Tadas,Stankus,tadas.stankus@yahoo.com,001-468-316-4535,Amsterdam,Netherlands,Bite,Operations Specialist,linkedin.com/in/tadas-stankus-717,2024-07-24
CAND-0159,Damian,Lewandowski,damian.lewandowski@gmail.com,418.383.5523x12432,Tallinn,Estonia,Ubisoft,CRM Manager,,2025-02-06
CAND-0160,Agnieszka,Kaminski,agnieszka.kaminski@yahoo.com,(777)499-7995,Kyiv,Ukraine,Playtika,Head of Legal,linkedin.com/in/agnieszka-kaminski-398,2024-03-11
CAND-0161,Charlotte,Hughes,charlotte.hughes@outlook.com,917.974.4905x814,Warsaw,Poland,SumUp,Senior Analytics Engineer,linkedin.com/in/charlotte-hughes-712,2025-05-05
CAND-0162,Halyna,Kovalchuk,halyna.kovalchuk@yahoo.com,8059411998,Gdansk,Poland,Checkout.com,Product Manager,linkedin.com/in/halyna-kovalchuk-463,2024-06-19
CAND-0163,Yaroslav,Boyko,yaroslav.boyko@protonmail.com,001-480-279-3597,Kyiv,Ukraine,Telia,Associate Product Manager,linkedin.com/in/yaroslav-boyko-864,2025-06-15
CAND-0164,Iryna,Oliynyk,iryna.oliynyk@gmail.com,415.718.2037x788,Kyiv,Ukraine,EA Games,Data Analyst,linkedin.com/in/iryna-oliynyk-402,2025-03-01
CAND-0165,Andrei,Ivanov,andrei.ivanov@gmail.com,(846)665-9051x518,Kyiv,Ukraine,TrueLayer,Senior Legal Counsel,linkedin.com/in/andrei-ivanov-813,2025-04-08
CAND-0166,Michal,Kowalski,michal.kowalski@gmail.com,392-651-9254x629,London,United Kingdom,Revolut,Senior CRM Manager,linkedin.com/in/michal-kowalski-673,2025-03-12
CAND-0167,Marius,Nagy,marius.nagy@gmail.com,+1-265-728-1685,Kaunas,Lithuania,Playtika,Senior Performance Marketer,linkedin.com/in/marius-nagy-821,2024-08-07
CAND-0168,Viktorija,Radzevicius,viktorija.radzevicius@gmail.com,,Krakow,Poland,Danske Bank,Customer Support Specialist,linkedin.com/in/viktorija-radzevicius-983,2025-05-16
CAND-0169,Alina,Kovalchuk,alina.kovalchuk@yahoo.com,223-757-3322x1418,Vilnius,Lithuania,Atea,Compliance Manager,,2024-03-27
CAND-0170,Alexander,Weber,alexander.weber@gmail.com,001-592-996-2229x27065,London,United Kingdom,Barclays Technology,Talent Acquisition Specialist,linkedin.com/in/alexander-weber-533,2024-07-09
CAND-0171,Magdalena,Wisniewski,magdalena.wisniewski@yahoo.com,+1-947-638-3473x597,Warsaw,Poland,Wise,Operations Manager,,2024-01-10
CAND-0172,Damian,Wozniak,damian.wozniak@yahoo.com,001-368-386-2392x40758,Kaunas,Lithuania,DXC Technology,Senior TA Specialist,linkedin.com/in/damian-wozniak-184,2024-02-01
CAND-0173,James,Taylor,james.taylor@gmail.com,812-247-8261x3750,Vilnius,Lithuania,LMT,Senior Legal Counsel,linkedin.com/in/james-taylor-374,2025-01-10
CAND-0174,Larysa,Lytovchenko,larysa.lytovchenko@outlook.com,(485)236-1530x5152,Lviv,Ukraine,Nord Security,Growth Manager,linkedin.com/in/larysa-lytovchenko-456,2024-03-30
CAND-0175,Marcin,Jankowski,marcin.jankowski@protonmail.com,872-377-9010x4328,Kaunas,Lithuania,Miniclip,Talent Acquisition Specialist,,2024-07-30
CAND-0176,Hannah,Taylor,hannah.taylor@yahoo.com,001-243-541-0369x71179,Warsaw,Poland,Devbridge,Senior Financial Analyst,linkedin.com/in/hannah-taylor-868,2025-02-25
CAND-0177,Andrei,Toth,andrei.toth@gmail.com,001-724-360-9539x621,Riga,Latvia,Swedbank,Compliance Specialist,linkedin.com/in/andrei-toth-484,2025-04-07
CAND-0178,Viktorija,Zukauskas,viktorija.zukauskas@yahoo.com,388.788.0670x65405,London,United Kingdom,Danske Bank,Head of Compliance,linkedin.com/in/viktorija-zukauskas-989,2024-04-05
CAND-0179,Christian,Hartmann,christian.hartmann@gmail.com,,Kaunas,Lithuania,Telia,Senior Performance Marketer,,2024-12-11
CAND-0180,Mykhailo,Oliynyk,mykhailo.oliynyk@gmail.com,,Kyiv,Ukraine,King,Principal Product Manager,linkedin.com/in/mykhailo-oliynyk-978,2024-06-10
CAND-0181,Rafal,Wojcik,rafal.wojcik@protonmail.com,,Hamburg,Germany,EPAM Systems,Senior Analytics Manager,linkedin.com/in/rafal-wojcik-469,2024-09-13
CAND-0182,Greta,Petrauskas,greta.petrauskas@outlook.com,419.952.0585,London,United Kingdom,N26,Senior HR Business Partner,linkedin.com/in/greta-petrauskas-588,2024-03-20
CAND-0183,Erikas,Kazlauskas,erikas.kazlauskas@gmail.com,001-772-621-7043x030,Riga,Latvia,Telia,Senior Data Engineer,linkedin.com/in/erikas-kazlauskas-848,2024-04-14
CAND-0184,Mindaugas,Stonkus,mindaugas.stonkus@outlook.com,,Kyiv,Ukraine,Adform,Data Analyst,linkedin.com/in/mindaugas-stonkus-268,2025-03-26
CAND-0185,Bartosz,Zielinski,bartosz.zielinski@yahoo.com,868.874.0345x05415,Amsterdam,Netherlands,Pipedrive,Product Manager,linkedin.com/in/bartosz-zielinski-493,2024-12-25
CAND-0186,Andrei,Toth,andrei.toth1@gmail.com,001-876-452-7758x4161,Warsaw,Poland,Zynga,Finance Manager,,2024-11-04
CAND-0187,Jolanta,Zukauskas,jolanta.zukauskas@gmail.com,+1-845-411-5447,Kyiv,Ukraine,Contentful,Senior Legal Counsel,linkedin.com/in/jolanta-zukauskas-708,2024-03-13
CAND-0188,Tetyana,Kravchenko,tetyana.kravchenko@gmail.com,001-775-470-5964x016,Riga,Latvia,Luminor,Operations Specialist,,2024-03-15
CAND-0189,Gintaras,Gudas,gintaras.gudas@gmail.com,,Wroclaw,Poland,Swedbank,Senior FP&A Analyst,linkedin.com/in/gintaras-gudas-511,2024-03-25
CAND-0190,Oksana,Tkachenko,oksana.tkachenko@gmail.com,7298702135,Berlin,Germany,Delivery Hero,Senior Analytics Engineer,linkedin.com/in/oksana-tkachenko-881,2024-03-08
CAND-0191,Krzysztof,Kowalski,krzysztof.kowalski@gmail.com,001-409-727-5571,Kaunas,Lithuania,LMT,Platform Engineer,linkedin.com/in/krzysztof-kowalski-279,2024-05-02
CAND-0192,Tomas,Butkus,tomas.butkus@outlook.com,,Krakow,Poland,SumUp,BI Analyst,,2024-04-30
CAND-0193,Daniel,Evans,daniel.evans@gmail.com,(654)931-0278x6814,Warsaw,Poland,Ubisoft,Lead UX Researcher,linkedin.com/in/daniel-evans-979,2024-06-19
CAND-0194,Michal,Kaminski,michal.kaminski@protonmail.com,494.973.1217,Warsaw,Poland,Barclays Technology,Junior Backend Engineer,linkedin.com/in/michal-kaminski-583,2025-01-07
CAND-0195,Mateusz,Wozniak,mateusz.wozniak@protonmail.com,455-718-8442,Kaunas,Lithuania,Accenture,Senior CRM Manager,linkedin.com/in/mateusz-wozniak-945,2024-03-20
CAND-0196,Yaroslav,Kovalenko,yaroslav.kovalenko@gmail.com,431.332.3705x89578,Berlin,Germany,King,Compensation and Benefits Analyst,,2024-11-14
CAND-0197,Anna,Lewandowski,anna.lewandowski@gmail.com,446-778-6691,Kyiv,Ukraine,Miniclip,Senior CRM Manager,,2024-07-19
CAND-0198,Sandra,Fischer,sandra.fischer@gmail.com,+1-217-378-5289x2268,Kaunas,Lithuania,N26,Trust and Safety Lead,,2024-12-09
CAND-0199,Neringa,Paulauskas,neringa.paulauskas@gmail.com,624.422.5358x41438,Warsaw,Poland,DXC Technology,Head of Engineering,,2024-04-05
CAND-0200,Dovydas,Ambrazas,dovydas.ambrazas@protonmail.com,,Berlin,Germany,Pipedrive,Principal Product Manager,linkedin.com/in/dovydas-ambrazas-681,2024-03-04
CAND-0201,Agnieszka,Kowalczyk,agnieszka.kowalczyk@gmail.com,,Wroclaw,Poland,Swedbank,Partner Operations Manager,linkedin.com/in/agnieszka-kowalczyk-307,2024-05-19
CAND-0202,Olivia,Jones,olivia.jones@gmail.com,+1-749-281-8299x2299,Warsaw,Poland,TransferGo,Senior Operations Manager,linkedin.com/in/olivia-jones-574,2024-09-28
CAND-0203,Vladislav,Fedorov,vladislav.fedorov@gmail.com,2109943969,Amsterdam,Netherlands,Tesonet,Group Product Manager,linkedin.com/in/vladislav-fedorov-150,2024-11-02
CAND-0204,Tadas,Daunoras,tadas.daunoras@yahoo.com,+1-884-947-3647x1027,Warsaw,Poland,LMT,Product Lead,linkedin.com/in/tadas-daunoras-163,2024-08-15
CAND-0205,Vaida,Jankauskas,vaida.jankauskas1@yahoo.com,335.792.5556x258,Hamburg,Germany,Bolt,VP of Engineering,,2025-03-30
CAND-0206,Matthew,Robinson,matthew.robinson@gmail.com,671.847.3210,Wroclaw,Poland,Vinted,Senior Analytics Manager,,2025-02-08
CAND-0207,Rafal,Wisniewski,rafal.wisniewski@gmail.com,+1-963-625-9532x787,Vilnius,Lithuania,Personio,Senior Legal Manager,linkedin.com/in/rafal-wisniewski-731,2024-09-08
CAND-0208,Daryna,Oliynyk,daryna.oliynyk@gmail.com,901.968.7339x5004,Kaunas,Lithuania,Luminor,Senior CRM Manager,linkedin.com/in/daryna-oliynyk-921,2024-01-20
CAND-0209,Zsuzsanna,Smirnov,zsuzsanna.smirnov@yahoo.com,,Kaunas,Lithuania,Ubisoft,Operations Specialist,linkedin.com/in/zsuzsanna-smirnov-711,2024-08-12
CAND-0210,Laura,Petrauskas,laura.petrauskas@outlook.com,580-716-2456x5060,Kyiv,Ukraine,N26,Data Engineer,linkedin.com/in/laura-petrauskas-935,2024-02-27
CAND-0211,Mia,Robinson,mia.robinson@outlook.com,+1-341-468-7849,Riga,Latvia,Wise,BI Analyst,,2025-01-02
CAND-0212,Rafal,Fedorov,rafal.fedorov@yahoo.com,865-258-5239,Wroclaw,Poland,DXC Technology,Financial Analyst,linkedin.com/in/rafal-fedorov-338,2024-08-12
CAND-0213,Rytis,Gudas,rytis.gudas@gmail.com,4027578729,Vilnius,Lithuania,Accenture,Junior Frontend Engineer,,2025-06-22
CAND-0214,Zsuzsanna,Petrov,zsuzsanna.petrov@yahoo.com,+1-652-969-4958x887,Warsaw,Poland,Adform,Senior Analytics Engineer,,2025-05-13
CAND-0215,Taras,Lytovchenko,taras.lytovchenko@yahoo.com,,Warsaw,Poland,EA Games,BI Analyst,linkedin.com/in/taras-lytovchenko-846,2024-01-02
CAND-0216,Petra,Fedorov,petra.fedorov@gmail.com,9556169409,Warsaw,Poland,Miniclip,Senior Growth Manager,,2024-05-24
CAND-0217,Filip,Lewandowski,filip.lewandowski@gmail.com,+1-299-330-9728x9623,Gdansk,Poland,,,linkedin.com/in/filip-lewandowski-443,2025-04-02
CAND-0218,Lukas,Urbonas,lukas.urbonas1@gmail.com,,London,United Kingdom,Vinted,Compensation and Benefits Analyst,,2025-02-27
CAND-0219,Damian,Nowak,damian.nowak@outlook.com,,Krakow,Poland,N26,Senior Data Analyst,linkedin.com/in/damian-nowak-426,2024-09-24
CAND-0220,Andrei,Petrov,andrei.petrov@gmail.com,907.256.2636,Krakow,Poland,Pipedrive,Trust and Safety Lead,,2024-02-01
CAND-0221,Weronika,Zielinski,weronika.zielinski@gmail.com,001-728-738-5786x527,Warsaw,Poland,Zalando,Senior TA Specialist,linkedin.com/in/weronika-zielinski-404,2024-08-31
CAND-0222,Rokas,Stonkus,rokas.stonkus@gmail.com,+1-749-973-3484x34437,Kaunas,Lithuania,Devbridge,Legal Counsel,linkedin.com/in/rokas-stonkus-753,2024-10-25
CAND-0223,Mikhail,Kovacs,mikhail.kovacs@outlook.com,(284)641-9866x524,Hamburg,Germany,SumUp,Principal Product Manager,linkedin.com/in/mikhail-kovacs-490,2025-01-13
CAND-0224,Erikas,Daunoras,erikas.daunoras@gmail.com,001-415-374-7338x484,Warsaw,Poland,Vinted,Data Engineering Manager,linkedin.com/in/erikas-daunoras-452,2025-02-27
CAND-0225,Ioana,Popescu,ioana.popescu@outlook.com,,Kaunas,Lithuania,Checkout.com,Senior Legal Counsel,linkedin.com/in/ioana-popescu-180,2025-02-08
CAND-0226,Ioana,Fedorov,ioana.fedorov@yahoo.com,,London,United Kingdom,Miniclip,Analytics Engineer,linkedin.com/in/ioana-fedorov-271,2024-08-04
CAND-0227,Thomas,Jones,thomas.jones@protonmail.com,+1-993-330-8330x165,Kharkiv,Ukraine,Jam City,Analytics Manager,linkedin.com/in/thomas-jones-844,2024-03-09
CAND-0228,Simona,Mockus,simona.mockus@yahoo.com,+1-520-282-6773x45401,Amsterdam,Netherlands,Miniclip,Talent Acquisition Specialist,linkedin.com/in/simona-mockus-702,2024-04-12
CAND-0229,Anastasia,Kovacs,anastasia.kovacs@yahoo.com,,Amsterdam,Netherlands,SumUp,Senior TA Specialist,linkedin.com/in/anastasia-kovacs-382,2025-02-16
CAND-0230,Egle,Petrauskas,egle.petrauskas@outlook.com,,Warsaw,Poland,Contentful,Senior Mobile Engineer,,2024-01-21
CAND-0231,Katarzyna,Kowalczyk,katarzyna.kowalczyk@outlook.com,,London,United Kingdom,N26,Analytics Engineer,,2024-11-24
CAND-0232,Lukas,Gudas,lukas.gudas@outlook.com,(262)606-7240,Riga,Latvia,DXC Technology,Operations Manager,linkedin.com/in/lukas-gudas-826,2025-06-02
CAND-0233,Aleksandra,Kaminski,aleksandra.kaminski@gmail.com,001-491-954-7887,Amsterdam,Netherlands,Zalando,DevOps Engineer,linkedin.com/in/aleksandra-kaminski-469,2024-07-22
CAND-0234,Egle,Paulauskas,egle.paulauskas@protonmail.com,531-452-7420x549,Kaunas,Lithuania,Zynga,Compliance Specialist,linkedin.com/in/egle-paulauskas-458,2024-12-18
CAND-0235,Viktorija,Rimkus,viktorija.rimkus@gmail.com,+1-566-285-1612x275,Vilnius,Lithuania,Ubisoft,Senior Marketing Manager,linkedin.com/in/viktorija-rimkus-375,2025-02-23
CAND-0236,Larysa,Boyko,larysa.boyko@gmail.com,563-274-5499x045,Vilnius,Lithuania,Wise,QA Engineer,,2024-11-08
CAND-0237,Sophie,Wagner,sophie.wagner@outlook.com,,Berlin,Germany,Delivery Hero,Senior Compliance Manager,linkedin.com/in/sophie-wagner-107,2025-06-07
CAND-0238,Zsuzsanna,Kuznetsov,zsuzsanna.kuznetsov@protonmail.com,+1-417-942-6841x45933,Warsaw,Poland,Nord Security,Compliance Specialist,linkedin.com/in/zsuzsanna-kuznetsov-982,2024-10-10
CAND-0239,Neringa,Gudas,neringa.gudas@gmail.com,(579)356-8783,Warsaw,Poland,Vinted,Senior HR Business Partner,,2025-05-24
CAND-0240,Marius,Petrov,marius.petrov@outlook.com,478.751.9108x83982,Krakow,Poland,Ubisoft,Performance Marketing Manager,linkedin.com/in/marius-petrov-753,2025-05-02
CAND-0241,Ioana,Kovacs,ioana.kovacs@gmail.com,,Amsterdam,Netherlands,Wise,Financial Analyst,,2024-07-06
CAND-0242,Anastasia,Toth,anastasia.toth@gmail.com,971.239.7187x07286,Amsterdam,Netherlands,Luminor,Partner Operations Manager,linkedin.com/in/anastasia-toth-220,2025-04-26
CAND-0243,Viktorija,Grigas,viktorija.grigas@gmail.com,+1-374-206-4039,Amsterdam,Netherlands,SEB,Financial Analyst,linkedin.com/in/viktorija-grigas-305,2024-12-16
CAND-0244,Paulina,Wisniewski,paulina.wisniewski@gmail.com,,Vilnius,Lithuania,Pipedrive,Senior Legal Counsel,linkedin.com/in/paulina-wisniewski-159,2024-01-05
CAND-0245,Kamil,Kaminski,kamil.kaminski@gmail.com,(851)980-1704x62265,Kyiv,Ukraine,Pipedrive,Senior Analytics Engineer,linkedin.com/in/kamil-kaminski-588,2025-01-27
CAND-0246,Vaida,Kazlauskas,vaida.kazlauskas@gmail.com,,Krakow,Poland,Playtika,Senior Frontend Engineer,linkedin.com/in/vaida-kazlauskas-998,2024-12-18
CAND-0247,Lukasz,Wisniewski,lukasz.wisniewski@gmail.com,,Warsaw,Poland,Devbridge,Compliance Manager,linkedin.com/in/lukasz-wisniewski-803,2024-05-17
CAND-0248,Monika,Jankowski,monika.jankowski@gmail.com,(261)282-5128x6823,Hamburg,Germany,Swedbank,Platform Engineer,,2024-08-04
CAND-0249,Laura,Schmidt,laura.schmidt@gmail.com,378-268-6337x5243,Riga,Latvia,SEB,Finance Manager,linkedin.com/in/laura-schmidt-149,2024-04-20
CAND-0250,Jonas,Wagner,jonas.wagner@outlook.com,+1-269-803-3119x07903,Krakow,Poland,Cognizant,Data Analyst,linkedin.com/in/jonas-wagner-777,2024-04-13
CAND-0251,Leon,Wagner,leon.wagner@gmail.com,738.530.2843x959,Tallinn,Estonia,Devbridge,Group Product Manager,linkedin.com/in/leon-wagner-304,2024-09-26
CAND-0252,Zsuzsanna,Petrov,zsuzsanna.petrov@gmail.com,928-236-4408x9268,Krakow,Poland,Delivery Hero,Senior Legal Counsel,linkedin.com/in/zsuzsanna-petrov-191,2024-04-23
CAND-0253,Daria,Ionescu,daria.ionescu@yahoo.com,(568)556-6246x287,London,United Kingdom,SumUp,Senior Performance Marketer,linkedin.com/in/daria-ionescu-151,2024-04-12
CAND-0254,Isabelle,Taylor,isabelle.taylor@gmail.com,,Warsaw,Poland,TransferGo,Senior Product Lead,linkedin.com/in/isabelle-taylor-241,2024-06-23
CAND-0255,Weronika,Kowalczyk,weronika.kowalczyk@protonmail.com,527-708-6688x2634,Riga,Latvia,Wise,Principal Product Manager,linkedin.com/in/weronika-kowalczyk-494,2025-05-04
CAND-0256,Lily,Williams,lily.williams@gmail.com,+1-317-551-8304x6990,London,United Kingdom,Revolut,Principal Product Manager,,2025-03-24
CAND-0257,Saulius,Kazlauskas,saulius.kazlauskas@protonmail.com,,London,United Kingdom,Adform,Head of Legal,,2025-03-27
CAND-0258,Rytis,Kazlauskas,rytis.kazlauskas@protonmail.com,,Krakow,Poland,Ubisoft,Head of Marketing,linkedin.com/in/rytis-kazlauskas-804,2024-04-07
CAND-0259,Paulina,Lewandowski,paulina.lewandowski@protonmail.com,001-598-837-3540x33173,Kaunas,Lithuania,Paddle,Junior Frontend Engineer,linkedin.com/in/paulina-lewandowski-580,2025-05-22
CAND-0260,Tiberiu,Ivanov,tiberiu.ivanov2@gmail.com,685.746.7854,Warsaw,Poland,Barclays Technology,Senior Performance Marketer,linkedin.com/in/tiberiu-ivanov-340,2024-03-21
CAND-0261,Paulina,Nowak,paulina.nowak@outlook.com,277.617.5355x60932,Vilnius,Lithuania,DXC Technology,DevOps Engineer,linkedin.com/in/paulina-nowak-662,2024-01-01
CAND-0262,Mia,Hughes,mia.hughes@gmail.com,,Krakow,Poland,Freelance,Head of Compliance,,2024-08-16
CAND-0263,Janos,Fedorov,janos.fedorov@outlook.com,+1-899-564-2353,Kaunas,Lithuania,Bite,UX Researcher,linkedin.com/in/janos-fedorov-449,2024-12-29
CAND-0264,Amy,Thomas,amy.thomas@yahoo.com,485.247.7725x2287,Vilnius,Lithuania,Revolut,Compliance Specialist,linkedin.com/in/amy-thomas-725,2024-07-19
CAND-0265,Egle,Gudas,egle.gudas@outlook.com,,Vilnius,Lithuania,CGI,Product Lead,,2024-05-06
CAND-0266,Liam,Roberts,liam.roberts@yahoo.com,701.200.6231x20387,Berlin,Germany,TrueLayer,Senior DevOps Engineer,,2025-05-09
CAND-0267,Daria,Fedorov,daria.fedorov@gmail.com,+1-697-670-0886x008,Vilnius,Lithuania,SEB,Fraud Analyst,linkedin.com/in/daria-fedorov-723,2024-09-11
CAND-0268,Neringa,Daunoras,neringa.daunoras@gmail.com,5866211823,Tallinn,Estonia,Barclays Technology,FP&A Manager,,2024-08-10
CAND-0269,Neringa,Urbonas,neringa.urbonas@protonmail.com,(246)315-6793x341,London,United Kingdom,Wise,Senior Operations Specialist,linkedin.com/in/neringa-urbonas-696,2025-03-03
CAND-0270,Lea,Weber,lea.weber@outlook.com,,Krakow,Poland,Playtika,HR Business Partner,linkedin.com/in/lea-weber-868,2024-06-13
CAND-0271,Daria,Popescu,daria.popescu@protonmail.com,,Vilnius,Lithuania,Checkout.com,DevOps Engineer,linkedin.com/in/daria-popescu-988,2024-08-17
CAND-0272,Sarah,Schulz,sarah.schulz@protonmail.com,(366)287-0021x7659,London,United Kingdom,SEB,L&D Specialist,,2024-02-25
CAND-0273,Erikas,Levinskas,erikas.levinskas@protonmail.com,239.474.0148,Tallinn,Estonia,EA Games,Marketing Manager,linkedin.com/in/erikas-levinskas-281,2024-03-17
CAND-0274,Dovydas,Paulauskas,dovydas.paulauskas@outlook.com,703-892-6142x93968,Warsaw,Poland,SumUp,BI Analyst,linkedin.com/in/dovydas-paulauskas-577,2024-06-07
CAND-0275,Ruta,Rimkus,ruta.rimkus@outlook.com,,Krakow,Poland,Bolt,Operations Specialist,linkedin.com/in/ruta-rimkus-905,2025-06-01
CAND-0276,Egle,Jankauskas,egle.jankauskas@gmail.com,001-821-785-0163x15999,Vilnius,Lithuania,CGI,Operations Specialist,,2025-06-27
CAND-0277,Ewelina,Dabrowska,ewelina.dabrowska@gmail.com,4478735866,Kaunas,Lithuania,Contentful,Head of Marketing,linkedin.com/in/ewelina-dabrowska-915,2024-04-26
CAND-0278,Katarzyna,Kowalski,katarzyna.kowalski@yahoo.com,,Kaunas,Lithuania,Barclays Technology,Senior Compliance Manager,,2024-07-16
CAND-0279,Michal,Wisniewski,michal.wisniewski@yahoo.com,494-831-1426,Tallinn,Estonia,Delivery Hero,Senior Marketing Manager,,2024-07-29
CAND-0280,Halyna,Marchenko,halyna.marchenko@outlook.com,951-810-4754x12126,Wroclaw,Poland,Tesonet,Senior Mobile Engineer,linkedin.com/in/halyna-marchenko-175,2024-02-25
CAND-0281,Lukas,Radzevicius,lukas.radzevicius@gmail.com,,Kaunas,Lithuania,Bite,HR Business Partner,linkedin.com/in/lukas-radzevicius-221,2025-07-01
CAND-0282,Viktorija,Radzevicius,viktorija.radzevicius1@gmail.com,801-258-1995,Vilnius,Lithuania,Barclays Technology,UX Researcher,linkedin.com/in/viktorija-radzevicius-188,2024-10-15
CAND-0283,Thomas,Robinson,thomas.robinson@protonmail.com,666-618-3982x6224,Vilnius,Lithuania,N26,Data Scientist,,2024-05-27
CAND-0284,Vaida,Kazlauskas,vaida.kazlauskas@yahoo.com,,Vilnius,Lithuania,King,Senior DevOps Engineer,linkedin.com/in/vaida-kazlauskas-187,2024-11-08
CAND-0285,Vaida,Gudas,vaida.gudas@outlook.com,,Amsterdam,Netherlands,Tesonet,BI Analyst,linkedin.com/in/vaida-gudas-285,2024-02-25
CAND-0286,Ioana,Smirnov,ioana.smirnov@protonmail.com,921.526.4647x1543,Warsaw,Poland,Bolt,Management Accountant,linkedin.com/in/ioana-smirnov-438,2024-12-31
CAND-0287,Monika,Rimkus,monika.rimkus@yahoo.com,812.440.6596x575,Vilnius,Lithuania,DXC Technology,Senior Compliance Manager,linkedin.com/in/monika-rimkus-256,2025-01-08
CAND-0288,Olivia,Smith,olivia.smith@gmail.com,759-837-5265x4793,Warsaw,Poland,Freelance,L&D Specialist,linkedin.com/in/olivia-smith-850,2024-12-05
CAND-0289,Rafal,Kovacs,rafal.kovacs@outlook.com,565-919-3982x807,Vilnius,Lithuania,Zynga,Senior Product Lead,,2024-07-20
CAND-0290,Viktorija,Jankauskas,viktorija.jankauskas@gmail.com,,Tallinn,Estonia,EA Games,HR Manager,,2024-09-23
CAND-0291,Mariya,Marchenko,mariya.marchenko@gmail.com,916-872-4342x6617,Warsaw,Poland,EA Games,Management Accountant,linkedin.com/in/mariya-marchenko-506,2025-01-07
CAND-0292,Larysa,Moroz,larysa.moroz@protonmail.com,+1-386-580-5891,Berlin,Germany,Bite,Data Engineer,,2025-05-10
CAND-0293,Tiberiu,Toth,tiberiu.toth1@gmail.com,+1-552-990-9656x10143,Warsaw,Poland,,,linkedin.com/in/tiberiu-toth-910,2025-01-04
CAND-0294,Anna,Kowalski,anna.kowalski@protonmail.com,(367)398-2507x146,London,United Kingdom,TrueLayer,FP&A Manager,linkedin.com/in/anna-kowalski-683,2024-06-27
CAND-0295,Piotr,Wozniak,piotr.wozniak@gmail.com,001-925-745-7387x5717,Hamburg,Germany,TrueLayer,L&D Specialist,linkedin.com/in/piotr-wozniak-593,2024-01-07
CAND-0296,Andriy,Bondarenko,andriy.bondarenko@gmail.com,440-410-5123,Warsaw,Poland,Tesonet,Data Analyst,linkedin.com/in/andriy-bondarenko-524,2024-12-04
CAND-0297,Philipp,Becker,philipp.becker@gmail.com,886-873-6226x60937,Tallinn,Estonia,Luminor,Frontend Engineer,linkedin.com/in/philipp-becker-264,2024-05-17
CAND-0298,Bohdan,Shevchenko,bohdan.shevchenko@gmail.com,7337419182,Wroclaw,Poland,TrueLayer,Senior HR Business Partner,,2024-10-17
CAND-0299,Janos,Smirnov,janos.smirnov@outlook.com,871.347.8596,Riga,Latvia,Zynga,Data Engineering Manager,linkedin.com/in/janos-smirnov-623,2024-09-27
CAND-0300,Gabija,Radzevicius,gabija.radzevicius@gmail.com,(557)692-4991x251,Kaunas,Lithuania,Nord Security,QA Engineer,linkedin.com/in/gabija-radzevicius-946,2024-06-02
CAND-0301,Oleh,Moroz,oleh.moroz@yahoo.com,825-828-6692,Kyiv,Ukraine,Barclays Technology,UX Researcher,linkedin.com/in/oleh-moroz-717,2024-01-02
CAND-0302,Petra,Kuznetsov,petra.kuznetsov@outlook.com,(478)728-2742,Vilnius,Lithuania,TrueLayer,Compensation and Benefits Analyst,,2025-01-25
CAND-0303,Ewelina,Mazur,ewelina.mazur@protonmail.com,890.950.7236x887,Kaunas,Lithuania,SumUp,Legal Manager,linkedin.com/in/ewelina-mazur-997,2025-02-22
CAND-0304,Tomas,Radzevicius,tomas.radzevicius@yahoo.com,(477)921-9034x04384,Vilnius,Lithuania,Freelance,Senior Performance Marketer,linkedin.com/in/tomas-radzevicius-209,2024-06-07
CAND-0305,Katarzyna,Mazur,katarzyna.mazur@yahoo.com,001-778-281-9148,Kaunas,Lithuania,Personio,TA Manager,linkedin.com/in/katarzyna-mazur-670,2025-05-09
CAND-0306,Lina,Mockus,lina.mockus@gmail.com,001-378-536-1340x74517,Kyiv,Ukraine,Swedbank,Data Engineering Manager,,2025-04-02
CAND-0307,Sophie,Brown,sophie.brown@yahoo.com,595.296.2923,Warsaw,Poland,Paddle,Platform Engineer,linkedin.com/in/sophie-brown-193,2024-05-28
CAND-0308,Marta,Nowak,marta.nowak@gmail.com,001-658-649-8254,Vilnius,Lithuania,King,Senior HR Manager,linkedin.com/in/marta-nowak-633,2024-10-20
CAND-0309,Sandra,Hartmann,sandra.hartmann@gmail.com,412.660.4223x25367,Kaunas,Lithuania,Zalando,Management Accountant,linkedin.com/in/sandra-hartmann-815,2024-08-25
CAND-0310,Tetyana,Bondarenko,tetyana.bondarenko@protonmail.com,+1-266-371-1684x5775,Vilnius,Lithuania,Personio,Compensation and Benefits Analyst,linkedin.com/in/tetyana-bondarenko-305,2025-06-14
CAND-0311,Viktorija,Noreika,viktorija.noreika@gmail.com,001-775-418-6363x7454,Krakow,Poland,EA Games,Partner Operations Manager,linkedin.com/in/viktorija-noreika-299,2025-04-10
CAND-0312,Mirela,Nagy,mirela.nagy@outlook.com,001-475-900-1701,Krakow,Poland,Barclays Technology,Financial Analyst,,2024-09-20
CAND-0313,Mirela,Smirnov,mirela.smirnov@outlook.com,706.432.4241x541,Kyiv,Ukraine,CGI,Legal Manager,linkedin.com/in/mirela-smirnov-364,2024-03-10
CAND-0314,Agnieszka,Dabrowska,agnieszka.dabrowska@protonmail.com,9643361103,Warsaw,Poland,Atea,Senior Mobile Engineer,linkedin.com/in/agnieszka-dabrowska-195,2025-02-12
CAND-0315,Anna,Schulz,anna.schulz@gmail.com,(893)487-0051,Kaunas,Lithuania,Ubisoft,Management Accountant,linkedin.com/in/anna-schulz-294,2025-05-25
CAND-0316,Alexander,Hartmann,alexander.hartmann@gmail.com,413.361.1155x4262,Vilnius,Lithuania,Contentful,Customer Support Specialist,linkedin.com/in/alexander-hartmann-180,2025-05-19
CAND-0317,Daryna,Kovalenko,daryna.kovalenko@outlook.com,390.492.7532x69731,Warsaw,Poland,Ubisoft,Senior FP&A Analyst,linkedin.com/in/daryna-kovalenko-868,2024-05-11
CAND-0318,Lina,Noreika,lina.noreika1@gmail.com,001-619-265-6523x41389,Kaunas,Lithuania,Wise,Head of Compliance,linkedin.com/in/lina-noreika-108,2024-01-13
CAND-0319,Jonas,Meyer,jonas.meyer@gmail.com,+1-543-989-8364x03761,Warsaw,Poland,Paddle,FP&A Analyst,,2024-12-17
CAND-0320,Agnieszka,Zielinski,agnieszka.zielinski@protonmail.com,,Kaunas,Lithuania,Swedbank,Senior Financial Analyst,,2024-08-22
CAND-0321,Lily,Brown,lily.brown@yahoo.com,+1-491-980-5526x9658,Kaunas,Lithuania,Tesonet,Senior Data Analyst,linkedin.com/in/lily-brown-611,2024-05-17
CAND-0322,Ioana,Kuznetsov,ioana.kuznetsov@protonmail.com,001-810-891-0430x06848,Berlin,Germany,SumUp,Platform Engineer,linkedin.com/in/ioana-kuznetsov-320,2024-09-17
CAND-0323,Paulina,Kozlowski,paulina.kozlowski@gmail.com,001-561-488-9241x418,Kaunas,Lithuania,Paddle,FP&A Analyst,linkedin.com/in/paulina-kozlowski-988,2024-07-22
CAND-0324,Daryna,Shevchenko,daryna.shevchenko@gmail.com,+1-556-391-4630,London,United Kingdom,DXC Technology,Senior Legal Manager,linkedin.com/in/daryna-shevchenko-574,2024-05-28
CAND-0325,Zsuzsanna,Petrov,zsuzsanna.petrov@protonmail.com,(717)699-0421x02027,Kaunas,Lithuania,Bolt,Product Manager,linkedin.com/in/zsuzsanna-petrov-768,2024-10-25
CAND-0326,Hannah,Weber,hannah.weber@outlook.com,,Wroclaw,Poland,EA Games,Senior Legal Counsel,,2024-05-08
CAND-0327,Nicole,Bauer,nicole.bauer@protonmail.com,(352)641-0564,Vilnius,Lithuania,Nord Security,Product Designer,linkedin.com/in/nicole-bauer-126,2025-02-10
CAND-0328,Ivan,Moroz,ivan.moroz@gmail.com,001-491-677-8507x925,Wroclaw,Poland,SEB,Management Accountant,linkedin.com/in/ivan-moroz-741,2024-05-09
CAND-0329,Inga,Petrauskas,inga.petrauskas@protonmail.com,001-419-413-8000x30756,Hamburg,Germany,Cognizant,Head of Compliance,linkedin.com/in/inga-petrauskas-238,2024-06-30
CAND-0330,Artem,Boyko,artem.boyko@yahoo.com,3867353654,Tallinn,Estonia,Checkout.com,Senior Finance Manager,linkedin.com/in/artem-boyko-924,2024-04-01
CAND-0331,Tomasz,Wisniewski,tomasz.wisniewski@gmail.com,980-623-8061,Krakow,Poland,Adform,Senior Customer Support Specialist,linkedin.com/in/tomasz-wisniewski-603,2025-05-03
CAND-0332,Neringa,Levinskas,neringa.levinskas@gmail.com,001-945-718-7053x49493,Vilnius,Lithuania,Paddle,Talent Acquisition Specialist,,2025-02-03
CAND-0333,Oliver,Evans,oliver.evans@protonmail.com,001-573-783-2060,Kyiv,Ukraine,Miniclip,Management Accountant,linkedin.com/in/oliver-evans-375,2025-02-26
CAND-0334,Matas,Rimkus,matas.rimkus@gmail.com,+1-405-606-4138x3670,Tallinn,Estonia,Personio,Legal Counsel,linkedin.com/in/matas-rimkus-647,2024-01-23
CAND-0335,Gintaras,Stonkus,gintaras.stonkus@protonmail.com,303-486-5719,Vilnius,Lithuania,Pipedrive,Junior Data Analyst,linkedin.com/in/gintaras-stonkus-419,2025-05-25
CAND-0336,Aleksander,Ivanov,aleksander.ivanov@gmail.com,,Gdansk,Poland,Vinted,Finance Manager,linkedin.com/in/aleksander-ivanov-285,2024-07-15
CAND-0337,Marius,Popescu,marius.popescu@gmail.com,,London,United Kingdom,SEB,Senior Legal Counsel,linkedin.com/in/marius-popescu-852,2024-04-06
CAND-0338,Kateryna,Boyko,kateryna.boyko@gmail.com,,Vilnius,Lithuania,King,UX Researcher,linkedin.com/in/kateryna-boyko-469,2024-02-23
CAND-0339,Mikhail,Toth,mikhail.toth@protonmail.com,+1-761-799-0623x4456,Vilnius,Lithuania,Personio,Senior Product Designer,linkedin.com/in/mikhail-toth-143,2025-05-01
CAND-0340,Max,Fischer,max.fischer@gmail.com,943.713.2912x127,London,United Kingdom,CGI,Platform Engineer,linkedin.com/in/max-fischer-649,2024-04-19
CAND-0341,Saulius,Daunoras,saulius.daunoras@protonmail.com,(218)553-7474x11249,London,United Kingdom,Atea,Data Analyst,linkedin.com/in/saulius-daunoras-548,2024-10-28
CAND-0342,Alina,Shevchenko,alina.shevchenko@yahoo.com,521-335-6804x42067,Kyiv,Ukraine,Personio,Data Engineer,linkedin.com/in/alina-shevchenko-939,2024-09-26
CAND-0343,Viktor,Boyko,viktor.boyko@yahoo.com,612.310.0323x651,Vilnius,Lithuania,Playtika,Customer Support Lead,linkedin.com/in/viktor-boyko-164,2025-01-31
CAND-0344,Agne,Rimkus,agne.rimkus@gmail.com,9132721510,Warsaw,Poland,Nord Security,Product Manager,linkedin.com/in/agne-rimkus-132,2024-07-25
CAND-0345,Mantas,Radzevicius,mantas.radzevicius@protonmail.com,,Tallinn,Estonia,TrueLayer,Finance Analyst,linkedin.com/in/mantas-radzevicius-172,2024-01-14
CAND-0346,Tiberiu,Ionescu,tiberiu.ionescu@outlook.com,,Vilnius,Lithuania,Paddle,HR Manager,,2024-09-29
CAND-0347,Yulia,Melnyk,yulia.melnyk@gmail.com,,Vilnius,Lithuania,N26,Talent Acquisition Specialist,linkedin.com/in/yulia-melnyk-283,2025-03-01
CAND-0348,Jana,Meyer,jana.meyer@protonmail.com,(796)567-0662,London,United Kingdom,Nord Security,Analytics Manager,linkedin.com/in/jana-meyer-773,2024-06-10
CAND-0349,Tetyana,Kravchenko,tetyana.kravchenko@yahoo.com,,Warsaw,Poland,Danske Bank,TA Manager,,2024-11-27
CAND-0350,Iryna,Kovalchuk,iryna.kovalchuk@yahoo.com,,Warsaw,Poland,Bite,Head of Legal,,2024-10-18
CAND-0351,Yulia,Kovalenko,yulia.kovalenko@gmail.com,,Vilnius,Lithuania,Accenture,Engineering Manager,,2025-06-07
CAND-0352,Oksana,Melnyk,oksana.melnyk@gmail.com,(544)672-0999,Vilnius,Lithuania,SumUp,Operations Manager,linkedin.com/in/oksana-melnyk-930,2024-11-03
CAND-0353,Domantas,Jankauskas,domantas.jankauskas@protonmail.com,268.870.1462x6383,Berlin,Germany,DXC Technology,Lead UX Researcher,linkedin.com/in/domantas-jankauskas-927,2025-01-25
CAND-0354,Rytis,Urbonas,rytis.urbonas@outlook.com,001-257-787-5985x642,Amsterdam,Netherlands,N26,Staff Engineer,linkedin.com/in/rytis-urbonas-412,2025-06-20
CAND-0355,Agne,Stankus,agne.stankus@yahoo.com,+1-530-540-7859x321,Vilnius,Lithuania,Swedbank,Legal Manager,linkedin.com/in/agne-stankus-396,2025-02-07
CAND-0356,Rokas,Radzevicius,rokas.radzevicius@protonmail.com,780-239-6522x395,Kaunas,Lithuania,Pipedrive,Senior HR Business Partner,,2025-05-07
CAND-0357,Yaroslav,Moroz,yaroslav.moroz@gmail.com,001-259-392-9378x427,Kharkiv,Ukraine,TrueLayer,CRM Manager,,2024-11-27
CAND-0358,Anna,Richter,anna.richter@outlook.com,5394308705,Kaunas,Lithuania,Accenture,Customer Support Lead,,2024-06-22
CAND-0359,Kinga,Fedorov,kinga.fedorov@gmail.com,325-700-2921x85156,Wroclaw,Poland,N26,Senior Growth Manager,,2024-03-28
CAND-0360,Matas,Rimkus,matas.rimkus1@gmail.com,452-826-7528x9539,Riga,Latvia,EPAM Systems,Senior Compliance Manager,linkedin.com/in/matas-rimkus-650,2024-08-04
CAND-0361,Laura,Noreika,laura.noreika@outlook.com,542-320-9690x2959,Kharkiv,Ukraine,,,linkedin.com/in/laura-noreika-696,2025-06-23
CAND-0362,Mindaugas,Gudas,mindaugas.gudas@protonmail.com,525.513.5521x5704,Vilnius,Lithuania,Freelance,Platform Engineer,linkedin.com/in/mindaugas-gudas-972,2025-01-03
CAND-0363,Marius,Toth,marius.toth@outlook.com,001-915-841-0067x626,London,United Kingdom,Accenture,Senior Legal Manager,linkedin.com/in/marius-toth-612,2025-04-13
CAND-0364,Olena,Bondarenko,olena.bondarenko@yahoo.com,(286)717-9327x104,Berlin,Germany,Revolut,Mobile Engineer,linkedin.com/in/olena-bondarenko-409,2024-08-29
CAND-0365,Mirela,Popescu,mirela.popescu@protonmail.com,911-252-6218x159,Kaunas,Lithuania,Playtika,FP&A Analyst,,2024-05-20
CAND-0366,Edvinas,Ambrazas,edvinas.ambrazas@gmail.com,(629)662-0153x36884,Kaunas,Lithuania,EPAM Systems,Operations Specialist,linkedin.com/in/edvinas-ambrazas-241,2024-07-26
CAND-0367,Bence,Nagy,bence.nagy@outlook.com,,Lviv,Ukraine,Tesonet,Data Analyst,linkedin.com/in/bence-nagy-959,2024-05-29
CAND-0368,Hannah,Wagner,hannah.wagner@gmail.com,710.269.8720,Wroclaw,Poland,Jam City,Financial Analyst,linkedin.com/in/hannah-wagner-289,2024-01-27
CAND-0369,Amy,Roberts,amy.roberts@yahoo.com,(614)897-3103x24171,Tallinn,Estonia,N26,Platform Engineer,,2024-05-17
CAND-0370,Halyna,Boyko,halyna.boyko@gmail.com,674.918.6256x5270,Kaunas,Lithuania,Cognizant,Data Engineer,linkedin.com/in/halyna-boyko-882,2024-01-16
CAND-0371,Oksana,Toth,oksana.toth@gmail.com,543.249.0211x586,Wroclaw,Poland,Bite,Compliance Manager,,2025-03-13
CAND-0372,Damian,Kozlowski,damian.kozlowski1@gmail.com,(486)387-9374x1608,Wroclaw,Poland,Ubisoft,Senior DevOps Engineer,linkedin.com/in/damian-kozlowski-998,2024-02-13
CAND-0373,Bence,Petrov,bence.petrov1@protonmail.com,001-672-723-3206x16329,Kaunas,Lithuania,Jam City,DevOps Engineer,linkedin.com/in/bence-petrov-411,2024-10-19
CAND-0374,Mateusz,Kozlowski,mateusz.kozlowski@yahoo.com,,Berlin,Germany,Freelance,Legal Counsel,linkedin.com/in/mateusz-kozlowski-699,2024-05-18
CAND-0375,Jakub,Wisniewski,jakub.wisniewski@outlook.com,001-811-368-6854x8709,London,United Kingdom,Zalando,Compliance Specialist,linkedin.com/in/jakub-wisniewski-828,2024-06-16
CAND-0376,Jonas,Bauer,jonas.bauer@outlook.com,(622)899-9119x14856,Vilnius,Lithuania,SEB,Analytics Engineer,linkedin.com/in/jonas-bauer-274,2024-12-09
CAND-0377,Oksana,Shevchenko,oksana.shevchenko@gmail.com,+1-279-897-0246x2996,London,United Kingdom,Luminor,FP&A Analyst,linkedin.com/in/oksana-shevchenko-285,2024-04-30
CAND-0378,Elena,Fedorov,elena.fedorov@gmail.com,430-674-5054x44713,Berlin,Germany,DXC Technology,Senior DevOps Engineer,linkedin.com/in/elena-fedorov-702,2025-05-02
CAND-0379,Jakub,Wojcik,jakub.wojcik@yahoo.com,001-775-246-9137x3678,Tallinn,Estonia,Delivery Hero,Backend Engineer,linkedin.com/in/jakub-wojcik-137,2024-05-28
CAND-0380,Mirela,Ivanov,mirela.ivanov@gmail.com,521.248.6289x02330,Kaunas,Lithuania,Wise,Senior Data Engineer,,2025-01-03
CAND-0381,Vladislav,Ivanov,vladislav.ivanov@gmail.com,,Riga,Latvia,Telia,Product Manager,linkedin.com/in/vladislav-ivanov-980,2024-10-08
CAND-0382,Marcin,Kozlowski,marcin.kozlowski@gmail.com,705.934.5786x103,Vilnius,Lithuania,Jam City,Lead UX Researcher,linkedin.com/in/marcin-kozlowski-968,2024-11-20
CAND-0383,Vaida,Stonkus,vaida.stonkus@yahoo.com,+1-272-879-8552x414,Berlin,Germany,Jam City,Senior Legal Counsel,,2024-08-26
CAND-0384,Julia,Schmidt,julia.schmidt@gmail.com,2292333346,Riga,Latvia,Delivery Hero,L&D Specialist,linkedin.com/in/julia-schmidt-925,2024-08-05
CAND-0385,Mindaugas,Mockus,mindaugas.mockus@gmail.com,922.690.3494x4665,Berlin,Germany,Accenture,Mobile Engineer,linkedin.com/in/mindaugas-mockus-841,2024-01-30
CAND-0386,Rafal,Smirnov,rafal.smirnov@outlook.com,,Tallinn,Estonia,Cognizant,Data Scientist,linkedin.com/in/rafal-smirnov-933,2025-02-27
CAND-0387,Bence,Kovacs,bence.kovacs@yahoo.com,774.689.6910,Warsaw,Poland,Checkout.com,Platform Engineer,linkedin.com/in/bence-kovacs-914,2024-12-28
CAND-0388,Tomas,Stankus,tomas.stankus@outlook.com,517-215-4544x4328,Amsterdam,Netherlands,Ubisoft,HR Business Partner,,2024-11-11
CAND-0389,Felix,Weber,felix.weber@outlook.com,+1-565-720-7446x660,Amsterdam,Netherlands,Danske Bank,Senior Legal Manager,linkedin.com/in/felix-weber-409,2024-06-28
CAND-0390,Jolanta,Jankauskas,jolanta.jankauskas@outlook.com,001-438-675-8428x2417,Riga,Latvia,Barclays Technology,Analytics Engineer,,2025-06-20
CAND-0391,Michal,Mazur,michal.mazur@yahoo.com,001-682-951-3534x6554,Vilnius,Lithuania,King,Senior Legal Counsel,linkedin.com/in/michal-mazur-145,2024-03-30
CAND-0392,Marta,Wozniak,marta.wozniak@protonmail.com,370-899-9173,Vilnius,Lithuania,EPAM Systems,Performance Marketing Manager,linkedin.com/in/marta-wozniak-645,2024-11-22
CAND-0393,Amy,Williams,amy.williams@gmail.com,346.902.2356x97252,Vilnius,Lithuania,Miniclip,Product Designer,linkedin.com/in/amy-williams-377,2024-05-24
CAND-0394,Oksana,Nagy,oksana.nagy@gmail.com,825-800-7432x92712,Hamburg,Germany,Checkout.com,Legal Counsel,linkedin.com/in/oksana-nagy-791,2024-02-21
CAND-0395,Vilius,Zukauskas,vilius.zukauskas@gmail.com,(267)260-0835x0583,Hamburg,Germany,Jam City,Compliance Manager,linkedin.com/in/vilius-zukauskas-302,2025-06-30
CAND-0396,Gabija,Radzevicius,gabija.radzevicius1@gmail.com,+1-233-654-2168x9421,Riga,Latvia,LMT,Principal Product Manager,linkedin.com/in/gabija-radzevicius-329,2024-05-27
CAND-0397,Zsuzsanna,Petrov,zsuzsanna.petrov1@gmail.com,878-298-5625x7532,London,United Kingdom,Accenture,Senior Legal Counsel,linkedin.com/in/zsuzsanna-petrov-459,2025-05-05
CAND-0398,Filip,Kaminski,filip.kaminski@yahoo.com,732.230.9821,Vilnius,Lithuania,Nord Security,Customer Support Lead,,2025-06-29
CAND-0399,Agnieszka,Kaminski,agnieszka.kaminski@gmail.com,(848)390-9010x0167,Lviv,Ukraine,SEB,Principal Product Manager,,2025-03-21
CAND-0400,Artem,Bondarenko,artem.bondarenko@gmail.com,+1-647-423-0461,Vilnius,Lithuania,Ubisoft,Compliance Specialist,linkedin.com/in/artem-bondarenko-199,2025-03-31
CAND-0401,Viktorija,Paulauskas,viktorija.paulauskas@protonmail.com,,Kyiv,Ukraine,SEB,Senior Customer Support Specialist,linkedin.com/in/viktorija-paulauskas-936,2024-05-22
CAND-0402,Elena,Nagy,elena.nagy@protonmail.com,(518)791-4117x39348,Krakow,Poland,SEB,Compliance Specialist,linkedin.com/in/elena-nagy-913,2024-11-07
CAND-0403,Zsuzsanna,Ionescu,zsuzsanna.ionescu@yahoo.com,001-264-320-8737x530,Lviv,Ukraine,Swedbank,Data Engineering Manager,linkedin.com/in/zsuzsanna-ionescu-662,2024-02-24
CAND-0404,Vaida,Paulauskas,vaida.paulauskas@gmail.com,,Warsaw,Poland,EA Games,Senior TA Specialist,linkedin.com/in/vaida-paulauskas-545,2024-08-04
CAND-0405,Tim,Schulz,tim.schulz@outlook.com,,Kaunas,Lithuania,Luminor,Data Engineer,linkedin.com/in/tim-schulz-173,2024-01-17
CAND-0406,Aiste,Stonkus,aiste.stonkus@gmail.com,597-921-8114,Riga,Latvia,LMT,Senior TA Specialist,linkedin.com/in/aiste-stonkus-665,2025-04-05
CAND-0407,Rafal,Kaminski,rafal.kaminski@gmail.com,247-201-2045x5611,Amsterdam,Netherlands,Contentful,Management Accountant,linkedin.com/in/rafal-kaminski-134,2024-02-08
CAND-0408,Natalia,Moroz,natalia.moroz@outlook.com,,Vilnius,Lithuania,TrueLayer,Senior Financial Analyst,linkedin.com/in/natalia-moroz-724,2024-03-31
CAND-0409,Viktorija,Noreika,viktorija.noreika@yahoo.com,(725)457-9415,Vilnius,Lithuania,CGI,Security Engineer,,2024-12-05
CAND-0410,Ewelina,Kowalczyk,ewelina.kowalczyk@gmail.com,366-474-6762,London,United Kingdom,Zynga,Senior FP&A Analyst,linkedin.com/in/ewelina-kowalczyk-584,2024-06-22
CAND-0411,Yulia,Marchenko,yulia.marchenko@protonmail.com,001-702-216-9797x296,Warsaw,Poland,Pipedrive,Data Scientist,linkedin.com/in/yulia-marchenko-730,2024-10-14
CAND-0412,Jonas,Butkus,jonas.butkus@yahoo.com,+1-527-771-6701x45089,Tallinn,Estonia,Danske Bank,Data Engineer,linkedin.com/in/jonas-butkus-918,2025-06-24
CAND-0413,Mikhail,Nagy,mikhail.nagy@yahoo.com,,Vilnius,Lithuania,DXC Technology,HR Manager,linkedin.com/in/mikhail-nagy-843,2024-06-20
CAND-0414,Vaida,Petrauskas,vaida.petrauskas@protonmail.com,489.916.3756x28900,Riga,Latvia,Vinted,Senior Analytics Engineer,linkedin.com/in/vaida-petrauskas-864,2025-06-29
CAND-0415,Egle,Grigas,egle.grigas@gmail.com,821.575.3540x8386,Amsterdam,Netherlands,Wargaming,Senior Finance Manager,linkedin.com/in/egle-grigas-423,2025-06-26
CAND-0416,Christian,Hartmann,christian.hartmann@outlook.com,377-997-1775,Tallinn,Estonia,Personio,Senior Customer Support Specialist,linkedin.com/in/christian-hartmann-698,2025-02-04
CAND-0417,Agnieszka,Kozlowski,agnieszka.kozlowski@protonmail.com,001-501-966-0880x1994,Vilnius,Lithuania,CGI,Data Analyst,linkedin.com/in/agnieszka-kozlowski-951,2024-03-10
CAND-0418,Jonas,Daunoras,jonas.daunoras@gmail.com,550-237-5899x75711,Warsaw,Poland,Zalando,Junior Backend Engineer,linkedin.com/in/jonas-daunoras-708,2024-08-10
CAND-0419,Anastasia,Ionescu,anastasia.ionescu@yahoo.com,554-588-5102x72614,Tallinn,Estonia,Freelance,Senior Analytics Manager,linkedin.com/in/anastasia-ionescu-578,2024-03-18
CAND-0420,Yulia,Marchenko,yulia.marchenko@outlook.com,363-973-5160,London,United Kingdom,Accenture,Financial Analyst,linkedin.com/in/yulia-marchenko-163,2025-01-26
CAND-0421,Katarzyna,Wisniewski,katarzyna.wisniewski@outlook.com,498.427.0808x697,Lviv,Ukraine,Zalando,Compensation and Benefits Analyst,linkedin.com/in/katarzyna-wisniewski-653,2025-03-17
CAND-0422,Gabija,Mockus,gabija.mockus@gmail.com,001-821-769-9586x6934,Vilnius,Lithuania,SumUp,Compliance Specialist,linkedin.com/in/gabija-mockus-755,2024-01-01
CAND-0423,Mirela,Nagy,mirela.nagy@protonmail.com,572-626-9848x5833,Kaunas,Lithuania,Wargaming,Senior Compliance Manager,,2024-03-12
CAND-0424,Artem,Marchenko,artem.marchenko@outlook.com,+1-652-828-8515x87996,Krakow,Poland,Atea,Senior Operations Specialist,linkedin.com/in/artem-marchenko-762,2024-04-02
CAND-0425,Monika,Nowak,monika.nowak@outlook.com,,Warsaw,Poland,Zalando,Senior Analytics Engineer,linkedin.com/in/monika-nowak-406,2025-02-03
CAND-0426,Zsuzsanna,Smirnov,zsuzsanna.smirnov@gmail.com,,Kaunas,Lithuania,Zalando,Junior Data Analyst,,2024-09-01
CAND-0427,Lukasz,Szymanski,lukasz.szymanski@yahoo.com,,Riga,Latvia,Playtika,Mobile Engineer,,2024-02-13
CAND-0428,Pawel,Dabrowska,pawel.dabrowska@yahoo.com,6814062003,Krakow,Poland,Bolt,Senior DevOps Engineer,linkedin.com/in/pawel-dabrowska-582,2024-02-16
CAND-0429,Inga,Butkus,inga.butkus@protonmail.com,542-804-3805x7198,Warsaw,Poland,Nord Security,Legal Manager,,2024-04-18
CAND-0430,Kristina,Jankauskas,kristina.jankauskas1@gmail.com,284.206.6658,Riga,Latvia,Swedbank,Trust and Safety Analyst,linkedin.com/in/kristina-jankauskas-240,2024-11-25
CAND-0431,Elena,Fedorov,elena.fedorov1@gmail.com,001-943-497-3598x9334,Vilnius,Lithuania,Tesonet,L&D Specialist,linkedin.com/in/elena-fedorov-549,2024-09-06
CAND-0432,Mikhail,Fedorov,mikhail.fedorov@outlook.com,,Vilnius,Lithuania,DXC Technology,Junior Product Designer,,2024-10-17
CAND-0433,Ewelina,Szymanski,ewelina.szymanski@protonmail.com,+1-612-228-1606x48422,Vilnius,Lithuania,Personio,Senior Legal Counsel,linkedin.com/in/ewelina-szymanski-138,2024-07-03
CAND-0434,Anna,Richter,anna.richter@gmail.com,372-702-5909x47985,Vilnius,Lithuania,Contentful,Brand Manager,,2025-01-05
CAND-0435,Tiberiu,Toth,tiberiu.toth2@gmail.com,532.781.8268x86153,Vilnius,Lithuania,Tesonet,Senior Legal Counsel,linkedin.com/in/tiberiu-toth-144,2024-02-25
CAND-0436,Serhiy,Tkachenko,serhiy.tkachenko@gmail.com,554-239-8780x15739,Hamburg,Germany,LMT,Backend Engineer,,2024-06-29
CAND-0437,Dovydas,Paulauskas,dovydas.paulauskas@gmail.com,,London,United Kingdom,EA Games,Partner Operations Manager,linkedin.com/in/dovydas-paulauskas-212,2024-11-29
CAND-0438,Vilius,Gudas,vilius.gudas@outlook.com,,Vilnius,Lithuania,EA Games,Compliance Specialist,linkedin.com/in/vilius-gudas-724,2025-04-10
CAND-0439,Erikas,Gudas,erikas.gudas@protonmail.com,+1-956-216-4840x85887,Warsaw,Poland,CGI,Junior Data Analyst,linkedin.com/in/erikas-gudas-213,2025-04-21
CAND-0440,Adam,Wojcik,adam.wojcik@gmail.com,835-381-1288x0133,Kyiv,Ukraine,Jam City,Senior Data Engineer,linkedin.com/in/adam-wojcik-977,2025-06-18
CAND-0441,Paulina,Kowalczyk,paulina.kowalczyk@gmail.com,386.312.0750,Kyiv,Ukraine,Contentful,Brand Manager,linkedin.com/in/paulina-kowalczyk-705,2024-06-01
CAND-0442,Petra,Popescu,petra.popescu@gmail.com,,Kyiv,Ukraine,Barclays Technology,Senior DevOps Engineer,linkedin.com/in/petra-popescu-917,2024-04-10
CAND-0443,Jakub,Kozlowski,jakub.kozlowski@protonmail.com,8249819346,Vilnius,Lithuania,Atea,Financial Analyst,linkedin.com/in/jakub-kozlowski-785,2024-11-08
CAND-0444,Tomas,Daunoras,tomas.daunoras@outlook.com,,Amsterdam,Netherlands,Swedbank,Analytics Manager,linkedin.com/in/tomas-daunoras-820,2024-01-02
CAND-0445,Rafal,Kuznetsov,rafal.kuznetsov@gmail.com,+1-366-750-6180x9190,Kyiv,Ukraine,Miniclip,Marketing Manager,linkedin.com/in/rafal-kuznetsov-443,2024-02-26
CAND-0446,Tetyana,Kovalenko,tetyana.kovalenko@gmail.com,514.449.1476x60728,Berlin,Germany,King,Senior Customer Support Specialist,linkedin.com/in/tetyana-kovalenko-892,2024-07-28
CAND-0447,Jonas,Grigas,jonas.grigas@protonmail.com,,Krakow,Poland,Delivery Hero,CRM Manager,linkedin.com/in/jonas-grigas-533,2024-10-10
CAND-0448,Erikas,Grigas,erikas.grigas@yahoo.com,001-268-842-4508x8210,Vilnius,Lithuania,Checkout.com,Senior FP&A Analyst,,2024-03-08
CAND-0449,Viktorija,Jankauskas,viktorija.jankauskas@outlook.com,,Warsaw,Poland,Bolt,Product Manager,linkedin.com/in/viktorija-jankauskas-608,2024-06-03
CAND-0450,Elena,Kovacs,elena.kovacs@outlook.com,,Krakow,Poland,Adform,Senior Compliance Manager,,2024-01-22
CAND-0451,Edvinas,Kairys,edvinas.kairys@protonmail.com,+1-481-443-5368,Krakow,Poland,Freelance,Fraud Analyst,linkedin.com/in/edvinas-kairys-680,2024-05-15
CAND-0452,Vladislav,Toth,vladislav.toth@outlook.com,(939)343-1290,Warsaw,Poland,Vinted,Analytics Engineer,,2024-06-13
CAND-0453,Julian,Hartmann,julian.hartmann@protonmail.com,314-513-9755x2314,London,United Kingdom,Tesonet,Data Analyst,,2024-05-09
CAND-0454,Marcin,Wozniak,marcin.wozniak@protonmail.com,277-759-4929x95562,Warsaw,Poland,Atea,Data Engineer,linkedin.com/in/marcin-wozniak-224,2024-01-26
CAND-0455,Karolina,Szymanski,karolina.szymanski@gmail.com,936.745.2577,Lviv,Ukraine,Checkout.com,Senior Operations Specialist,linkedin.com/in/karolina-szymanski-396,2024-05-30
CAND-0456,Ella,Wilson,ella.wilson@gmail.com,001-347-281-2914x28341,Kyiv,Ukraine,King,Senior Data Analyst,linkedin.com/in/ella-wilson-511,2024-08-13
CAND-0457,Mateusz,Kaminski,mateusz.kaminski@protonmail.com,709.896.9308x48872,Krakow,Poland,Personio,Growth Analyst,linkedin.com/in/mateusz-kaminski-189,2025-06-08
CAND-0458,Weronika,Kaminski,weronika.kaminski@yahoo.com,,Hamburg,Germany,Danske Bank,Compensation and Benefits Analyst,linkedin.com/in/weronika-kaminski-481,2024-01-13
CAND-0459,Erikas,Noreika,erikas.noreika@gmail.com,794.227.8816,Hamburg,Germany,Luminor,Senior Compliance Manager,,2025-02-28
CAND-0460,Viktorija,Stonkus,viktorija.stonkus@gmail.com,+1-239-528-2722x99275,Lviv,Ukraine,TrueLayer,Trust and Safety Analyst,,2024-03-31
CAND-0461,Laura,Ambrazas,laura.ambrazas@gmail.com,001-273-214-5303x85677,London,United Kingdom,Adform,SEO Specialist,linkedin.com/in/laura-ambrazas-602,2024-02-13
CAND-0462,Noah,Taylor,noah.taylor@outlook.com,+1-351-684-4989x2665,Berlin,Germany,Playtika,Mobile Engineer,,2025-04-28
CAND-0463,Neringa,Ambrazas,neringa.ambrazas@gmail.com,(438)565-5779x0827,London,United Kingdom,Contentful,Mobile Engineer,linkedin.com/in/neringa-ambrazas-168,2025-01-05
CAND-0464,Yulia,Boyko,yulia.boyko@protonmail.com,384-532-2259,London,United Kingdom,TransferGo,Senior Customer Support Specialist,,2024-06-15
CAND-0465,Volodymyr,Lytovchenko,volodymyr.lytovchenko@gmail.com,(451)477-7392x60302,Vilnius,Lithuania,Danske Bank,Senior TA Specialist,linkedin.com/in/volodymyr-lytovchenko-398,2025-06-26
CAND-0466,Mykola,Marchenko,mykola.marchenko@protonmail.com,+1-280-692-0242x8699,Vilnius,Lithuania,Revolut,Customer Support Manager,linkedin.com/in/mykola-marchenko-814,2025-01-06
CAND-0467,Agne,Kazlauskas,agne.kazlauskas@gmail.com,437-497-7236,Kaunas,Lithuania,DXC Technology,Talent Acquisition Specialist,linkedin.com/in/agne-kazlauskas-258,2025-05-30
CAND-0468,Dovydas,Noreika,dovydas.noreika@protonmail.com,+1-484-325-7991x366,Kyiv,Ukraine,TransferGo,Senior HR Business Partner,linkedin.com/in/dovydas-noreika-234,2024-01-18
CAND-0469,Filip,Wisniewski,filip.wisniewski@outlook.com,,Tallinn,Estonia,CGI,Senior Data Analyst,,2024-05-01
CAND-0470,Agne,Levinskas,agne.levinskas1@gmail.com,9382862912,Vilnius,Lithuania,Pipedrive,Senior HR Business Partner,linkedin.com/in/agne-levinskas-893,2025-05-10
CAND-0471,Oliver,Smith,oliver.smith@protonmail.com,+1-881-817-2980,Vilnius,Lithuania,TransferGo,Accounts Assistant,linkedin.com/in/oliver-smith-872,2024-04-08
CAND-0472,Jessica,Roberts,jessica.roberts@gmail.com,(408)663-7659x916,Kaunas,Lithuania,Pipedrive,Analytics Manager,,2024-12-22
CAND-0473,Ewelina,Kozlowski,ewelina.kozlowski@yahoo.com,331.249.8643x0098,Krakow,Poland,Nord Security,Staff Engineer,linkedin.com/in/ewelina-kozlowski-388,2024-06-24
CAND-0474,Anastasia,Toth,anastasia.toth@yahoo.com,,Berlin,Germany,EA Games,Senior Data Analyst,linkedin.com/in/anastasia-toth-463,2025-01-23
CAND-0475,Natalia,Nowak,natalia.nowak@gmail.com,(735)665-1269x4486,Vilnius,Lithuania,Adform,Compliance Manager,linkedin.com/in/natalia-nowak-141,2024-03-25
CAND-0476,Lukasz,Szymanski,lukasz.szymanski1@yahoo.com,+1-763-868-8725x88744,London,United Kingdom,Bite,Senior Performance Marketer,,2025-03-14
CAND-0477,Rokas,Urbonas,rokas.urbonas@gmail.com,001-221-437-2138x6589,London,United Kingdom,Nord Security,HR Business Partner,linkedin.com/in/rokas-urbonas-504,2025-02-14
CAND-0478,Nicole,Klein,nicole.klein@gmail.com,(201)827-9611x4351,Lviv,Ukraine,CGI,Senior Performance Marketer,linkedin.com/in/nicole-klein-958,2025-03-10
CAND-0479,David,Koch,david.koch@protonmail.com,,Kaunas,Lithuania,,,linkedin.com/in/david-koch-514,2025-05-11
CAND-0480,Volodymyr,Melnyk,volodymyr.melnyk@gmail.com,(598)249-0277x0384,Berlin,Germany,Jam City,Junior Data Analyst,,2025-05-25
CAND-0481,Hannah,Hoffmann,hannah.hoffmann@protonmail.com,+1-688-839-2053x021,Warsaw,Poland,Miniclip,Group Product Manager,,2024-07-25
CAND-0482,Laura,Noreika,laura.noreika@gmail.com,,Krakow,Poland,Playtika,VP of Engineering,linkedin.com/in/laura-noreika-422,2025-01-20
CAND-0483,Kamil,Wozniak,kamil.wozniak@protonmail.com,,Warsaw,Poland,Revolut,Senior Compliance Manager,,2025-05-14
CAND-0484,Lucy,Hughes,lucy.hughes@yahoo.com,(766)793-8011x848,Krakow,Poland,Cognizant,Senior Analytics Engineer,linkedin.com/in/lucy-hughes-705,2025-01-21
CAND-0485,Ivan,Kravchenko,ivan.kravchenko@gmail.com,339-337-6904x268,Vilnius,Lithuania,Danske Bank,Operations Manager,,2024-12-15
CAND-0486,Filip,Zielinski,filip.zielinski@gmail.com,745.918.4894x76973,Warsaw,Poland,Contentful,Senior Financial Analyst,,2024-04-27
CAND-0487,Adam,Kowalski,adam.kowalski@outlook.com,+1-279-607-1416x33565,Kaunas,Lithuania,Barclays Technology,Compensation and Benefits Analyst,linkedin.com/in/adam-kowalski-424,2025-01-21
CAND-0488,Dmytro,Marchenko,dmytro.marchenko@outlook.com,741.765.1827,London,United Kingdom,CGI,Senior Compliance Manager,linkedin.com/in/dmytro-marchenko-406,2025-01-07
CAND-0489,Mikhail,Kuznetsov,mikhail.kuznetsov@gmail.com,694.523.7333,Vilnius,Lithuania,Ubisoft,HR Manager,,2024-04-07
CAND-0490,Bohdan,Marchenko,bohdan.marchenko@yahoo.com,933.295.2111,Vilnius,Lithuania,Bolt,Senior FP&A Analyst,linkedin.com/in/bohdan-marchenko-652,2024-11-16
CAND-0491,Dovydas,Daunoras,dovydas.daunoras@protonmail.com,,Vilnius,Lithuania,Playtika,Senior Data Engineer,linkedin.com/in/dovydas-daunoras-943,2025-04-23
CAND-0492,Aiste,Radzevicius,aiste.radzevicius@protonmail.com,001-880-575-9579x47284,Krakow,Poland,Danske Bank,Legal Counsel,,2024-11-03
CAND-0493,Mikhail,Toth,mikhail.toth@outlook.com,001-392-908-6780x85627,Warsaw,Poland,Revolut,Senior Financial Analyst,linkedin.com/in/mikhail-toth-216,2024-06-02
CAND-0494,Mindaugas,Daunoras,mindaugas.daunoras@outlook.com,500-636-9155x94284,Kaunas,Lithuania,Freelance,Mobile Engineer,linkedin.com/in/mindaugas-daunoras-364,2024-10-11
CAND-0495,Felix,Bauer,felix.bauer@outlook.com,,Vilnius,Lithuania,Pipedrive,Customer Support Lead,,2025-02-20
CAND-0496,Anastasia,Petrov,anastasia.petrov@protonmail.com,,Warsaw,Poland,Ubisoft,Lead UX Researcher,linkedin.com/in/anastasia-petrov-192,2024-08-31
CAND-0497,Tetyana,Kravchenko,tetyana.kravchenko1@yahoo.com,995.452.7636x5564,Riga,Latvia,Contentful,HR Business Partner,linkedin.com/in/tetyana-kravchenko-381,2025-03-26
CAND-0498,Anna,Szymanski,anna.szymanski@yahoo.com,001-829-531-4386,Wroclaw,Poland,Accenture,Senior HR Business Partner,,2024-05-28
CAND-0499,Katarzyna,Kowalski,katarzyna.kowalski@protonmail.com,,Tallinn,Estonia,,,,2024-02-25
CAND-0500,Sarah,Weber,sarah.weber@yahoo.com,(727)902-6728,Tallinn,Estonia,Danske Bank,Senior Product Designer,,2025-02-01
CAND-0501,Laura,Rimkus,laura.rimkus@gmail.com,,Kyiv,Ukraine,EPAM Systems,Senior Marketing Manager,,2024-11-20
CAND-0502,Petra,Popescu,petra.popescu1@gmail.com,,Riga,Latvia,DXC Technology,Compliance Manager,,2024-04-12
CAND-0503,Hannah,Jones,hannah.jones@gmail.com,948-790-6120x3471,London,United Kingdom,Paddle,Senior Customer Support Specialist,,2024-07-07
CAND-0504,Oksana,Kovalenko,oksana.kovalenko@outlook.com,555-488-4506x159,Warsaw,Poland,Ubisoft,Product Manager,linkedin.com/in/oksana-kovalenko-886,2024-05-13
CAND-0505,Zsuzsanna,Smirnov,zsuzsanna.smirnov@outlook.com,,Vilnius,Lithuania,Wise,Customer Support Lead,linkedin.com/in/zsuzsanna-smirnov-476,2024-07-05
CAND-0506,Krzysztof,Kowalski,krzysztof.kowalski1@gmail.com,,Tallinn,Estonia,Jam City,Senior Marketing Manager,linkedin.com/in/krzysztof-kowalski-818,2024-06-21
CAND-0507,Laura,Stonkus,laura.stonkus1@gmail.com,,Vilnius,Lithuania,Ubisoft,Associate Product Manager,,2025-04-09
CAND-0508,Jessica,Lewis,jessica.lewis@gmail.com,001-745-858-7716x94722,Amsterdam,Netherlands,Personio,Senior FP&A Analyst,linkedin.com/in/jessica-lewis-976,2024-07-30
CAND-0509,Halyna,Boyko,halyna.boyko1@gmail.com,+1-899-661-1253x5544,Kaunas,Lithuania,Tesonet,Mobile Engineer,linkedin.com/in/halyna-boyko-561,2024-09-11
CAND-0510,Paulina,Nowak,paulina.nowak@gmail.com,359.587.6220x234,Amsterdam,Netherlands,Swedbank,Growth Lead,,2024-09-19
CAND-0511,Ruta,Stankus,ruta.stankus@gmail.com,(861)311-7800,Kaunas,Lithuania,Zynga,Junior DevOps Engineer,linkedin.com/in/ruta-stankus-504,2025-01-14
CAND-0512,Ruta,Radzevicius,ruta.radzevicius@gmail.com,649-921-6433,Berlin,Germany,CGI,Compliance Specialist,,2025-03-19
CAND-0513,Mantas,Stonkus,mantas.stonkus@outlook.com,,Riga,Latvia,Danske Bank,L&D Specialist,linkedin.com/in/mantas-stonkus-879,2024-09-27
CAND-0514,Andriy,Kravchenko,andriy.kravchenko@protonmail.com,,Kyiv,Ukraine,Tesonet,Legal Counsel,linkedin.com/in/andriy-kravchenko-287,2024-02-06
CAND-0515,Pawel,Zielinski,pawel.zielinski@gmail.com,,Wroclaw,Poland,King,Senior Compliance Manager,linkedin.com/in/pawel-zielinski-215,2024-05-31
CAND-0516,Mindaugas,Butkus,mindaugas.butkus@gmail.com,+1-922-482-0055x7784,Riga,Latvia,Ubisoft,Senior Growth Manager,linkedin.com/in/mindaugas-butkus-684,2024-07-03
CAND-0517,Maciej,Dabrowska,maciej.dabrowska@gmail.com,,Vilnius,Lithuania,TransferGo,HR Business Partner,,2024-06-06
CAND-0518,Rokas,Daunoras,rokas.daunoras@protonmail.com,,Tallinn,Estonia,Wargaming,Senior Operations Manager,linkedin.com/in/rokas-daunoras-849,2024-05-12
CAND-0519,Mindaugas,Stankus,mindaugas.stankus1@gmail.com,001-982-599-7968x845,Krakow,Poland,Zynga,L&D Specialist,linkedin.com/in/mindaugas-stankus-889,2025-02-12
CAND-0520,Greta,Zukauskas,greta.zukauskas@outlook.com,274-456-4240,Kyiv,Ukraine,Freelance,Analytics Engineer,,2024-11-13
CAND-0521,Zsuzsanna,Ionescu,zsuzsanna.ionescu@gmail.com,(547)280-7740x649,Berlin,Germany,SEB,Senior Compliance Manager,linkedin.com/in/zsuzsanna-ionescu-532,2025-01-12
CAND-0522,Serhiy,Melnyk,serhiy.melnyk@gmail.com,+1-853-868-6632,Lviv,Ukraine,N26,Senior Analytics Manager,linkedin.com/in/serhiy-melnyk-547,2024-03-22
CAND-0523,Andrei,Nagy,andrei.nagy@protonmail.com,,Amsterdam,Netherlands,TrueLayer,HR Business Partner,linkedin.com/in/andrei-nagy-146,2025-06-09
CAND-0524,Jonas,Daunoras,jonas.daunoras@protonmail.com,641.863.8944,Riga,Latvia,Atea,Senior Financial Analyst,linkedin.com/in/jonas-daunoras-777,2025-04-18
CAND-0525,Tadas,Petrauskas,tadas.petrauskas@gmail.com,612.924.1797,London,United Kingdom,Accenture,Compliance Manager,linkedin.com/in/tadas-petrauskas-371,2024-12-15
CAND-0526,Daria,Toth,daria.toth@gmail.com,650.620.8021,Lviv,Ukraine,SumUp,Senior Product Manager,linkedin.com/in/daria-toth-219,2024-01-14
CAND-0527,Tadas,Grigas,tadas.grigas@gmail.com,(770)831-2073,Lviv,Ukraine,Danske Bank,HR Manager,linkedin.com/in/tadas-grigas-114,2024-07-14
CAND-0528,Domantas,Kazlauskas,domantas.kazlauskas@gmail.com,975-470-5120x4618,Vilnius,Lithuania,Contentful,HR Manager,linkedin.com/in/domantas-kazlauskas-888,2025-04-19
CAND-0529,Jonas,Butkus,jonas.butkus@gmail.com,246.501.3673,Berlin,Germany,DXC Technology,Compliance Specialist,linkedin.com/in/jonas-butkus-306,2024-10-28
CAND-0530,Olena,Kravchenko,olena.kravchenko@gmail.com,318.637.6452x088,Amsterdam,Netherlands,Telia,TA Manager,linkedin.com/in/olena-kravchenko-509,2025-05-12
CAND-0531,Mariya,Oliynyk,mariya.oliynyk@gmail.com,343.850.3136x5024,Krakow,Poland,Telia,Senior Operations Specialist,,2025-03-03
CAND-0532,Janos,Ivanov,janos.ivanov@outlook.com,500.497.9251,Vilnius,Lithuania,Devbridge,Senior Performance Marketer,linkedin.com/in/janos-ivanov-324,2024-12-13
CAND-0533,Kinga,Nagy,kinga.nagy1@gmail.com,719.750.0528x1273,Kaunas,Lithuania,Luminor,Customer Support Lead,linkedin.com/in/kinga-nagy-389,2024-03-29
CAND-0534,Tim,Schneider,tim.schneider@yahoo.com,930.565.2407x784,Riga,Latvia,DXC Technology,Management Accountant,linkedin.com/in/tim-schneider-118,2025-01-02
CAND-0535,Andrei,Nagy,andrei.nagy@yahoo.com,001-428-355-7498,Vilnius,Lithuania,Telia,Senior Product Manager,linkedin.com/in/andrei-nagy-598,2024-09-21
CAND-0536,Elena,Kuznetsov,elena.kuznetsov@gmail.com,,Amsterdam,Netherlands,Barclays Technology,Group Product Manager,,2024-04-23
CAND-0537,Anastasia,Kuznetsov,anastasia.kuznetsov@gmail.com,727.544.8570x86209,Vilnius,Lithuania,TransferGo,Senior Marketing Manager,,2025-03-28
CAND-0538,Isabelle,Jones,isabelle.jones@gmail.com,318-363-8782x94565,Warsaw,Poland,Adform,Senior Product Lead,,2024-01-07
CAND-0539,Simona,Rimkus,simona.rimkus@yahoo.com,910.622.0317x31096,Warsaw,Poland,Luminor,Customer Support Lead,linkedin.com/in/simona-rimkus-871,2025-06-26
CAND-0540,Rafal,Zielinski,rafal.zielinski@outlook.com,,Gdansk,Poland,TrueLayer,Senior Operations Manager,linkedin.com/in/rafal-zielinski-110,2025-06-13
CAND-0541,Rafal,Petrov,rafal.petrov@gmail.com,9532910371,Kaunas,Lithuania,King,Senior Analytics Manager,,2025-06-16
CAND-0542,Bence,Kovacs,bence.kovacs@protonmail.com,(586)350-9480x141,Hamburg,Germany,Wargaming,Senior Finance Manager,,2025-04-01
CAND-0543,Alina,Marchenko,alina.marchenko@yahoo.com,438-863-3839,London,United Kingdom,Freelance,TA Manager,linkedin.com/in/alina-marchenko-650,2024-12-08
CAND-0544,Karolina,Wozniak,karolina.wozniak@yahoo.com,001-419-957-6122x8685,Vilnius,Lithuania,Paddle,Senior Financial Analyst,linkedin.com/in/karolina-wozniak-915,2024-09-21
CAND-0545,Aiste,Kairys,aiste.kairys@gmail.com,(558)855-6659x398,Amsterdam,Netherlands,SumUp,Trust and Safety Analyst,,2025-04-04
CAND-0546,Gabija,Stankus,gabija.stankus@gmail.com,,Lviv,Ukraine,Ubisoft,CRM Manager,linkedin.com/in/gabija-stankus-934,2024-05-23
CAND-0547,Sarah,Schmidt,sarah.schmidt@gmail.com,001-684-257-7600x49082,Vilnius,Lithuania,Danske Bank,Compliance Specialist,,2024-03-24
CAND-0548,Matas,Grigas,matas.grigas@gmail.com,233-950-4888x9921,Kaunas,Lithuania,TrueLayer,Senior TA Specialist,,2025-05-25
CAND-0549,Halyna,Kovalchuk,halyna.kovalchuk@gmail.com,(822)545-9334x419,Vilnius,Lithuania,LMT,Head of Data,linkedin.com/in/halyna-kovalchuk-566,2025-04-29
CAND-0550,Saulius,Paulauskas,saulius.paulauskas@yahoo.com,,Vilnius,Lithuania,Danske Bank,Finance Analyst,linkedin.com/in/saulius-paulauskas-412,2025-01-18
CAND-0551,Bartosz,Wisniewski,bartosz.wisniewski@yahoo.com,001-315-272-7919x4096,Wroclaw,Poland,EPAM Systems,Management Accountant,linkedin.com/in/bartosz-wisniewski-225,2024-12-23
CAND-0552,Rokas,Radzevicius,rokas.radzevicius@gmail.com,001-755-466-1390x60480,Hamburg,Germany,SEB,Senior Legal Manager,,2025-05-31
CAND-0553,Mariya,Oliynyk,mariya.oliynyk1@gmail.com,,Warsaw,Poland,Miniclip,Compensation and Benefits Analyst,linkedin.com/in/mariya-oliynyk-146,2025-03-29
CAND-0554,Claudia,Schneider,claudia.schneider@protonmail.com,883-420-6799x81364,Tallinn,Estonia,EPAM Systems,Senior Product Manager,linkedin.com/in/claudia-schneider-733,2024-02-24
CAND-0555,Kinga,Kuznetsov,kinga.kuznetsov@gmail.com,(351)879-0864,Wroclaw,Poland,Wise,Frontend Engineer,linkedin.com/in/kinga-kuznetsov-822,2025-03-30
CAND-0556,Simona,Zukauskas,simona.zukauskas@yahoo.com,562.527.8376x93898,Amsterdam,Netherlands,Playtika,Fraud Analyst,linkedin.com/in/simona-zukauskas-640,2024-11-20
CAND-0557,Michal,Wozniak,michal.wozniak@gmail.com,746-759-1166,Vilnius,Lithuania,Pipedrive,Analytics Engineer,linkedin.com/in/michal-wozniak-160,2024-11-29
CAND-0558,Neringa,Zukauskas,neringa.zukauskas@gmail.com,955.490.4259,Kaunas,Lithuania,Accenture,Financial Analyst,linkedin.com/in/neringa-zukauskas-345,2024-08-30
CAND-0559,Natalia,Nowak,natalia.nowak1@gmail.com,603.235.2110x392,Berlin,Germany,Luminor,Principal Product Manager,linkedin.com/in/natalia-nowak-119,2024-10-02
CAND-0560,Natalia,Bondarenko,natalia.bondarenko@yahoo.com,914-477-0538x33884,Vilnius,Lithuania,Ubisoft,Talent Acquisition Specialist,,2024-05-25
CAND-0561,Rafal,Wozniak,rafal.wozniak@outlook.com,001-606-298-0420x439,Riga,Latvia,Miniclip,Senior Financial Analyst,linkedin.com/in/rafal-wozniak-593,2024-10-06
CAND-0562,Kateryna,Kravchenko,kateryna.kravchenko@protonmail.com,301.764.5104x636,Amsterdam,Netherlands,Devbridge,QA Engineer,linkedin.com/in/kateryna-kravchenko-407,2024-04-01
CAND-0563,Bartosz,Kozlowski,bartosz.kozlowski@yahoo.com,,Amsterdam,Netherlands,Delivery Hero,Customer Support Manager,linkedin.com/in/bartosz-kozlowski-870,2025-04-08
CAND-0564,Simona,Stankus,simona.stankus@gmail.com,698.712.3878x0038,Tallinn,Estonia,Playtika,Senior Data Analyst,linkedin.com/in/simona-stankus-104,2024-01-10
CAND-0565,Philipp,Koch,philipp.koch@outlook.com,862.205.5543x8404,Kyiv,Ukraine,Freelance,Principal Product Manager,linkedin.com/in/philipp-koch-461,2025-01-20
CAND-0566,Jack,Robinson,jack.robinson@protonmail.com,,Vilnius,Lithuania,Danske Bank,Senior Growth Manager,,2024-10-14
CAND-0567,Sarah,Schmidt,sarah.schmidt@yahoo.com,+1-543-825-6216,Riga,Latvia,N26,Head of Marketing,linkedin.com/in/sarah-schmidt-604,2024-08-02
CAND-0568,Monika,Mockus,monika.mockus@yahoo.com,492.564.9578,Vilnius,Lithuania,Zalando,Data Engineer,,2024-05-10
CAND-0569,Kristina,Kairys,kristina.kairys@protonmail.com,,Vilnius,Lithuania,Playtika,Senior FP&A Analyst,linkedin.com/in/kristina-kairys-537,2024-02-23
CAND-0570,Marius,Kovacs,marius.kovacs@gmail.com,+1-729-383-2482x6292,Berlin,Germany,Danske Bank,Senior Engineering Manager,linkedin.com/in/marius-kovacs-530,2025-06-29
CAND-0571,Marcin,Lewandowski,marcin.lewandowski@gmail.com,,Riga,Latvia,N26,Head of People,linkedin.com/in/marcin-lewandowski-437,2024-11-14
CAND-0572,Inga,Grigas,inga.grigas@outlook.com,,Tallinn,Estonia,Jam City,Operations Manager,linkedin.com/in/inga-grigas-344,2024-12-14
CAND-0573,Ioana,Toth,ioana.toth@gmail.com,,Tallinn,Estonia,Nord Security,Senior Legal Counsel,,2024-02-04
CAND-0574,Joanna,Nowak,joanna.nowak@gmail.com,+1-881-625-2056,Riga,Latvia,Vinted,Senior FP&A Analyst,linkedin.com/in/joanna-nowak-793,2024-02-27
CAND-0575,Serhiy,Kovalchuk,serhiy.kovalchuk@gmail.com,542.531.2209x949,Kaunas,Lithuania,Zynga,Senior DevOps Engineer,,2024-04-13
CAND-0576,Ewelina,Kowalski,ewelina.kowalski@outlook.com,705.417.2897,Krakow,Poland,Nord Security,Junior Product Designer,linkedin.com/in/ewelina-kowalski-960,2024-07-17
CAND-0577,Bence,Kovacs,bence.kovacs1@gmail.com,(577)522-3306x0463,London,United Kingdom,Bite,Data Analyst,linkedin.com/in/bence-kovacs-419,2025-03-22
CAND-0578,Tetyana,Tkachenko,tetyana.tkachenko@yahoo.com,,Kyiv,Ukraine,Tesonet,Senior Compliance Manager,linkedin.com/in/tetyana-tkachenko-108,2025-06-14
CAND-0579,Olena,Bondarenko,olena.bondarenko1@yahoo.com,,Krakow,Poland,Vinted,Talent Acquisition Specialist,linkedin.com/in/olena-bondarenko-306,2024-03-11
CAND-0580,Joanna,Kozlowski,joanna.kozlowski@outlook.com,827-297-5736,Warsaw,Poland,EA Games,Senior Operations Specialist,linkedin.com/in/joanna-kozlowski-207,2025-04-10
CAND-0581,Kinga,Toth,kinga.toth@gmail.com,+1-965-969-9988x081,London,United Kingdom,LMT,CRM Manager,,2025-01-19
CAND-0582,Tomas,Urbonas,tomas.urbonas@gmail.com,2385860868,Vilnius,Lithuania,TransferGo,Data Engineer,linkedin.com/in/tomas-urbonas-883,2025-01-03
CAND-0583,Domantas,Rimkus,domantas.rimkus@gmail.com,976-944-7264x9082,Warsaw,Poland,Wise,Operations Manager,linkedin.com/in/domantas-rimkus-122,2024-06-29
CAND-0584,Elena,Nagy,elena.nagy@outlook.com,781-929-8266,Hamburg,Germany,CGI,Performance Marketing Manager,linkedin.com/in/elena-nagy-481,2024-06-24
CAND-0585,Petra,Ionescu,petra.ionescu@gmail.com,4273937145,Wroclaw,Poland,Zalando,Senior CRM Manager,linkedin.com/in/petra-ionescu-713,2025-03-15
CAND-0586,Aleksander,Fedorov,aleksander.fedorov@yahoo.com,417-851-8689,Krakow,Poland,Tesonet,Partner Operations Manager,,2025-06-04
CAND-0587,Oksana,Ionescu,oksana.ionescu@outlook.com,,Tallinn,Estonia,Revolut,TA Manager,linkedin.com/in/oksana-ionescu-575,2024-07-02
CAND-0588,Maciej,Kozlowski,maciej.kozlowski@outlook.com,+1-460-225-9222,Krakow,Poland,Jam City,Frontend Engineer,linkedin.com/in/maciej-kozlowski-340,2025-02-09
CAND-0589,Tadas,Radzevicius,tadas.radzevicius@gmail.com,,Kaunas,Lithuania,Paddle,Product Manager,linkedin.com/in/tadas-radzevicius-631,2024-12-26
CAND-0590,Dovydas,Stankus,dovydas.stankus@outlook.com,(944)974-2123x09407,Kaunas,Lithuania,Danske Bank,Senior Compliance Manager,linkedin.com/in/dovydas-stankus-552,2024-08-27
CAND-0591,Lukas,Rimkus,lukas.rimkus@yahoo.com,+1-809-973-3977,Tallinn,Estonia,Personio,Growth Manager,linkedin.com/in/lukas-rimkus-659,2024-07-24
CAND-0592,Katarzyna,Kowalczyk,katarzyna.kowalczyk@protonmail.com,,London,United Kingdom,Personio,Marketing Manager,,2024-09-24
CAND-0593,Saulius,Zukauskas,saulius.zukauskas@outlook.com,,Kyiv,Ukraine,Wargaming,Legal Manager,,2024-08-21
CAND-0594,Lina,Levinskas,lina.levinskas@yahoo.com,599-203-8498,Krakow,Poland,LMT,Senior Legal Counsel,linkedin.com/in/lina-levinskas-292,2025-03-15
CAND-0595,Jessica,Wilson,jessica.wilson@outlook.com,,Vilnius,Lithuania,Adform,Data Analyst,linkedin.com/in/jessica-wilson-774,2024-12-29
CAND-0596,Damian,Jankowski,damian.jankowski@protonmail.com,(620)750-2099,Warsaw,Poland,Playtika,Senior Engineering Manager,,2024-12-04
CAND-0597,Alina,Moroz,alina.moroz@outlook.com,,Vilnius,Lithuania,Swedbank,Senior Product Designer,linkedin.com/in/alina-moroz-436,2025-04-07
CAND-0598,Andriy,Melnyk,andriy.melnyk@protonmail.com,401-962-2499,Vilnius,Lithuania,Zynga,Legal Counsel,linkedin.com/in/andriy-melnyk-495,2024-10-17
CAND-0599,Dovydas,Jankauskas,dovydas.jankauskas@outlook.com,001-695-901-4556x1681,Berlin,Germany,Revolut,Customer Support Manager,linkedin.com/in/dovydas-jankauskas-213,2024-05-12
CAND-0600,Dmytro,Kovalchuk,dmytro.kovalchuk@gmail.com,(214)358-6833,Vilnius,Lithuania,Telia,Compliance Specialist,linkedin.com/in/dmytro-kovalchuk-614,2025-04-14
CAND-0601,Matas,Daunoras,matas.daunoras@gmail.com,,Tallinn,Estonia,Contentful,Customer Support Manager,linkedin.com/in/matas-daunoras-689,2024-02-10
CAND-0602,Andreas,Meyer,andreas.meyer@protonmail.com,,Riga,Latvia,Swedbank,Senior Data Engineer,,2025-03-18
CAND-0603,Karolina,Kozlowski,karolina.kozlowski@yahoo.com,001-681-779-4695,London,United Kingdom,King,Senior Marketing Manager,linkedin.com/in/karolina-kozlowski-743,2024-10-25
CAND-0604,Tim,Klein,tim.klein@outlook.com,(599)678-7729,Kyiv,Ukraine,TransferGo,Customer Support Specialist,linkedin.com/in/tim-klein-898,2024-11-29
CAND-0605,Marcin,Wozniak,marcin.wozniak@gmail.com,801.207.1396,Vilnius,Lithuania,LMT,Compensation and Benefits Analyst,,2025-02-10
CAND-0606,Matas,Stankus,matas.stankus@protonmail.com,258-330-3441x44885,Berlin,Germany,Bolt,Senior Product Designer,,2025-03-24
CAND-0607,Greta,Butkus,greta.butkus@gmail.com,+1-455-969-9023x55770,Vilnius,Lithuania,TransferGo,HR Business Partner,linkedin.com/in/greta-butkus-257,2025-03-27
CAND-0608,Mateusz,Dabrowska,mateusz.dabrowska@yahoo.com,(778)257-6084,London,United Kingdom,Jam City,Lead UX Researcher,linkedin.com/in/mateusz-dabrowska-712,2024-01-05
CAND-0609,Domantas,Levinskas,domantas.levinskas@gmail.com,,Vilnius,Lithuania,Playtika,People Operations Coordinator,linkedin.com/in/domantas-levinskas-296,2024-03-05
CAND-0610,Greta,Butkus,greta.butkus1@gmail.com,895.451.2405,Vilnius,Lithuania,Accenture,Customer Support Lead,linkedin.com/in/greta-butkus-654,2025-02-08
CAND-0611,Nikita,Ionescu,nikita.ionescu@gmail.com,001-696-829-1450,Vilnius,Lithuania,Freelance,Customer Support Specialist,linkedin.com/in/nikita-ionescu-167,2024-10-12
CAND-0612,Dmytro,Bondarenko,dmytro.bondarenko@outlook.com,473-357-4384,Tallinn,Estonia,Nord Security,Data Analyst,linkedin.com/in/dmytro-bondarenko-746,2025-02-01
CAND-0613,Nicole,Schneider,nicole.schneider@gmail.com,(903)617-8078x235,Kyiv,Ukraine,Accenture,Legal Counsel,linkedin.com/in/nicole-schneider-699,2025-04-04
CAND-0614,Agnieszka,Wozniak,agnieszka.wozniak@yahoo.com,001-252-318-2307x68104,Vilnius,Lithuania,Playtika,UX Researcher,linkedin.com/in/agnieszka-wozniak-349,2024-03-22
CAND-0615,Mindaugas,Gudas,mindaugas.gudas@gmail.com,670-718-4094x35334,Tallinn,Estonia,Contentful,Compliance Manager,linkedin.com/in/mindaugas-gudas-425,2024-02-10
CAND-0616,Mariya,Tkachenko,mariya.tkachenko@gmail.com,001-771-742-2410x98813,Kyiv,Ukraine,CGI,Growth Manager,,2024-09-11
CAND-0617,Jessica,Roberts,jessica.roberts@outlook.com,224-493-2149x587,Vilnius,Lithuania,Jam City,DevOps Engineer,linkedin.com/in/jessica-roberts-297,2024-02-23
CAND-0618,Mykola,Shevchenko,mykola.shevchenko@gmail.com,4709160166,Krakow,Poland,Delivery Hero,Senior Performance Marketer,,2024-11-14
CAND-0619,Vilius,Butkus,vilius.butkus@yahoo.com,+1-354-953-8179x217,Warsaw,Poland,Bite,SEO Specialist,linkedin.com/in/vilius-butkus-468,2025-02-11
CAND-0620,Rafal,Wozniak,rafal.wozniak@yahoo.com,977-933-2945x6255,Kyiv,Ukraine,Cognizant,Engineering Manager,,2024-11-03
CAND-0621,Artem,Shevchenko,artem.shevchenko@gmail.com,7174157724,Warsaw,Poland,Devbridge,Senior TA Specialist,linkedin.com/in/artem-shevchenko-239,2025-04-25
CAND-0622,Inga,Kazlauskas,inga.kazlauskas@yahoo.com,516.415.8148x76963,Kaunas,Lithuania,Swedbank,Senior HR Manager,linkedin.com/in/inga-kazlauskas-415,2024-03-13
CAND-0623,Michal,Zielinski,michal.zielinski@yahoo.com,361.953.9669x5832,Kyiv,Ukraine,SumUp,Fraud Analyst,linkedin.com/in/michal-zielinski-477,2024-02-29
CAND-0624,Nicole,Fischer,nicole.fischer@gmail.com,699-875-8172,Wroclaw,Poland,Danske Bank,Staff Engineer,linkedin.com/in/nicole-fischer-719,2025-04-11
CAND-0625,Nikita,Fedorov,nikita.fedorov@yahoo.com,,Amsterdam,Netherlands,Wargaming,Group Product Manager,linkedin.com/in/nikita-fedorov-700,2024-03-23
CAND-0626,Serhiy,Shevchenko,serhiy.shevchenko@outlook.com,591-496-5701,Warsaw,Poland,Checkout.com,Senior TA Specialist,,2024-04-01
CAND-0627,Vaida,Stonkus,vaida.stonkus@gmail.com,001-902-527-8469,Wroclaw,Poland,Swedbank,Finance Analyst,,2024-01-02
CAND-0628,Aiste,Kairys,aiste.kairys@outlook.com,254.894.6519,Kyiv,Ukraine,Revolut,Data Engineer,linkedin.com/in/aiste-kairys-286,2025-05-29
CAND-0629,Nikita,Nagy,nikita.nagy@gmail.com,(340)658-0085,Vilnius,Lithuania,Zalando,Finance Director,linkedin.com/in/nikita-nagy-739,2024-04-21
CAND-0630,Vladislav,Ionescu,vladislav.ionescu@outlook.com,8365965666,Vilnius,Lithuania,Playtika,Senior CRM Manager,,2024-01-10
CAND-0631,Inga,Radzevicius,inga.radzevicius@gmail.com,+1-327-223-8656x24220,Krakow,Poland,Wargaming,Senior TA Specialist,,2025-04-29
CAND-0632,Emma,Davies,emma.davies@protonmail.com,,Kharkiv,Ukraine,Contentful,Senior Operations Specialist,linkedin.com/in/emma-davies-464,2024-12-04
CAND-0633,Matthew,Lewis,matthew.lewis@outlook.com,(876)421-2679,Hamburg,Germany,Adform,Security Engineer,linkedin.com/in/matthew-lewis-816,2024-09-11
CAND-0634,Magdalena,Mazur,magdalena.mazur@outlook.com,986.587.6532x690,London,United Kingdom,Wargaming,Operations Analyst,,2024-11-29
CAND-0635,Philipp,Wagner,philipp.wagner@protonmail.com,001-384-968-9500x975,Vilnius,Lithuania,Telia,Head of Legal,,2024-10-27
CAND-0636,Daryna,Moroz,daryna.moroz@protonmail.com,001-912-384-7818x913,Vilnius,Lithuania,Pipedrive,FP&A Manager,linkedin.com/in/daryna-moroz-556,2024-04-28
CAND-0637,Agnieszka,Wojcik,agnieszka.wojcik@gmail.com,,Tallinn,Estonia,Pipedrive,Senior Product Manager,linkedin.com/in/agnieszka-wojcik-434,2025-01-27
CAND-0638,George,Hughes,george.hughes@outlook.com,,London,United Kingdom,,,linkedin.com/in/george-hughes-647,2025-05-18
CAND-0639,Kristina,Radzevicius,kristina.radzevicius@yahoo.com,+1-789-849-0580x77879,Kaunas,Lithuania,SEB,HR Manager,linkedin.com/in/kristina-radzevicius-397,2024-03-30
CAND-0640,Domantas,Paulauskas,domantas.paulauskas@yahoo.com,(444)220-9494x079,Amsterdam,Netherlands,SEB,QA Engineer,linkedin.com/in/domantas-paulauskas-967,2025-02-01
CAND-0641,Rafal,Nagy,rafal.nagy@yahoo.com,+1-649-604-7128x14429,Tallinn,Estonia,Nord Security,TA Coordinator,linkedin.com/in/rafal-nagy-935,2024-10-30
CAND-0642,Kinga,Nagy,kinga.nagy@yahoo.com,901-492-9275x243,Kyiv,Ukraine,King,Senior Customer Support Specialist,linkedin.com/in/kinga-nagy-968,2025-05-04
CAND-0643,Ivan,Lytovchenko,ivan.lytovchenko@outlook.com,705.212.9276x63723,Riga,Latvia,Tesonet,Marketing Manager,,2024-02-23
CAND-0644,Kinga,Petrov,kinga.petrov@gmail.com,,Tallinn,Estonia,Revolut,Senior Mobile Engineer,linkedin.com/in/kinga-petrov-584,2024-12-22
CAND-0645,William,Lewis,william.lewis@gmail.com,+1-841-902-7674x7836,Wroclaw,Poland,Paddle,L&D Specialist,,2024-02-25
CAND-0646,Kinga,Nagy,kinga.nagy1@yahoo.com,728-860-4765x801,London,United Kingdom,Devbridge,Data Engineer,,2024-01-10
CAND-0647,Marta,Dabrowska,marta.dabrowska@gmail.com,+1-545-744-1496x739,Lviv,Ukraine,Revolut,DevOps Engineer,linkedin.com/in/marta-dabrowska-153,2024-04-30
CAND-0648,Petra,Nagy,petra.nagy@protonmail.com,+1-525-680-0106x18175,Warsaw,Poland,TransferGo,CRM Manager,linkedin.com/in/petra-nagy-276,2025-01-19
CAND-0649,Daniel,Wilson,daniel.wilson@protonmail.com,330-409-1093x911,Tallinn,Estonia,Bite,Customer Support Specialist,linkedin.com/in/daniel-wilson-600,2025-06-05
CAND-0650,Lina,Mockus,lina.mockus@protonmail.com,(692)412-4471x7465,Riga,Latvia,Wise,Senior TA Specialist,linkedin.com/in/lina-mockus-228,2024-04-11
CAND-0651,Ewelina,Wozniak,ewelina.wozniak@gmail.com,001-514-806-6504x42717,London,United Kingdom,Swedbank,Legal Counsel,,2024-07-31
CAND-0652,Daria,Fedorov,daria.fedorov@protonmail.com,(971)628-6391,Krakow,Poland,Accenture,UX Researcher,linkedin.com/in/daria-fedorov-265,2024-03-30
CAND-0653,Olena,Melnyk,olena.melnyk@gmail.com,401-219-4707,Kaunas,Lithuania,Checkout.com,Senior Data Analyst,linkedin.com/in/olena-melnyk-147,2025-06-15
CAND-0654,Bence,Smirnov,bence.smirnov@gmail.com,9649256908,London,United Kingdom,TrueLayer,Trust and Safety Lead,linkedin.com/in/bence-smirnov-201,2024-02-15
CAND-0655,Mindaugas,Gudas,mindaugas.gudas1@gmail.com,(861)283-0671x98554,Vilnius,Lithuania,Atea,Management Accountant,linkedin.com/in/mindaugas-gudas-663,2024-09-18
CAND-0656,Greta,Zukauskas,greta.zukauskas1@outlook.com,+1-515-685-1743x2806,Warsaw,Poland,Telia,Senior Data Analyst,linkedin.com/in/greta-zukauskas-375,2024-07-16
CAND-0657,Katharina,Hartmann,katharina.hartmann@yahoo.com,001-561-957-1732x030,Kaunas,Lithuania,Tesonet,Director of Operations,linkedin.com/in/katharina-hartmann-718,2024-09-10
CAND-0658,Jonas,Noreika,jonas.noreika@outlook.com,(818)347-8700x5050,Tallinn,Estonia,Danske Bank,Customer Support Lead,,2024-08-19
CAND-0659,Edvinas,Zukauskas,edvinas.zukauskas@gmail.com,,Vilnius,Lithuania,TrueLayer,Senior FP&A Analyst,linkedin.com/in/edvinas-zukauskas-457,2024-10-15
CAND-0660,Olena,Shevchenko,olena.shevchenko@gmail.com,,Kaunas,Lithuania,Atea,Senior HR Business Partner,linkedin.com/in/olena-shevchenko-803,2025-06-09
CAND-0661,Laura,Wagner,laura.wagner@yahoo.com,487.982.9310,Vilnius,Lithuania,Jam City,Customer Support Lead,linkedin.com/in/laura-wagner-528,2025-04-13
CAND-0662,Neringa,Mockus,neringa.mockus@outlook.com,+1-407-390-3202x0417,London,United Kingdom,N26,Senior Financial Analyst,,2025-02-20
CAND-0663,Chloe,Jones,chloe.jones@gmail.com,717-899-3136,Wroclaw,Poland,Revolut,Mobile Engineer,linkedin.com/in/chloe-jones-604,2024-01-11
CAND-0664,Bence,Nagy,bence.nagy1@outlook.com,419-882-5309x25114,London,United Kingdom,Checkout.com,Senior Product Designer,,2024-01-08
CAND-0665,Nicole,Meyer,nicole.meyer@gmail.com,,London,United Kingdom,TrueLayer,Senior Frontend Engineer,linkedin.com/in/nicole-meyer-882,2025-06-20
CAND-0666,Rafal,Nagy,rafal.nagy1@yahoo.com,(358)827-3902,Vilnius,Lithuania,DXC Technology,HR Business Partner,linkedin.com/in/rafal-nagy-795,2024-09-12
CAND-0667,Anastasia,Kovacs,anastasia.kovacs@gmail.com,001-520-471-0021x94672,Warsaw,Poland,Wargaming,L&D Specialist,,2025-06-11
CAND-0668,Oscar,Clark,oscar.clark@yahoo.com,,Vilnius,Lithuania,Wargaming,Senior Compliance Manager,linkedin.com/in/oscar-clark-458,2024-07-09
CAND-0669,Rafal,Szymanski,rafal.szymanski@gmail.com,+1-348-676-3290x9279,Berlin,Germany,Tesonet,Compensation and Benefits Analyst,linkedin.com/in/rafal-szymanski-887,2024-09-13
CAND-0670,Mindaugas,Urbonas,mindaugas.urbonas@outlook.com,,Krakow,Poland,Personio,Director of Product,linkedin.com/in/mindaugas-urbonas-462,2025-03-20
CAND-0671,Jolanta,Paulauskas,jolanta.paulauskas@gmail.com,(560)983-3181x958,Vilnius,Lithuania,Luminor,Operations Manager,linkedin.com/in/jolanta-paulauskas-590,2024-09-29
CAND-0672,Rokas,Stonkus,rokas.stonkus1@gmail.com,,Kyiv,Ukraine,Swedbank,HR Business Partner,,2024-05-09
CAND-0673,Kristina,Petrauskas,kristina.petrauskas@protonmail.com,,Kaunas,Lithuania,Zynga,Senior Mobile Engineer,linkedin.com/in/kristina-petrauskas-184,2025-03-15
CAND-0674,Dovydas,Butkus,dovydas.butkus@gmail.com,001-634-503-1277x22005,Vilnius,Lithuania,SumUp,Senior Performance Marketer,linkedin.com/in/dovydas-butkus-823,2024-04-15
CAND-0675,Laura,Fischer,laura.fischer@yahoo.com,(345)397-0108x22078,Vilnius,Lithuania,TransferGo,Data Scientist,,2024-05-29
CAND-0676,Marta,Mazur,marta.mazur@gmail.com,379.795.6353,Krakow,Poland,Jam City,SEO Specialist,linkedin.com/in/marta-mazur-622,2025-03-13
CAND-0677,Ivan,Kravchenko,ivan.kravchenko1@gmail.com,,London,United Kingdom,Contentful,Operations Manager,linkedin.com/in/ivan-kravchenko-153,2024-11-25
CAND-0678,Jonas,Ambrazas,jonas.ambrazas@gmail.com,913.263.6317,Berlin,Germany,CGI,Management Accountant,linkedin.com/in/jonas-ambrazas-665,2024-05-13
CAND-0679,Monika,Kozlowski,monika.kozlowski@yahoo.com,(723)497-2652x73543,Kaunas,Lithuania,Freelance,FP&A Analyst,linkedin.com/in/monika-kozlowski-208,2024-05-13
CAND-0680,Olena,Moroz,olena.moroz@protonmail.com,,Vilnius,Lithuania,Bite,UX Researcher,linkedin.com/in/olena-moroz-408,2025-04-30
CAND-0681,Andrei,Popescu,andrei.popescu@gmail.com,4907421776,Krakow,Poland,SumUp,Customer Support Manager,linkedin.com/in/andrei-popescu-220,2025-03-22
CAND-0682,Dovydas,Kazlauskas,dovydas.kazlauskas@gmail.com,349.829.2983,London,United Kingdom,Adform,Finance Analyst,,2024-07-13
CAND-0683,Max,Schneider,max.schneider@outlook.com,,Kaunas,Lithuania,SEB,Senior HR Business Partner,linkedin.com/in/max-schneider-263,2024-08-11
CAND-0684,Oleh,Marchenko,oleh.marchenko@yahoo.com,573.497.7406x33569,London,United Kingdom,TrueLayer,Financial Analyst,linkedin.com/in/oleh-marchenko-374,2024-05-01
CAND-0685,Edvinas,Rimkus,edvinas.rimkus@gmail.com,001-806-900-7806,Wroclaw,Poland,Personio,Data Analyst,linkedin.com/in/edvinas-rimkus-354,2024-08-03
CAND-0686,Vasyl,Boyko,vasyl.boyko@yahoo.com,,Warsaw,Poland,Paddle,Senior FP&A Analyst,,2024-10-28
CAND-0687,Jakub,Mazur,jakub.mazur@gmail.com,001-617-573-1806x325,Gdansk,Poland,Wise,Head of Finance,,2025-01-26
CAND-0688,Janos,Kuznetsov,janos.kuznetsov@gmail.com,,Warsaw,Poland,Personio,Senior Performance Marketer,linkedin.com/in/janos-kuznetsov-337,2025-03-20
CAND-0689,Marta,Szymanski,marta.szymanski@gmail.com,+1-810-474-2799x0772,Riga,Latvia,Wise,Senior CRM Manager,linkedin.com/in/marta-szymanski-388,2024-01-22
CAND-0690,Natalia,Dabrowska,natalia.dabrowska@yahoo.com,(570)316-5804x649,Vilnius,Lithuania,Telia,Senior CRM Manager,,2024-04-12
CAND-0691,Lukas,Hoffmann,lukas.hoffmann@gmail.com,+1-750-785-0165x790,Vilnius,Lithuania,Wargaming,Backend Engineer,linkedin.com/in/lukas-hoffmann-742,2024-01-14
CAND-0692,Daniel,Jones,daniel.jones@yahoo.com,(381)983-2538,Warsaw,Poland,Pipedrive,Brand Manager,,2024-06-16
CAND-0693,Krzysztof,Kowalski,krzysztof.kowalski@yahoo.com,001-793-935-5486x4015,Tallinn,Estonia,TransferGo,Engineering Manager,linkedin.com/in/krzysztof-kowalski-205,2025-06-07
CAND-0694,Aleksander,Toth,aleksander.toth@gmail.com,988.317.8847x9513,Kaunas,Lithuania,Atea,Management Accountant,linkedin.com/in/aleksander-toth-832,2024-04-25
CAND-0695,Michal,Kowalczyk,michal.kowalczyk@gmail.com,462-941-1241,Warsaw,Poland,Danske Bank,Senior Product Lead,linkedin.com/in/michal-kowalczyk-643,2024-12-08
CAND-0696,Oksana,Boyko,oksana.boyko@protonmail.com,(738)804-6827,Riga,Latvia,Atea,Product Designer,linkedin.com/in/oksana-boyko-371,2024-03-19
CAND-0697,Olivia,Walker,olivia.walker@protonmail.com,704.931.0385x695,Vilnius,Lithuania,Bite,Senior Legal Manager,linkedin.com/in/olivia-walker-844,2024-10-12
CAND-0698,Matas,Butkus,matas.butkus@outlook.com,001-488-677-4924,Berlin,Germany,Cognizant,Senior TA Specialist,linkedin.com/in/matas-butkus-769,2024-09-08
CAND-0699,Aleksandra,Wozniak,aleksandra.wozniak@outlook.com,475.440.2547,Riga,Latvia,SEB,Principal Product Manager,linkedin.com/in/aleksandra-wozniak-895,2024-08-12
CAND-0700,Lukas,Fischer,lukas.fischer@gmail.com,001-484-922-2231x059,Berlin,Germany,Adform,Product Designer,linkedin.com/in/lukas-fischer-969,2024-05-22
CAND-0701,Vilius,Levinskas,vilius.levinskas@gmail.com,,Vilnius,Lithuania,Adform,Head of Product,linkedin.com/in/vilius-levinskas-126,2025-03-10
CAND-0702,Magdalena,Kaminski,magdalena.kaminski@gmail.com,452-638-0552x578,Tallinn,Estonia,Revolut,Frontend Engineer,linkedin.com/in/magdalena-kaminski-178,2024-01-13
CAND-0703,Oksana,Marchenko,oksana.marchenko@gmail.com,706-672-7520,Vilnius,Lithuania,TrueLayer,Senior FP&A Analyst,linkedin.com/in/oksana-marchenko-760,2024-01-14
CAND-0704,Mantas,Butkus,mantas.butkus@yahoo.com,649.229.7517x0281,Kaunas,Lithuania,Telia,Senior Compliance Manager,,2025-05-28
CAND-0705,Kamil,Kowalczyk,kamil.kowalczyk@gmail.com,(693)575-1509x3983,Lviv,Ukraine,Adform,Senior Growth Manager,linkedin.com/in/kamil-kowalczyk-288,2024-03-20
CAND-0706,Charlie,Hughes,charlie.hughes@protonmail.com,7182718637,Kaunas,Lithuania,Vinted,Customer Support Lead,linkedin.com/in/charlie-hughes-206,2024-03-20
CAND-0707,Monika,Kowalski,monika.kowalski@gmail.com,+1-356-526-5650x45547,Krakow,Poland,Bolt,Senior Performance Marketer,linkedin.com/in/monika-kowalski-306,2024-02-03
CAND-0708,Mantas,Radzevicius,mantas.radzevicius@outlook.com,001-576-674-2662x9912,Warsaw,Poland,EPAM Systems,Director of Engineering,,2025-05-27
CAND-0709,Vaida,Stonkus,vaida.stonkus@protonmail.com,985.419.6106x4628,Warsaw,Poland,Barclays Technology,Senior Product Designer,linkedin.com/in/vaida-stonkus-915,2025-01-26
CAND-0710,Anna,Kowalczyk,anna.kowalczyk@gmail.com,626.948.7049,Berlin,Germany,Jam City,Head of Product,,2024-05-24
CAND-0711,William,Thomas,william.thomas@protonmail.com,+1-373-600-2447,Krakow,Poland,CGI,Compliance Manager,linkedin.com/in/william-thomas-738,2025-03-17
CAND-0712,Egle,Levinskas,egle.levinskas@gmail.com,,Tallinn,Estonia,Tesonet,Legal Counsel,linkedin.com/in/egle-levinskas-991,2024-11-12
CAND-0713,Larysa,Melnyk,larysa.melnyk@outlook.com,(827)630-1471x95979,Warsaw,Poland,Devbridge,BI Analyst,linkedin.com/in/larysa-melnyk-172,2024-07-02
CAND-0714,Philipp,Weber,philipp.weber@outlook.com,+1-971-458-9042x9025,Vilnius,Lithuania,TransferGo,Compliance Specialist,linkedin.com/in/philipp-weber-977,2024-05-12
CAND-0715,Weronika,Lewandowski,weronika.lewandowski@gmail.com,(520)445-6504x481,Kaunas,Lithuania,Bite,Finance Manager,linkedin.com/in/weronika-lewandowski-759,2024-02-28
CAND-0716,Lukas,Schneider,lukas.schneider@gmail.com,001-419-228-5544x51895,Vilnius,Lithuania,Swedbank,Product Designer,linkedin.com/in/lukas-schneider-457,2025-04-22
CAND-0717,Paulina,Nowak,paulina.nowak1@gmail.com,(584)457-6521,Vilnius,Lithuania,Swedbank,L&D Specialist,linkedin.com/in/paulina-nowak-450,2025-05-12
CAND-0718,Monika,Mockus,monika.mockus@outlook.com,233.989.8881x67112,Vilnius,Lithuania,Cognizant,Data Scientist,linkedin.com/in/monika-mockus-715,2025-01-24
CAND-0719,Aiste,Grigas,aiste.grigas@gmail.com,(545)427-9852x401,Amsterdam,Netherlands,Telia,Financial Analyst,linkedin.com/in/aiste-grigas-170,2024-10-07
CAND-0720,Pawel,Mazur,pawel.mazur@outlook.com,001-923-842-3216x110,London,United Kingdom,SumUp,Data Engineering Manager,,2025-03-14
CAND-0721,Karolina,Wojcik,karolina.wojcik@gmail.com,,Berlin,Germany,Checkout.com,Director of Data and Analytics,linkedin.com/in/karolina-wojcik-809,2025-02-02
CAND-0722,Ella,Roberts,ella.roberts@gmail.com,6312089071,London,United Kingdom,Miniclip,BI Analyst,linkedin.com/in/ella-roberts-569,2024-05-31
CAND-0723,Rafal,Kowalczyk,rafal.kowalczyk@yahoo.com,440-711-9393,Lviv,Ukraine,Adform,Legal Manager,linkedin.com/in/rafal-kowalczyk-863,2024-07-11
CAND-0724,Karolina,Kaminski,karolina.kaminski@outlook.com,5123495528,Vilnius,Lithuania,Zalando,Mobile Engineer,linkedin.com/in/karolina-kaminski-414,2025-05-29
CAND-0725,Oscar,Hughes,oscar.hughes@outlook.com,290-383-3428,Kaunas,Lithuania,Checkout.com,Senior TA Specialist,linkedin.com/in/oscar-hughes-280,2025-04-14
CAND-0726,Kamil,Wozniak,kamil.wozniak@outlook.com,787.859.2712,Amsterdam,Netherlands,Telia,Senior Financial Analyst,,2024-04-16
CAND-0727,Vilius,Paulauskas,vilius.paulauskas@outlook.com,(638)236-1517x18275,Tallinn,Estonia,Checkout.com,Senior Product Manager,linkedin.com/in/vilius-paulauskas-972,2025-03-06
CAND-0728,Egle,Paulauskas,egle.paulauskas@gmail.com,,Gdansk,Poland,Atea,Senior Compliance Manager,linkedin.com/in/egle-paulauskas-483,2024-08-17
CAND-0729,Yaroslav,Tkachenko,yaroslav.tkachenko@gmail.com,,Riga,Latvia,Luminor,Growth Analyst,linkedin.com/in/yaroslav-tkachenko-126,2024-06-06
CAND-0730,Hannah,Robinson,hannah.robinson@protonmail.com,957-516-4794,Warsaw,Poland,Ubisoft,Compensation and Benefits Analyst,linkedin.com/in/hannah-robinson-759,2025-02-06
CAND-0731,Mia,Evans,mia.evans@gmail.com,,Kaunas,Lithuania,Wise,Senior HR Manager,linkedin.com/in/mia-evans-201,2024-05-09
CAND-0732,Larysa,Kovalchuk,larysa.kovalchuk@protonmail.com,,Riga,Latvia,Revolut,Senior Customer Support Specialist,linkedin.com/in/larysa-kovalchuk-111,2024-06-05
CAND-0733,Viktorija,Radzevicius,viktorija.radzevicius@outlook.com,+1-264-963-1752,Kyiv,Ukraine,LMT,Trust and Safety Analyst,,2024-10-31
CAND-0734,Egle,Mockus,egle.mockus@protonmail.com,+1-716-578-1126x69121,Vilnius,Lithuania,Tesonet,Security Engineer,,2024-04-23
CAND-0735,Marta,Wisniewski,marta.wisniewski@gmail.com,939-861-3674x99465,Vilnius,Lithuania,Bolt,Senior Legal Manager,linkedin.com/in/marta-wisniewski-602,2024-01-23
CAND-0736,Piotr,Wojcik,piotr.wojcik@protonmail.com,384.227.1147x7320,Hamburg,Germany,Jam City,Senior Legal Manager,linkedin.com/in/piotr-wojcik-282,2024-02-02
CAND-0737,Saulius,Grigas,saulius.grigas@yahoo.com,370-326-9524,Vilnius,Lithuania,TrueLayer,Senior Finance Manager,linkedin.com/in/saulius-grigas-648,2024-01-24
CAND-0738,Iryna,Kravchenko,iryna.kravchenko@gmail.com,,Vilnius,Lithuania,Adform,Performance Marketing Manager,linkedin.com/in/iryna-kravchenko-593,2024-07-23
CAND-0739,Bence,Kovacs,bence.kovacs@outlook.com,+1-287-273-4778x48588,Berlin,Germany,Barclays Technology,Senior HR Manager,linkedin.com/in/bence-kovacs-803,2024-10-14
CAND-0740,Janos,Kovacs,janos.kovacs@gmail.com,,Gdansk,Poland,DXC Technology,TA Manager,linkedin.com/in/janos-kovacs-378,2024-11-22
CAND-0741,Kateryna,Bondarenko,kateryna.bondarenko@yahoo.com,(916)875-6770x02842,Hamburg,Germany,Bolt,Legal Counsel,,2024-09-16
CAND-0742,Mykhailo,Boyko,mykhailo.boyko@yahoo.com,(946)971-9788,Vilnius,Lithuania,Wise,Operations Specialist,linkedin.com/in/mykhailo-boyko-174,2024-08-08
CAND-0743,Tobias,Schmidt,tobias.schmidt@gmail.com,+1-728-606-4796,Vilnius,Lithuania,CGI,Senior Performance Marketer,,2024-03-08
CAND-0744,Aleksandra,Wojcik,aleksandra.wojcik@gmail.com,700-790-2559x05616,London,United Kingdom,,,linkedin.com/in/aleksandra-wojcik-761,2025-03-07
CAND-0745,Tobias,Fischer,tobias.fischer@gmail.com,(250)733-3491x14152,Berlin,Germany,King,Financial Analyst,linkedin.com/in/tobias-fischer-715,2024-11-30
CAND-0746,Oleksiy,Tkachenko,oleksiy.tkachenko@gmail.com,2767986407,Amsterdam,Netherlands,Wargaming,Senior Compliance Manager,linkedin.com/in/oleksiy-tkachenko-646,2025-06-24
CAND-0747,Viktorija,Grigas,viktorija.grigas1@gmail.com,,Kaunas,Lithuania,EPAM Systems,FP&A Analyst,linkedin.com/in/viktorija-grigas-669,2024-11-16
CAND-0748,Lukasz,Kozlowski,lukasz.kozlowski@outlook.com,(496)659-1713x5785,Tallinn,Estonia,TransferGo,Senior Operations Manager,linkedin.com/in/lukasz-kozlowski-148,2024-01-11
CAND-0749,Kristina,Butkus,kristina.butkus@gmail.com,(863)571-8344x049,Hamburg,Germany,Danske Bank,Senior Engineering Manager,linkedin.com/in/kristina-butkus-903,2024-02-14
CAND-0750,Viktorija,Mockus,viktorija.mockus@gmail.com,+1-519-719-5419x876,Riga,Latvia,SEB,Senior Financial Analyst,linkedin.com/in/viktorija-mockus-222,2024-05-09
CAND-0751,Rafal,Dabrowska,rafal.dabrowska@outlook.com,848-646-8536,Krakow,Poland,Contentful,Compliance Manager,linkedin.com/in/rafal-dabrowska-848,2025-05-09
CAND-0752,Mindaugas,Jankauskas,mindaugas.jankauskas@gmail.com,+1-687-882-0829x737,Amsterdam,Netherlands,,,linkedin.com/in/mindaugas-jankauskas-976,2024-07-29
CAND-0753,Philipp,Muller,philipp.muller@gmail.com,001-608-835-7232,Vilnius,Lithuania,SEB,Senior Performance Marketer,linkedin.com/in/philipp-muller-704,2025-06-24
CAND-0754,Ivan,Lytovchenko,ivan.lytovchenko1@outlook.com,(451)536-4424x93631,Amsterdam,Netherlands,Nord Security,BI Analyst,linkedin.com/in/ivan-lytovchenko-563,2025-06-09
CAND-0755,Lukas,Mockus,lukas.mockus@outlook.com,5344778660,Warsaw,Poland,Ubisoft,Product Manager,,2024-09-03
CAND-0756,Gintaras,Kazlauskas,gintaras.kazlauskas@outlook.com,720-644-8207x001,Berlin,Germany,SumUp,Head of Product,linkedin.com/in/gintaras-kazlauskas-317,2024-06-03
CAND-0757,Adam,Kowalski,adam.kowalski1@outlook.com,365-616-2319,Vilnius,Lithuania,Freelance,Senior TA Specialist,linkedin.com/in/adam-kowalski-293,2025-02-16
CAND-0758,Rokas,Kairys,rokas.kairys1@outlook.com,313.491.5596x3632,Vilnius,Lithuania,Contentful,Product Manager,,2024-09-29
CAND-0759,Laura,Levinskas,laura.levinskas@yahoo.com,747.364.9078,Kaunas,Lithuania,Swedbank,UX Researcher,linkedin.com/in/laura-levinskas-310,2024-06-24
CAND-0760,George,Lewis,george.lewis@yahoo.com,286-573-4257x54090,Vilnius,Lithuania,Wise,Legal Manager,linkedin.com/in/george-lewis-797,2024-03-12
CAND-0761,Erikas,Stonkus,erikas.stonkus@gmail.com,686-645-1837x606,Kaunas,Lithuania,Playtika,Head of Data,linkedin.com/in/erikas-stonkus-878,2024-01-10
CAND-0762,Alina,Kovalenko,alina.kovalenko@outlook.com,,Berlin,Germany,King,Senior Mobile Engineer,,2025-06-21
CAND-0763,Larysa,Melnyk,larysa.melnyk@gmail.com,634-332-7560,Kyiv,Ukraine,Bite,Compliance Manager,linkedin.com/in/larysa-melnyk-359,2025-01-08
CAND-0764,Katarzyna,Kozlowski,katarzyna.kozlowski@gmail.com,,Kyiv,Ukraine,Zynga,Legal Counsel,linkedin.com/in/katarzyna-kozlowski-520,2024-08-13
CAND-0765,Philipp,Muller,philipp.muller1@gmail.com,001-777-965-6124x81569,London,United Kingdom,Telia,Senior Customer Support Specialist,linkedin.com/in/philipp-muller-486,2024-04-20
CAND-0766,Ioana,Smirnov,ioana.smirnov@yahoo.com,001-300-327-2063x459,Hamburg,Germany,Atea,Fraud Analyst,,2024-10-09
CAND-0767,Adam,Mazur,adam.mazur@yahoo.com,(438)629-6577,Riga,Latvia,Ubisoft,Senior Customer Support Specialist,linkedin.com/in/adam-mazur-801,2024-05-30
CAND-0768,Lukasz,Kaminski,lukasz.kaminski@yahoo.com,(895)843-1652,Warsaw,Poland,Devbridge,Product Lead,linkedin.com/in/lukasz-kaminski-322,2024-10-16
CAND-0769,Oscar,Taylor,oscar.taylor@gmail.com,001-530-608-9317,London,United Kingdom,Wargaming,Mobile Engineer,,2025-05-29
CAND-0770,Laura,Schmidt,laura.schmidt@protonmail.com,001-320-269-6942x152,Kharkiv,Ukraine,Zalando,Senior HR Business Partner,linkedin.com/in/laura-schmidt-132,2025-04-29
CAND-0771,Marius,Petrov,marius.petrov1@outlook.com,,Vilnius,Lithuania,SumUp,Senior Financial Analyst,linkedin.com/in/marius-petrov-795,2024-11-26
CAND-0772,Daniel,Brown,daniel.brown@gmail.com,001-886-477-1333x447,Krakow,Poland,EPAM Systems,Management Accountant,,2025-04-17
CAND-0773,Oleh,Kovalchuk,oleh.kovalchuk@gmail.com,(939)534-3626x20443,Berlin,Germany,Accenture,Fraud Analyst,linkedin.com/in/oleh-kovalchuk-520,2025-04-17
CAND-0774,Aiste,Jankauskas,aiste.jankauskas@gmail.com,(697)310-7256x366,Warsaw,Poland,Contentful,Trust and Safety Analyst,,2024-10-27
CAND-0775,Agne,Zukauskas,agne.zukauskas@protonmail.com,280-205-3759,Riga,Latvia,TrueLayer,Senior Legal Manager,linkedin.com/in/agne-zukauskas-949,2024-04-19
CAND-0776,Lukasz,Kaminski,lukasz.kaminski@outlook.com,689-464-6528x092,Amsterdam,Netherlands,TransferGo,Security Engineer,linkedin.com/in/lukasz-kaminski-858,2025-05-22
CAND-0777,Agne,Rimkus,agne.rimkus@protonmail.com,475.972.1586x24150,Lviv,Ukraine,Wargaming,Legal Manager,linkedin.com/in/agne-rimkus-100,2024-06-05
CAND-0778,Dmytro,Bondarenko,dmytro.bondarenko@gmail.com,956-444-9485x625,Vilnius,Lithuania,Barclays Technology,Senior Legal Counsel,linkedin.com/in/dmytro-bondarenko-595,2024-07-07
CAND-0779,Hannah,Taylor,hannah.taylor1@yahoo.com,+1-970-632-0320,Amsterdam,Netherlands,Miniclip,Senior Product Manager,linkedin.com/in/hannah-taylor-938,2024-09-03
CAND-0780,Jolanta,Grigas,jolanta.grigas@outlook.com,(976)917-0758,London,United Kingdom,EA Games,Senior Compliance Manager,linkedin.com/in/jolanta-grigas-814,2024-04-19
CAND-0781,Karolina,Kowalski,karolina.kowalski@gmail.com,512.215.1342x2849,Krakow,Poland,Wargaming,Accounts Assistant,linkedin.com/in/karolina-kowalski-463,2024-05-22
CAND-0782,Katarzyna,Kowalski,katarzyna.kowalski@gmail.com,392.761.3715x04165,Amsterdam,Netherlands,Barclays Technology,Brand Manager,linkedin.com/in/katarzyna-kowalski-164,2024-06-27
CAND-0783,Tobias,Becker,tobias.becker@protonmail.com,,Vilnius,Lithuania,,,linkedin.com/in/tobias-becker-503,2024-03-10
CAND-0784,Petra,Smirnov,petra.smirnov@yahoo.com,(701)277-7490,Krakow,Poland,Barclays Technology,FP&A Analyst,linkedin.com/in/petra-smirnov-694,2024-12-22
CAND-0785,Natalia,Kovalenko,natalia.kovalenko@gmail.com,,Vilnius,Lithuania,Nord Security,Principal Product Manager,linkedin.com/in/natalia-kovalenko-337,2024-08-30
CAND-0786,Egle,Ambrazas,egle.ambrazas@gmail.com,+1-897-359-2304x5018,Warsaw,Poland,King,Lead UX Researcher,linkedin.com/in/egle-ambrazas-960,2024-01-31
CAND-0787,Tiberiu,Petrov,tiberiu.petrov@gmail.com,,Krakow,Poland,Zalando,SEO Specialist,linkedin.com/in/tiberiu-petrov-330,2024-07-25
CAND-0788,Tim,Schmidt,tim.schmidt@yahoo.com,(342)636-1032x6642,Gdansk,Poland,Nord Security,Marketing Coordinator,,2025-01-03
CAND-0789,Isabelle,Jones,isabelle.jones1@gmail.com,964.692.5158x3776,London,United Kingdom,Freelance,Legal Counsel,linkedin.com/in/isabelle-jones-585,2025-05-27
CAND-0790,Aleksandra,Mazur,aleksandra.mazur@gmail.com,,Kaunas,Lithuania,Jam City,HR Manager,linkedin.com/in/aleksandra-mazur-629,2024-11-01
CAND-0791,Ruta,Noreika,ruta.noreika@gmail.com,001-896-316-5926,Riga,Latvia,Devbridge,FP&A Analyst,linkedin.com/in/ruta-noreika-992,2024-06-10
CAND-0792,Janos,Toth,janos.toth@yahoo.com,,Berlin,Germany,Swedbank,Senior Backend Engineer,linkedin.com/in/janos-toth-369,2024-01-31
CAND-0793,Domantas,Stankus,domantas.stankus@gmail.com,3856732788,Krakow,Poland,CGI,Backend Engineer,,2024-02-06
CAND-0794,Rafal,Kaminski,rafal.kaminski@protonmail.com,261.374.2243x864,Vilnius,Lithuania,Paddle,Head of Compliance,,2024-04-16
CAND-0795,Vaida,Ambrazas,vaida.ambrazas@outlook.com,6817866179,Amsterdam,Netherlands,N26,Senior Engineering Manager,,2024-07-19
CAND-0796,Mariya,Boyko,mariya.boyko@protonmail.com,891-680-1722x601,Berlin,Germany,SEB,Senior TA Specialist,,2024-05-21
CAND-0797,Saulius,Urbonas,saulius.urbonas@gmail.com,897-279-4523x21941,Hamburg,Germany,Contentful,Growth Manager,linkedin.com/in/saulius-urbonas-865,2024-02-16
CAND-0798,Nikita,Popescu,nikita.popescu@gmail.com,9616027769,Kaunas,Lithuania,Devbridge,QA Engineer,linkedin.com/in/nikita-popescu-350,2024-10-26
CAND-0799,Jonas,Jankauskas,jonas.jankauskas@gmail.com,+1-595-264-1220x310,Krakow,Poland,DXC Technology,Operations Manager,linkedin.com/in/jonas-jankauskas-409,2025-01-10
CAND-0800,Liam,Brown,liam.brown@yahoo.com,,Warsaw,Poland,Checkout.com,Product Designer,,2025-05-12
CAND-0801,Matas,Kairys,matas.kairys@gmail.com,972.436.8314,Krakow,Poland,TransferGo,Customer Support Lead,linkedin.com/in/matas-kairys-340,2025-03-26
CAND-0802,Dmytro,Kovalenko,dmytro.kovalenko@outlook.com,,Warsaw,Poland,EA Games,HR Business Partner,linkedin.com/in/dmytro-kovalenko-975,2025-01-28
CAND-0803,Natalia,Szymanski,natalia.szymanski@gmail.com,560.612.2777x0793,Kaunas,Lithuania,,,linkedin.com/in/natalia-szymanski-153,2024-11-08
CAND-0804,Inga,Stankus,inga.stankus@gmail.com,,Tallinn,Estonia,Playtika,Trust and Safety Lead,linkedin.com/in/inga-stankus-537,2024-02-28
CAND-0805,Grace,Clark,grace.clark@protonmail.com,001-660-250-1667,Kharkiv,Ukraine,Checkout.com,Senior Compliance Manager,linkedin.com/in/grace-clark-490,2025-04-23
CAND-0806,Laura,Klein,laura.klein@gmail.com,767.389.9730x8069,London,United Kingdom,Personio,Chief Product Officer,linkedin.com/in/laura-klein-504,2024-02-09
CAND-0807,Yaroslav,Tkachenko,yaroslav.tkachenko@protonmail.com,,Tallinn,Estonia,TransferGo,Senior FP&A Analyst,,2024-07-02
CAND-0808,Jakub,Szymanski,jakub.szymanski@gmail.com,,Berlin,Germany,Paddle,Senior CRM Manager,,2024-10-10
CAND-0809,Anastasia,Smirnov,anastasia.smirnov@gmail.com,567-917-9576x024,Kyiv,Ukraine,SumUp,Legal Counsel,linkedin.com/in/anastasia-smirnov-732,2024-02-20
CAND-0810,Greta,Kairys,greta.kairys@outlook.com,(873)783-9597x246,Vilnius,Lithuania,N26,Director of Engineering,,2024-01-17
CAND-0811,Lisa,Schulz,lisa.schulz@protonmail.com,329.834.1722x3297,Warsaw,Poland,Nord Security,Senior Product Manager,linkedin.com/in/lisa-schulz-342,2024-07-27
CAND-0812,Rafal,Nowak,rafal.nowak@protonmail.com,243.338.0054x5228,Warsaw,Poland,Playtika,Senior Operations Specialist,linkedin.com/in/rafal-nowak-517,2025-01-18
CAND-0813,Weronika,Kowalski,weronika.kowalski@gmail.com,661-493-1837x45508,Warsaw,Poland,Tesonet,Frontend Engineer,,2025-06-07
CAND-0814,Sandra,Hoffmann,sandra.hoffmann@protonmail.com,001-289-310-7711x991,Vilnius,Lithuania,EA Games,Senior Frontend Engineer,linkedin.com/in/sandra-hoffmann-764,2024-03-21
CAND-0815,Oksana,Fedorov,oksana.fedorov@yahoo.com,,Tallinn,Estonia,Luminor,Senior Product Lead,linkedin.com/in/oksana-fedorov-775,2025-06-21
CAND-0816,Mykola,Moroz,mykola.moroz@gmail.com,,Warsaw,Poland,Danske Bank,Senior CRM Manager,,2024-09-03
CAND-0817,Natalia,Lewandowski,natalia.lewandowski@gmail.com,(313)452-4787,Berlin,Germany,Danske Bank,Compliance Manager,,2024-08-23
CAND-0818,Oksana,Shevchuk,oksana.shevchuk@gmail.com,,Kaunas,Lithuania,EA Games,Data Scientist,linkedin.com/in/oksana-shevchuk-220,2024-03-24
CAND-0819,Karolina,Kaminski,karolina.kaminski1@outlook.com,+1-455-321-3760x3754,Kyiv,Ukraine,Wise,Legal Counsel,linkedin.com/in/karolina-kaminski-883,2025-04-26
CAND-0820,Felix,Hartmann,felix.hartmann@outlook.com,856-953-2863x266,Vilnius,Lithuania,Bolt,Senior Analytics Engineer,,2024-12-28
CAND-0821,Kristina,Rimkus,kristina.rimkus@gmail.com,250.872.0811x55626,Riga,Latvia,CGI,VP of Product,linkedin.com/in/kristina-rimkus-463,2025-04-04
CAND-0822,Petra,Kovacs,petra.kovacs@outlook.com,001-602-490-8466x84550,Kyiv,Ukraine,EA Games,Product Manager,linkedin.com/in/petra-kovacs-478,2025-04-09
CAND-0823,Tomasz,Jankowski,tomasz.jankowski@gmail.com,001-367-238-9975x634,Berlin,Germany,Vinted,Compensation and Benefits Analyst,linkedin.com/in/tomasz-jankowski-282,2024-05-26
CAND-0824,Jolanta,Ambrazas,jolanta.ambrazas@yahoo.com,+1-656-728-8431,Amsterdam,Netherlands,Accenture,Senior Product Designer,linkedin.com/in/jolanta-ambrazas-380,2025-05-13
CAND-0825,Katarzyna,Kowalczyk,katarzyna.kowalczyk@yahoo.com,,Wroclaw,Poland,,,linkedin.com/in/katarzyna-kowalczyk-198,2024-07-30
CAND-0826,Oksana,Kovalenko,oksana.kovalenko@yahoo.com,,Gdansk,Poland,Checkout.com,Marketing Coordinator,linkedin.com/in/oksana-kovalenko-388,2025-03-12
CAND-0827,Claudia,Becker,claudia.becker@gmail.com,,London,United Kingdom,TransferGo,Senior Legal Manager,linkedin.com/in/claudia-becker-985,2024-05-20
CAND-0828,Anastasia,Ivanov,anastasia.ivanov@gmail.com,001-620-708-9434x68105,Warsaw,Poland,Bolt,Operations Analyst,linkedin.com/in/anastasia-ivanov-745,2025-06-09
CAND-0829,Tobias,Klein,tobias.klein@gmail.com,501-574-9075,Wroclaw,Poland,TrueLayer,Trust and Safety Analyst,linkedin.com/in/tobias-klein-998,2024-02-06
CAND-0830,Oksana,Nagy,oksana.nagy@yahoo.com,(544)792-6831x589,Wroclaw,Poland,Zalando,Senior FP&A Analyst,,2025-05-23
CAND-0831,Lukas,Kairys,lukas.kairys@protonmail.com,912.366.1106x273,Vilnius,Lithuania,Bolt,Senior Legal Counsel,,2024-02-09
CAND-0832,Damian,Dabrowska,damian.dabrowska@yahoo.com,(986)898-8649x767,Kaunas,Lithuania,TrueLayer,Senior Analytics Manager,,2025-05-11
CAND-0833,Weronika,Lewandowski,weronika.lewandowski@yahoo.com,(328)527-7288,Vilnius,Lithuania,TransferGo,FP&A Analyst,linkedin.com/in/weronika-lewandowski-778,2025-03-11
CAND-0834,Rytis,Paulauskas,rytis.paulauskas@gmail.com,670.228.5196x115,London,United Kingdom,Cognizant,Legal Manager,linkedin.com/in/rytis-paulauskas-374,2025-06-03
CAND-0835,Aiste,Petrauskas,aiste.petrauskas@yahoo.com,,Warsaw,Poland,Accenture,Compensation and Benefits Analyst,linkedin.com/in/aiste-petrauskas-366,2024-02-25
CAND-0836,Simona,Petrauskas,simona.petrauskas@gmail.com,221.654.5447x02296,Warsaw,Poland,Revolut,Marketing Manager,,2024-12-03
CAND-0837,Inga,Zukauskas,inga.zukauskas@gmail.com,,Warsaw,Poland,Atea,Senior Product Designer,linkedin.com/in/inga-zukauskas-303,2024-06-09
CAND-0838,Nikita,Kovacs,nikita.kovacs@gmail.com,,Warsaw,Poland,Delivery Hero,Head of Growth,,2025-06-23
CAND-0839,Rokas,Petrauskas,rokas.petrauskas@gmail.com,632-970-1851x0679,Vilnius,Lithuania,Jam City,Marketing Coordinator,,2025-01-21
CAND-0840,David,Hartmann,david.hartmann@gmail.com,867-892-2877x72519,Berlin,Germany,Luminor,Junior Frontend Engineer,linkedin.com/in/david-hartmann-702,2025-02-04
CAND-0841,Neringa,Stankus,neringa.stankus@outlook.com,265.680.7412,Vilnius,Lithuania,Personio,Senior Compliance Manager,,2025-04-27
CAND-0842,Krzysztof,Zielinski,krzysztof.zielinski@yahoo.com,+1-518-913-9890,Warsaw,Poland,Checkout.com,SEO Specialist,,2025-01-16
CAND-0843,Lucy,Brown,lucy.brown@yahoo.com,,Kaunas,Lithuania,N26,Senior Legal Counsel,linkedin.com/in/lucy-brown-440,2024-05-27
CAND-0844,Sophie,Thomas,sophie.thomas@gmail.com,701.882.0433x97189,Wroclaw,Poland,EA Games,SEO Specialist,linkedin.com/in/sophie-thomas-584,2025-06-19
CAND-0845,Sarah,Muller,sarah.muller@outlook.com,001-707-805-6260,Warsaw,Poland,CGI,Junior BI Analyst,,2024-10-01
CAND-0846,Sandra,Becker,sandra.becker@yahoo.com,611-818-2422x412,Gdansk,Poland,Contentful,Fraud Analyst,linkedin.com/in/sandra-becker-979,2024-03-24
CAND-0847,Mikhail,Petrov,mikhail.petrov@gmail.com,,Vilnius,Lithuania,TransferGo,Data Analyst,linkedin.com/in/mikhail-petrov-534,2025-05-22
CAND-0848,Lina,Stonkus,lina.stonkus@protonmail.com,,Kaunas,Lithuania,Wargaming,FP&A Analyst,,2024-10-04
CAND-0849,Tetyana,Moroz,tetyana.moroz@protonmail.com,+1-720-695-2004x61526,Warsaw,Poland,Delivery Hero,Partner Operations Manager,linkedin.com/in/tetyana-moroz-315,2024-12-04
CAND-0850,Daria,Nagy,daria.nagy@yahoo.com,(610)233-9937x8861,Berlin,Germany,Accenture,Compensation and Benefits Analyst,linkedin.com/in/daria-nagy-105,2024-11-15
CAND-0851,Jonas,Schulz,jonas.schulz@outlook.com,578-461-7063x04891,Vilnius,Lithuania,LMT,Data Engineer,linkedin.com/in/jonas-schulz-114,2024-07-16
CAND-0852,Aiste,Radzevicius,aiste.radzevicius1@protonmail.com,896-971-8325x8238,Tallinn,Estonia,Swedbank,Senior Financial Analyst,linkedin.com/in/aiste-radzevicius-256,2024-04-15
CAND-0853,David,Hoffmann,david.hoffmann@gmail.com,6076942007,Krakow,Poland,Freelance,L&D Specialist,,2025-04-29
CAND-0854,Edvinas,Gudas,edvinas.gudas@gmail.com,,Tallinn,Estonia,Tesonet,Senior Data Analyst,linkedin.com/in/edvinas-gudas-153,2024-05-20
CAND-0855,Yaroslav,Oliynyk,yaroslav.oliynyk@gmail.com,+1-865-339-8402x89141,Kyiv,Ukraine,Contentful,Compensation and Benefits Analyst,,2024-12-29
CAND-0856,Aleksandra,Nowak,aleksandra.nowak@yahoo.com,,Gdansk,Poland,Jam City,Senior FP&A Analyst,linkedin.com/in/aleksandra-nowak-601,2024-09-13
CAND-0857,Hannah,Richter,hannah.richter@gmail.com,(684)963-9855,Amsterdam,Netherlands,LMT,Customer Support Lead,linkedin.com/in/hannah-richter-997,2024-07-14
CAND-0858,Jakub,Wojcik,jakub.wojcik@outlook.com,935-253-7950x209,Vilnius,Lithuania,EA Games,FP&A Analyst,,2025-05-29
CAND-0859,Elena,Kovacs,elena.kovacs@protonmail.com,2269876811,Vilnius,Lithuania,SumUp,Senior Financial Analyst,,2025-04-27
CAND-0860,Kinga,Nagy,kinga.nagy@outlook.com,+1-215-569-5620x17537,Tallinn,Estonia,Checkout.com,Product Manager,linkedin.com/in/kinga-nagy-830,2024-06-05
CAND-0861,Leon,Schmidt,leon.schmidt@outlook.com,,Vilnius,Lithuania,Bite,QA Engineer,linkedin.com/in/leon-schmidt-973,2024-07-17
CAND-0862,Lisa,Hartmann,lisa.hartmann@protonmail.com,,Warsaw,Poland,Revolut,Fraud Analyst,linkedin.com/in/lisa-hartmann-783,2024-03-03
CAND-0863,Agne,Mockus,agne.mockus@gmail.com,001-604-953-1943x3750,Vilnius,Lithuania,Zynga,Senior Performance Marketer,linkedin.com/in/agne-mockus-864,2024-01-04
CAND-0864,Marta,Lewandowski,marta.lewandowski@outlook.com,001-593-403-6149x872,London,United Kingdom,Ubisoft,Legal Counsel,linkedin.com/in/marta-lewandowski-188,2024-07-09
CAND-0865,Anna,Jankowski,anna.jankowski@gmail.com,,Vilnius,Lithuania,Danske Bank,Legal Counsel,linkedin.com/in/anna-jankowski-797,2024-07-14
CAND-0866,Sophie,Muller,sophie.muller@outlook.com,692-512-4938,Vilnius,Lithuania,Adform,Operations Specialist,linkedin.com/in/sophie-muller-304,2024-06-30
CAND-0867,Tiberiu,Kovacs,tiberiu.kovacs@gmail.com,+1-308-994-8706x05664,Krakow,Poland,Atea,Senior Legal Manager,linkedin.com/in/tiberiu-kovacs-954,2025-01-29
CAND-0868,Aiste,Urbonas,aiste.urbonas@protonmail.com,,Riga,Latvia,Delivery Hero,Trust and Safety Lead,linkedin.com/in/aiste-urbonas-860,2024-10-02
CAND-0869,Laura,Gudas,laura.gudas@outlook.com,558.703.0468x7506,Wroclaw,Poland,TrueLayer,Senior Analytics Engineer,linkedin.com/in/laura-gudas-481,2025-01-21
CAND-0870,Lisa,Bauer,lisa.bauer@gmail.com,790-636-1332,Amsterdam,Netherlands,Wargaming,Data Scientist,linkedin.com/in/lisa-bauer-202,2024-07-10
CAND-0871,Tiberiu,Kuznetsov,tiberiu.kuznetsov@gmail.com,,Kaunas,Lithuania,Miniclip,Senior Compliance Manager,,2025-04-29
CAND-0872,Rafal,Fedorov,rafal.fedorov@gmail.com,510-376-0954,Kaunas,Lithuania,King,Marketing Manager,linkedin.com/in/rafal-fedorov-892,2024-10-02
CAND-0873,Aleksander,Nagy,aleksander.nagy@yahoo.com,335.305.8319x9717,Warsaw,Poland,Zynga,Head of Growth,linkedin.com/in/aleksander-nagy-441,2024-02-25
CAND-0874,Andrei,Ivanov,andrei.ivanov@outlook.com,6068512070,Berlin,Germany,,,linkedin.com/in/andrei-ivanov-276,2024-11-04
CAND-0875,Marcin,Zielinski,marcin.zielinski@gmail.com,810-580-4661,Vilnius,Lithuania,Paddle,Customer Support Specialist,linkedin.com/in/marcin-zielinski-582,2025-02-07
CAND-0876,Katharina,Wagner,katharina.wagner@outlook.com,+1-990-776-7699x150,Kyiv,Ukraine,Nord Security,Talent Acquisition Specialist,linkedin.com/in/katharina-wagner-434,2024-10-16
CAND-0877,Charlotte,Roberts,charlotte.roberts@outlook.com,001-431-610-9193,Kaunas,Lithuania,,,,2024-01-28
CAND-0878,Kristina,Urbonas,kristina.urbonas@gmail.com,(867)797-2320x024,Riga,Latvia,Miniclip,Senior HR Manager,linkedin.com/in/kristina-urbonas-292,2024-02-15
CAND-0879,Rytis,Zukauskas,rytis.zukauskas@protonmail.com,498-222-7495x4508,Vilnius,Lithuania,EPAM Systems,Senior TA Specialist,linkedin.com/in/rytis-zukauskas-531,2024-07-02
CAND-0880,Monika,Daunoras,monika.daunoras@gmail.com,388.706.5333,Kyiv,Ukraine,Freelance,HR Manager,linkedin.com/in/monika-daunoras-231,2025-06-03
CAND-0881,Maciej,Dabrowska,maciej.dabrowska@protonmail.com,677.895.9959,Kyiv,Ukraine,EPAM Systems,HR Business Partner,linkedin.com/in/maciej-dabrowska-921,2025-04-06
CAND-0882,Halyna,Kravchenko,halyna.kravchenko@yahoo.com,,Vilnius,Lithuania,Wise,Senior TA Specialist,,2024-03-22
CAND-0883,Gintaras,Gudas,gintaras.gudas@yahoo.com,,London,United Kingdom,LMT,TA Coordinator,linkedin.com/in/gintaras-gudas-988,2025-05-16
CAND-0884,Filip,Kowalczyk,filip.kowalczyk@outlook.com,921-770-7303x37933,Warsaw,Poland,Playtika,FP&A Analyst,linkedin.com/in/filip-kowalczyk-557,2024-11-28
CAND-0885,Jonas,Urbonas,jonas.urbonas@protonmail.com,001-463-662-0501x5081,Kyiv,Ukraine,Contentful,Data Analyst,linkedin.com/in/jonas-urbonas-248,2025-05-20
CAND-0886,Pawel,Kozlowski,pawel.kozlowski@yahoo.com,439.750.0334x234,Riga,Latvia,TrueLayer,Compliance Specialist,linkedin.com/in/pawel-kozlowski-250,2024-04-13
CAND-0887,Adam,Dabrowska,adam.dabrowska@protonmail.com,+1-432-830-2410,Kaunas,Lithuania,Wise,Senior Financial Analyst,,2025-03-19
CAND-0888,Mirela,Kovacs,mirela.kovacs@yahoo.com,+1-315-334-7355x2896,Amsterdam,Netherlands,Contentful,DevOps Engineer,linkedin.com/in/mirela-kovacs-547,2024-10-08
CAND-0889,Sophie,Schulz,sophie.schulz@protonmail.com,(823)538-6559,Kaunas,Lithuania,Wise,FP&A Analyst,linkedin.com/in/sophie-schulz-900,2025-02-28
CAND-0890,Andreas,Hoffmann,andreas.hoffmann@protonmail.com,2996384253,Warsaw,Poland,Playtika,Partner Operations Manager,,2025-04-16
CAND-0891,Tetyana,Shevchuk,tetyana.shevchuk@outlook.com,(489)873-1791,Krakow,Poland,CGI,Fraud Analyst,linkedin.com/in/tetyana-shevchuk-974,2025-05-25
CAND-0892,Egle,Mockus,egle.mockus@outlook.com,001-885-278-7255x87774,Amsterdam,Netherlands,Pipedrive,Senior Compliance Manager,linkedin.com/in/egle-mockus-865,2025-06-26
CAND-0893,Adam,Szymanski,adam.szymanski@protonmail.com,833.473.6346,Vilnius,Lithuania,EA Games,Senior Analytics Engineer,linkedin.com/in/adam-szymanski-883,2024-01-24
CAND-0894,Ethan,Wilson,ethan.wilson@gmail.com,(248)912-1478x539,Krakow,Poland,SEB,Product Manager,linkedin.com/in/ethan-wilson-213,2024-10-23
CAND-0895,Tadas,Noreika,tadas.noreika@outlook.com,495.967.7665x75460,Vilnius,Lithuania,Zynga,FP&A Analyst,linkedin.com/in/tadas-noreika-780,2024-11-21
CAND-0896,Iryna,Kovalchuk,iryna.kovalchuk@outlook.com,,Warsaw,Poland,Bite,Senior Analytics Manager,linkedin.com/in/iryna-kovalchuk-103,2025-06-29
CAND-0897,Chloe,Williams,chloe.williams@protonmail.com,,Kaunas,Lithuania,Freelance,Head of Talent Acquisition,linkedin.com/in/chloe-williams-129,2024-08-17
CAND-0898,Viktorija,Radzevicius,viktorija.radzevicius@protonmail.com,341.651.4888,Vilnius,Lithuania,Miniclip,SEO Specialist,linkedin.com/in/viktorija-radzevicius-479,2024-01-24
CAND-0899,Katharina,Wagner,katharina.wagner@yahoo.com,511.715.0835,Vilnius,Lithuania,Revolut,Senior Legal Counsel,linkedin.com/in/katharina-wagner-829,2024-07-23
CAND-0900,Jakub,Wojcik,jakub.wojcik1@yahoo.com,844-839-2840x445,Warsaw,Poland,Zynga,Head of Legal,,2025-05-27
CAND-0901,Tetyana,Shevchenko,tetyana.shevchenko@gmail.com,001-907-582-6333,Gdansk,Poland,Wargaming,Senior DevOps Engineer,,2025-04-26
CAND-0902,Marius,Kovacs,marius.kovacs@protonmail.com,298.777.5153x66377,London,United Kingdom,Zynga,Staff Engineer,linkedin.com/in/marius-kovacs-931,2025-02-11
CAND-0903,Emily,Davies,emily.davies@outlook.com,(892)840-7553,Berlin,Germany,Freelance,Senior Legal Counsel,linkedin.com/in/emily-davies-967,2024-09-25
CAND-0904,Lily,Jones,lily.jones@protonmail.com,+1-868-845-9090x22599,Kaunas,Lithuania,CGI,Senior Analytics Manager,linkedin.com/in/lily-jones-199,2024-12-03
CAND-0905,Oleh,Lytovchenko,oleh.lytovchenko@outlook.com,,Kyiv,Ukraine,CGI,Senior FP&A Analyst,,2024-09-21
CAND-0906,Larysa,Shevchenko,larysa.shevchenko@gmail.com,961.686.3715,Vilnius,Lithuania,Danske Bank,Senior Operations Specialist,,2024-06-11
CAND-0907,Artem,Oliynyk,artem.oliynyk@protonmail.com,421-582-0970,Kyiv,Ukraine,Adform,Senior Analytics Engineer,linkedin.com/in/artem-oliynyk-333,2024-01-29
CAND-0908,Daria,Fedorov,daria.fedorov1@gmail.com,264-733-4817,London,United Kingdom,TrueLayer,Senior HR Business Partner,,2024-06-08
CAND-0909,Daryna,Kravchenko,daryna.kravchenko@outlook.com,,Berlin,Germany,Revolut,Compliance Specialist,linkedin.com/in/daryna-kravchenko-166,2024-12-16
CAND-0910,Matas,Mockus,matas.mockus@yahoo.com,,Kyiv,Ukraine,Freelance,SEO Specialist,linkedin.com/in/matas-mockus-753,2024-01-13
CAND-0911,Ioana,Toth,ioana.toth@protonmail.com,502.456.6212x86716,London,United Kingdom,Swedbank,Head of Product,linkedin.com/in/ioana-toth-647,2024-03-22
CAND-0912,Janos,Kuznetsov,janos.kuznetsov1@gmail.com,546.972.9949,Riga,Latvia,Wise,SEO Specialist,linkedin.com/in/janos-kuznetsov-723,2024-09-29
CAND-0913,Mykola,Lytovchenko,mykola.lytovchenko@gmail.com,,Vilnius,Lithuania,EPAM Systems,Frontend Engineer,linkedin.com/in/mykola-lytovchenko-695,2025-05-03
CAND-0914,Ewelina,Kowalski,ewelina.kowalski@gmail.com,,Vilnius,Lithuania,Cognizant,Principal Product Manager,linkedin.com/in/ewelina-kowalski-655,2024-08-08
CAND-0915,Oleksiy,Moroz,oleksiy.moroz@outlook.com,,Vilnius,Lithuania,Bite,Senior CRM Manager,linkedin.com/in/oleksiy-moroz-567,2024-01-01
CAND-0916,Gintaras,Grigas,gintaras.grigas@protonmail.com,930-927-1693x859,Berlin,Germany,Barclays Technology,Finance Director,linkedin.com/in/gintaras-grigas-644,2024-09-11
CAND-0917,Aleksandra,Kowalczyk,aleksandra.kowalczyk@protonmail.com,590.414.7546x926,Lviv,Ukraine,Wise,Compliance Specialist,linkedin.com/in/aleksandra-kowalczyk-283,2024-03-08
CAND-0918,Sophie,Clark,sophie.clark@outlook.com,+1-667-362-9160x324,London,United Kingdom,Wise,Marketing Manager,linkedin.com/in/sophie-clark-613,2024-11-08
CAND-0919,Marta,Dabrowska,marta.dabrowska1@gmail.com,,Vilnius,Lithuania,Tesonet,Operations Analyst,,2024-06-10
CAND-0920,Taras,Oliynyk,taras.oliynyk@protonmail.com,001-937-468-1511x856,Kaunas,Lithuania,Personio,Head of Marketing,,2024-11-06
CAND-0921,Filip,Mazur,filip.mazur@protonmail.com,838-207-0176x563,Warsaw,Poland,Ubisoft,HR Manager,,2025-02-17
CAND-0922,Matas,Daunoras,matas.daunoras1@gmail.com,3415257771,London,United Kingdom,Delivery Hero,FP&A Analyst,linkedin.com/in/matas-daunoras-537,2025-01-26
CAND-0923,Agnieszka,Jankowski,agnieszka.jankowski@gmail.com,001-372-874-2209x124,Berlin,Germany,Personio,Product Manager,linkedin.com/in/agnieszka-jankowski-591,2025-04-26
CAND-0924,Petra,Smirnov,petra.smirnov1@gmail.com,(210)542-7523,Tallinn,Estonia,SEB,Platform Engineer,linkedin.com/in/petra-smirnov-650,2025-01-13
CAND-0925,Maciej,Wisniewski,maciej.wisniewski@protonmail.com,508.516.4709x006,Lviv,Ukraine,Luminor,Senior Analytics Manager,linkedin.com/in/maciej-wisniewski-675,2024-03-31
CAND-0926,Tomasz,Wozniak,tomasz.wozniak@yahoo.com,,London,United Kingdom,Adform,Senior Product Lead,,2025-01-04
CAND-0927,Nikita,Nagy,nikita.nagy1@gmail.com,(333)410-6005x313,Berlin,Germany,CGI,Senior CRM Manager,linkedin.com/in/nikita-nagy-718,2024-01-24
CAND-0928,Aiste,Zukauskas,aiste.zukauskas@outlook.com,,Riga,Latvia,Vinted,Operations Analyst,,2025-05-31
CAND-0929,Bence,Smirnov,bence.smirnov1@gmail.com,001-820-868-1558x3938,Tallinn,Estonia,Bolt,Head of Product,linkedin.com/in/bence-smirnov-917,2025-06-09
CAND-0930,Tiberiu,Fedorov,tiberiu.fedorov@protonmail.com,,Kyiv,Ukraine,Telia,Senior Financial Analyst,linkedin.com/in/tiberiu-fedorov-174,2024-07-05
CAND-0931,Taras,Marchenko,taras.marchenko@protonmail.com,733-215-5206,Wroclaw,Poland,Playtika,Senior HR Business Partner,linkedin.com/in/taras-marchenko-499,2024-01-20
CAND-0932,Matas,Mockus,matas.mockus@gmail.com,(937)331-4950x1364,Kyiv,Ukraine,Checkout.com,Legal Manager,,2024-12-29
CAND-0933,Daria,Toth,daria.toth1@gmail.com,001-789-924-1956x252,Vilnius,Lithuania,Playtika,Engineering Manager,,2024-12-01
CAND-0934,Oksana,Toth,oksana.toth1@gmail.com,250-599-7683,Kharkiv,Ukraine,N26,Marketing Manager,linkedin.com/in/oksana-toth-550,2024-05-06
CAND-0935,Tiberiu,Toth,tiberiu.toth@outlook.com,2914436391,Kaunas,Lithuania,Zalando,Marketing Manager,linkedin.com/in/tiberiu-toth-279,2025-06-02
CAND-0936,Anastasia,Nagy,anastasia.nagy@gmail.com,(474)632-6303x975,Berlin,Germany,Zynga,Senior Operations Specialist,linkedin.com/in/anastasia-nagy-315,2024-04-02
CAND-0937,George,Thomas,george.thomas@gmail.com,,Vilnius,Lithuania,SEB,HR Business Partner,linkedin.com/in/george-thomas-417,2024-03-07
CAND-0938,Katarzyna,Wojcik,katarzyna.wojcik@protonmail.com,508-864-0355x33803,Tallinn,Estonia,SEB,Compliance Specialist,,2024-11-27
CAND-0939,Greta,Radzevicius,greta.radzevicius@gmail.com,452.570.1713x02321,Vilnius,Lithuania,Cognizant,Frontend Engineer,,2024-10-27
CAND-0940,Kamil,Zielinski,kamil.zielinski@gmail.com,881.467.4233,Berlin,Germany,Tesonet,Data Analyst,,2024-01-31
CAND-0941,Filip,Mazur,filip.mazur@gmail.com,+1-834-449-7347x156,Vilnius,Lithuania,Playtika,Operations Analyst,linkedin.com/in/filip-mazur-992,2024-05-27
CAND-0942,Marius,Fedorov,marius.fedorov@protonmail.com,476.489.6270x6614,Vilnius,Lithuania,Wargaming,Operations Manager,linkedin.com/in/marius-fedorov-167,2024-04-25
CAND-0943,Marius,Kuznetsov,marius.kuznetsov@outlook.com,467-947-4689x715,Tallinn,Estonia,Jam City,DevOps Engineer,,2024-09-20
CAND-0944,Vaida,Paulauskas,vaida.paulauskas@outlook.com,823.800.8576,Riga,Latvia,Ubisoft,Brand Manager,linkedin.com/in/vaida-paulauskas-246,2024-08-18
CAND-0945,Nicole,Wagner,nicole.wagner@gmail.com,,Vilnius,Lithuania,N26,Management Accountant,linkedin.com/in/nicole-wagner-827,2025-04-18
CAND-0946,Jana,Klein,jana.klein@gmail.com,,Vilnius,Lithuania,Telia,Trust and Safety Lead,,2024-02-05
CAND-0947,Katharina,Muller,katharina.muller@gmail.com,,Vilnius,Lithuania,Jam City,Engineering Manager,linkedin.com/in/katharina-muller-430,2024-01-12
CAND-0948,Vasyl,Bondarenko,vasyl.bondarenko@protonmail.com,,Lviv,Ukraine,Swedbank,Head of Compliance,linkedin.com/in/vasyl-bondarenko-658,2025-03-26
CAND-0949,Dovydas,Stankus,dovydas.stankus@gmail.com,,Vilnius,Lithuania,CGI,Compliance Manager,linkedin.com/in/dovydas-stankus-784,2024-12-16
CAND-0950,Daniel,Davies,daniel.davies@outlook.com,001-556-874-9160x1692,Gdansk,Poland,Adform,Product Designer,,2024-05-03
CAND-0951,Mykhailo,Kravchenko,mykhailo.kravchenko@gmail.com,758-275-0663x370,Krakow,Poland,Pipedrive,Data Engineer,linkedin.com/in/mykhailo-kravchenko-796,2024-08-15
CAND-0952,Ethan,Davies,ethan.davies@yahoo.com,001-324-397-2439x920,Vilnius,Lithuania,TrueLayer,Engineering Manager,linkedin.com/in/ethan-davies-810,2025-06-27
CAND-0953,Arnas,Levinskas,arnas.levinskas@protonmail.com,+1-866-691-8362x6448,Wroclaw,Poland,Miniclip,TA Manager,linkedin.com/in/arnas-levinskas-510,2024-10-30
CAND-0954,Natalia,Szymanski,natalia.szymanski@outlook.com,001-961-219-5243x6402,London,United Kingdom,EPAM Systems,Platform Engineer,linkedin.com/in/natalia-szymanski-419,2024-08-01
CAND-0955,Anastasia,Popescu,anastasia.popescu@outlook.com,716-486-4622,Berlin,Germany,Revolut,Performance Marketing Manager,linkedin.com/in/anastasia-popescu-500,2024-07-17
CAND-0956,Edvinas,Mockus,edvinas.mockus@gmail.com,,Vilnius,Lithuania,EA Games,Data Engineer,linkedin.com/in/edvinas-mockus-878,2024-12-01
CAND-0957,Mindaugas,Kairys,mindaugas.kairys@gmail.com,,Tallinn,Estonia,N26,Senior Legal Counsel,linkedin.com/in/mindaugas-kairys-724,2025-04-10
CAND-0958,Simona,Mockus,simona.mockus@gmail.com,001-223-472-8179x323,Hamburg,Germany,TransferGo,Senior Legal Counsel,,2025-05-13
CAND-0959,Oliver,Jones,oliver.jones@protonmail.com,001-334-767-9121x41614,Tallinn,Estonia,Danske Bank,Senior Marketing Manager,,2025-03-18
CAND-0960,Ewelina,Kowalczyk,ewelina.kowalczyk@protonmail.com,2932771004,Hamburg,Germany,Jam City,Partner Operations Manager,,2024-03-26
CAND-0961,Lina,Levinskas,lina.levinskas1@yahoo.com,938-706-9847,Tallinn,Estonia,,,linkedin.com/in/lina-levinskas-899,2025-05-14
CAND-0962,Kateryna,Moroz,kateryna.moroz@yahoo.com,,London,United Kingdom,King,Senior Product Manager,linkedin.com/in/kateryna-moroz-220,2024-09-01
CAND-0963,Weronika,Zielinski,weronika.zielinski@outlook.com,+1-765-755-5356x690,Vilnius,Lithuania,Freelance,Senior Legal Manager,,2025-03-18
CAND-0964,Julian,Muller,julian.muller@protonmail.com,,Vilnius,Lithuania,Luminor,Senior Mobile Engineer,linkedin.com/in/julian-muller-799,2024-12-18
CAND-0965,Katarzyna,Szymanski,katarzyna.szymanski@gmail.com,607-562-0918,London,United Kingdom,Jam City,Finance Manager,linkedin.com/in/katarzyna-szymanski-889,2024-11-25
CAND-0966,Sandra,Hartmann,sandra.hartmann1@gmail.com,,Amsterdam,Netherlands,CGI,Trust and Safety Lead,,2024-08-21
CAND-0967,Piotr,Dabrowska,piotr.dabrowska@outlook.com,(779)978-6305x050,Berlin,Germany,Wise,Compensation and Benefits Analyst,linkedin.com/in/piotr-dabrowska-925,2025-03-24
CAND-0968,Daria,Ivanov,daria.ivanov@gmail.com,397.869.1567,Krakow,Poland,Barclays Technology,Finance Manager,linkedin.com/in/daria-ivanov-812,2024-03-18
CAND-0969,Tadas,Mockus,tadas.mockus@gmail.com,993-428-9802x7148,Krakow,Poland,Swedbank,Senior Analytics Manager,,2024-10-27
CAND-0970,Tetyana,Bondarenko,tetyana.bondarenko@outlook.com,,Warsaw,Poland,Tesonet,Finance Analyst,,2024-08-12
CAND-0971,Domantas,Stonkus,domantas.stonkus@gmail.com,417.783.3321x160,Gdansk,Poland,Miniclip,Senior Legal Manager,linkedin.com/in/domantas-stonkus-681,2024-07-15
CAND-0972,Weronika,Zielinski,weronika.zielinski@protonmail.com,(343)747-1287x1539,Hamburg,Germany,SEB,Senior FP&A Analyst,,2024-09-26
CAND-0973,Krzysztof,Lewandowski,krzysztof.lewandowski@yahoo.com,(568)363-3414x1115,Gdansk,Poland,Adform,Operations Manager,,2024-05-11
CAND-0974,Lina,Noreika,lina.noreika2@gmail.com,001-552-856-9040,Riga,Latvia,N26,Trust and Safety Lead,,2024-08-17
CAND-0975,Anna,Szymanski,anna.szymanski1@yahoo.com,(455)628-9931x60875,Tallinn,Estonia,Bolt,Junior BI Analyst,linkedin.com/in/anna-szymanski-158,2024-12-21
CAND-0976,Marta,Dabrowska,marta.dabrowska2@gmail.com,777.629.4209,London,United Kingdom,Ubisoft,Senior Finance Manager,,2025-05-17
CAND-0977,Karolina,Zielinski,karolina.zielinski@gmail.com,214.497.3746x05233,Warsaw,Poland,EPAM Systems,Fraud Analyst,linkedin.com/in/karolina-zielinski-652,2024-11-18
CAND-0978,Elena,Ivanov,elena.ivanov@yahoo.com,364.620.8656x7566,Lviv,Ukraine,Miniclip,Senior Product Designer,,2024-09-11
CAND-0979,Daria,Nagy,daria.nagy@gmail.com,438-961-2590x4729,Berlin,Germany,TransferGo,Operations Analyst,linkedin.com/in/daria-nagy-801,2025-01-31
CAND-0980,Oscar,Williams,oscar.williams@gmail.com,001-874-823-3305x912,Warsaw,Poland,Wise,TA Manager,linkedin.com/in/oscar-williams-366,2025-02-15
CAND-0981,Lukas,Stankus,lukas.stankus@outlook.com,,Krakow,Poland,Playtika,Head of Engineering,linkedin.com/in/lukas-stankus-197,2024-06-21
CAND-0982,Tomas,Stankus,tomas.stankus1@outlook.com,+1-820-515-7201x85962,Riga,Latvia,Ubisoft,Operations Manager,linkedin.com/in/tomas-stankus-735,2025-05-25
CAND-0983,Saulius,Paulauskas,saulius.paulauskas@protonmail.com,,Tallinn,Estonia,Ubisoft,Senior Analytics Manager,linkedin.com/in/saulius-paulauskas-933,2025-03-31
CAND-0984,Jonas,Rimkus,jonas.rimkus@gmail.com,3139674926,London,United Kingdom,EA Games,Senior Analytics Manager,linkedin.com/in/jonas-rimkus-258,2024-12-11
CAND-0985,Ioana,Petrov,ioana.petrov@outlook.com,,London,United Kingdom,Bolt,Operations Specialist,linkedin.com/in/ioana-petrov-937,2025-05-17
CAND-0986,Saulius,Petrauskas,saulius.petrauskas@outlook.com,,Hamburg,Germany,EA Games,Senior Product Lead,linkedin.com/in/saulius-petrauskas-428,2025-06-23
CAND-0987,Daryna,Kovalchuk,daryna.kovalchuk@yahoo.com,+1-264-975-0111x1783,Warsaw,Poland,Adform,Compliance Manager,,2025-03-12
CAND-0988,Maciej,Kowalski,maciej.kowalski@outlook.com,319-426-7649x215,Krakow,Poland,Miniclip,L&D Specialist,,2024-02-26
CAND-0989,Dmytro,Tkachenko,dmytro.tkachenko@yahoo.com,(306)488-8718x9813,Krakow,Poland,Wise,Trust and Safety Lead,linkedin.com/in/dmytro-tkachenko-410,2025-01-29
CAND-0990,Ruta,Ambrazas,ruta.ambrazas@protonmail.com,+1-320-687-5102x932,Amsterdam,Netherlands,Barclays Technology,Customer Support Lead,,2024-04-11
CAND-0991,Krzysztof,Kozlowski,krzysztof.kozlowski@gmail.com,001-601-918-4582x60340,Vilnius,Lithuania,Delivery Hero,Junior DevOps Engineer,linkedin.com/in/krzysztof-kozlowski-805,2024-04-29
CAND-0992,Nikita,Ivanov,nikita.ivanov@gmail.com,,Riga,Latvia,Danske Bank,People Operations Coordinator,linkedin.com/in/nikita-ivanov-736,2024-09-21
CAND-0993,Janos,Kovacs,janos.kovacs1@gmail.com,,Tallinn,Estonia,Personio,Senior TA Specialist,,2025-01-21
CAND-0994,Lina,Mockus,lina.mockus@yahoo.com,(597)358-5988,London,United Kingdom,King,Legal Counsel,linkedin.com/in/lina-mockus-217,2024-04-28
CAND-0995,Viktorija,Butkus,viktorija.butkus@yahoo.com,+1-603-403-2432x98395,Wroclaw,Poland,SumUp,L&D Specialist,linkedin.com/in/viktorija-butkus-683,2024-09-24
CAND-0996,Domantas,Jankauskas,domantas.jankauskas@yahoo.com,,Vilnius,Lithuania,TrueLayer,Senior Backend Engineer,linkedin.com/in/domantas-jankauskas-138,2025-02-01
CAND-0997,Viktorija,Levinskas,viktorija.levinskas@outlook.com,001-896-418-4462x6714,Kaunas,Lithuania,Tesonet,Senior Legal Counsel,linkedin.com/in/viktorija-levinskas-615,2024-07-12
CAND-0998,Emily,Roberts,emily.roberts@gmail.com,,Kaunas,Lithuania,SumUp,Data Engineer,,2024-02-27
CAND-0999,Lukasz,Wozniak,lukasz.wozniak@gmail.com,+1-431-843-5989,Tallinn,Estonia,CGI,Compliance Specialist,linkedin.com/in/lukasz-wozniak-351,2025-06-25
CAND-1000,Rytis,Petrauskas,rytis.petrauskas@gmail.com,(356)360-9314,Kaunas,Lithuania,Checkout.com,Senior Frontend Engineer,,2024-11-25
CAND-1001,Michal,Dabrowska,michal.dabrowska@gmail.com,+1-886-515-1554x23401,Vilnius,Lithuania,Vinted,HR Manager,,2024-02-06
CAND-1002,Yaroslav,Oliynyk,yaroslav.oliynyk@yahoo.com,(611)328-4971x8594,Warsaw,Poland,Miniclip,Talent Acquisition Specialist,linkedin.com/in/yaroslav-oliynyk-727,2024-09-13
CAND-1003,Paulina,Wisniewski,paulina.wisniewski@outlook.com,8259625889,Kaunas,Lithuania,Tesonet,Senior Financial Analyst,,2025-02-01
CAND-1004,Zsuzsanna,Popescu,zsuzsanna.popescu@outlook.com,,Vilnius,Lithuania,LMT,Senior HR Business Partner,,2024-05-08
CAND-1005,Marius,Petrov,marius.petrov2@outlook.com,001-624-208-2226,Berlin,Germany,SEB,Senior Compliance Manager,linkedin.com/in/marius-petrov-236,2025-06-26
CAND-1006,Domantas,Radzevicius,domantas.radzevicius1@gmail.com,,London,United Kingdom,Miniclip,Customer Support Manager,linkedin.com/in/domantas-radzevicius-414,2024-08-06
CAND-1007,Pawel,Kowalczyk,pawel.kowalczyk@yahoo.com,001-853-596-7275x7844,Vilnius,Lithuania,CGI,Senior Analytics Engineer,linkedin.com/in/pawel-kowalczyk-553,2024-01-25
CAND-1008,Julian,Weber,julian.weber@protonmail.com,314-665-1113x1290,Kyiv,Ukraine,Freelance,Senior HR Business Partner,linkedin.com/in/julian-weber-424,2025-04-24
CAND-1009,Lina,Stankus,lina.stankus@yahoo.com,,Tallinn,Estonia,Jam City,Senior Backend Engineer,linkedin.com/in/lina-stankus-108,2024-02-24
CAND-1010,Filip,Wojcik,filip.wojcik@protonmail.com,+1-370-868-2778,Vilnius,Lithuania,Bolt,Senior Operations Specialist,linkedin.com/in/filip-wojcik-948,2025-04-02
CAND-1011,Katarzyna,Kowalczyk,katarzyna.kowalczyk@gmail.com,,Vilnius,Lithuania,Tesonet,Senior Analytics Engineer,linkedin.com/in/katarzyna-kowalczyk-665,2025-04-25
CAND-1012,Alexander,Schmidt,alexander.schmidt@protonmail.com,,Hamburg,Germany,Nord Security,DevOps Engineer,linkedin.com/in/alexander-schmidt-588,2024-06-23
CAND-1013,Isabelle,Davies,isabelle.davies@outlook.com,2939068538,Vilnius,Lithuania,Playtika,Head of Compliance,,2024-03-28
CAND-1014,Andrei,Fedorov,andrei.fedorov@gmail.com,(283)821-5285,Hamburg,Germany,TransferGo,Head of Marketing,linkedin.com/in/andrei-fedorov-911,2024-03-26
CAND-1015,Anna,Kaminski,anna.kaminski@yahoo.com,662.551.5381x4474,Vilnius,Lithuania,SumUp,Senior CRM Manager,,2024-01-25
CAND-1016,Anna,Dabrowska,anna.dabrowska@gmail.com,9962348079,Warsaw,Poland,Telia,Trust and Safety Analyst,,2025-04-14
CAND-1017,Felix,Schneider,felix.schneider@yahoo.com,(709)275-4510x526,Krakow,Poland,EPAM Systems,Compensation and Benefits Analyst,linkedin.com/in/felix-schneider-136,2024-10-03
CAND-1018,Michael,Wagner,michael.wagner@protonmail.com,367-931-8826,Wroclaw,Poland,SumUp,Senior Performance Marketer,linkedin.com/in/michael-wagner-560,2024-03-27
CAND-1019,Isabelle,Thomas,isabelle.thomas@gmail.com,8244376545,Vilnius,Lithuania,Nord Security,CRM Manager,linkedin.com/in/isabelle-thomas-685,2024-08-30
CAND-1020,Emily,Lewis,emily.lewis@gmail.com,+1-241-777-2256,Kaunas,Lithuania,Miniclip,UX Researcher,,2025-04-16
CAND-1021,Yaroslav,Melnyk,yaroslav.melnyk@yahoo.com,001-531-934-0266x502,London,United Kingdom,Zalando,UX Researcher,,2024-01-04
CAND-1022,Agnieszka,Kowalski,agnieszka.kowalski@protonmail.com,+1-341-267-8725x68621,Warsaw,Poland,TrueLayer,Senior Growth Manager,,2025-05-22
CAND-1023,Ivan,Lytovchenko,ivan.lytovchenko@protonmail.com,(225)880-3056,Amsterdam,Netherlands,Bite,Senior Data Analyst,linkedin.com/in/ivan-lytovchenko-302,2024-09-26
CAND-1024,Jolanta,Paulauskas,jolanta.paulauskas@protonmail.com,,Vilnius,Lithuania,Accenture,Brand Manager,linkedin.com/in/jolanta-paulauskas-522,2025-06-02
CAND-1025,Ivan,Kravchenko,ivan.kravchenko@protonmail.com,344.671.6392x8234,Vilnius,Lithuania,SumUp,Finance Manager,linkedin.com/in/ivan-kravchenko-605,2024-12-18
CAND-1026,Marius,Ionescu,marius.ionescu@protonmail.com,,London,United Kingdom,Wargaming,Product Designer,linkedin.com/in/marius-ionescu-720,2024-03-08
CAND-1027,Tetyana,Oliynyk,tetyana.oliynyk@gmail.com,001-536-337-1892x392,Berlin,Germany,DXC Technology,FP&A Manager,linkedin.com/in/tetyana-oliynyk-862,2024-07-13
CAND-1028,Saulius,Ambrazas,saulius.ambrazas@outlook.com,,Warsaw,Poland,Swedbank,Senior Legal Manager,linkedin.com/in/saulius-ambrazas-245,2025-01-29
CAND-1029,Bartosz,Jankowski,bartosz.jankowski@gmail.com,(560)343-2609,Amsterdam,Netherlands,Tesonet,Compensation and Benefits Analyst,,2024-06-25
CAND-1030,Jolanta,Paulauskas,jolanta.paulauskas1@gmail.com,9662843356,Vilnius,Lithuania,CGI,Growth Analyst,linkedin.com/in/jolanta-paulauskas-949,2024-10-11
CAND-1031,Rokas,Ambrazas,rokas.ambrazas@outlook.com,,Vilnius,Lithuania,,,linkedin.com/in/rokas-ambrazas-208,2024-03-09
CAND-1032,Mirela,Nagy,mirela.nagy@gmail.com,260.241.4545x63502,Berlin,Germany,Delivery Hero,Senior TA Specialist,linkedin.com/in/mirela-nagy-446,2024-11-14
CAND-1033,Jonas,Hoffmann,jonas.hoffmann@gmail.com,4536474916,Kaunas,Lithuania,Danske Bank,Analytics Engineer,linkedin.com/in/jonas-hoffmann-557,2025-01-13
CAND-1034,Adam,Kozlowski,adam.kozlowski@gmail.com,,Hamburg,Germany,Jam City,Compliance Manager,linkedin.com/in/adam-kozlowski-439,2024-07-18
CAND-1035,Oksana,Fedorov,oksana.fedorov1@yahoo.com,755.541.1082x5559,Riga,Latvia,DXC Technology,Senior Legal Manager,linkedin.com/in/oksana-fedorov-197,2025-01-28
CAND-1036,Sophie,Thomas,sophie.thomas@outlook.com,+1-543-996-1129x1093,Hamburg,Germany,Personio,Senior Product Designer,,2024-10-09
CAND-1037,Felix,Becker,felix.becker@gmail.com,418-295-4738,Vilnius,Lithuania,Atea,Senior Compliance Manager,,2025-05-11
CAND-1038,Ioana,Toth,ioana.toth1@protonmail.com,(336)884-8557,Wroclaw,Poland,Zynga,Product Manager,,2024-07-18
CAND-1039,Iryna,Marchenko,iryna.marchenko@outlook.com,476-688-0294,Riga,Latvia,Wargaming,Financial Analyst,linkedin.com/in/iryna-marchenko-129,2025-03-07
CAND-1040,Matas,Daunoras,matas.daunoras@protonmail.com,4909367881,Vilnius,Lithuania,Bite,Operations Analyst,linkedin.com/in/matas-daunoras-302,2025-04-09
CAND-1041,Simona,Kazlauskas,simona.kazlauskas@gmail.com,001-286-986-6943x20293,Warsaw,Poland,Cognizant,Trust and Safety Analyst,linkedin.com/in/simona-kazlauskas-126,2025-03-20
CAND-1042,Vasyl,Moroz,vasyl.moroz@gmail.com,684.243.4481x23083,Warsaw,Poland,Ubisoft,Senior Engineering Manager,,2024-05-15
CAND-1043,Karolina,Wisniewski,karolina.wisniewski@gmail.com,+1-724-724-0338x1059,Wroclaw,Poland,Contentful,Group Product Manager,linkedin.com/in/karolina-wisniewski-522,2024-12-17
CAND-1044,Hannah,Smith,hannah.smith@yahoo.com,284-726-9450,Kyiv,Ukraine,Tesonet,Group Product Manager,linkedin.com/in/hannah-smith-881,2024-09-24
CAND-1045,Tomas,Petrauskas,tomas.petrauskas@protonmail.com,,Warsaw,Poland,King,Frontend Engineer,,2024-05-20
CAND-1046,Viktor,Boyko,viktor.boyko@protonmail.com,642.540.8916,Berlin,Germany,Devbridge,Compliance Specialist,linkedin.com/in/viktor-boyko-141,2024-07-23
CAND-1047,Bohdan,Oliynyk,bohdan.oliynyk@gmail.com,435.943.9627x365,Vilnius,Lithuania,Danske Bank,Data Engineer,linkedin.com/in/bohdan-oliynyk-742,2024-10-15
CAND-1048,Tadas,Butkus,tadas.butkus@gmail.com,,Warsaw,Poland,Zalando,Customer Support Manager,linkedin.com/in/tadas-butkus-392,2025-04-07
CAND-1049,Egle,Gudas,egle.gudas@gmail.com,472-672-2397,Kaunas,Lithuania,Nord Security,Brand Manager,,2024-11-01
CAND-1050,Mirela,Ivanov,mirela.ivanov@outlook.com,3428269312,Tallinn,Estonia,Ubisoft,Financial Analyst,linkedin.com/in/mirela-ivanov-321,2024-07-04
CAND-1051,Marius,Ivanov,marius.ivanov@outlook.com,,Tallinn,Estonia,Revolut,Senior Compliance Manager,,2024-09-11
CAND-1052,Tomas,Kazlauskas,tomas.kazlauskas@yahoo.com,876.818.2091,Vilnius,Lithuania,Personio,DevOps Engineer,,2024-06-12
CAND-1053,Domantas,Ambrazas,domantas.ambrazas@protonmail.com,,Vilnius,Lithuania,Luminor,Backend Engineer,,2024-11-05
CAND-1054,Domantas,Paulauskas,domantas.paulauskas@protonmail.com,2102023142,London,United Kingdom,Playtika,Legal Counsel,linkedin.com/in/domantas-paulauskas-340,2025-04-11
CAND-1055,Ioana,Kovacs,ioana.kovacs1@gmail.com,485-613-2797,Krakow,Poland,Bolt,Analytics Engineer,linkedin.com/in/ioana-kovacs-130,2024-02-08
CAND-1056,Natalia,Wisniewski,natalia.wisniewski@gmail.com,372-830-8481x00184,Vilnius,Lithuania,Bolt,Senior FP&A Analyst,linkedin.com/in/natalia-wisniewski-373,2024-01-25
CAND-1057,Sarah,Fischer,sarah.fischer@protonmail.com,(603)503-6625,Vilnius,Lithuania,Freelance,Senior Engineering Manager,linkedin.com/in/sarah-fischer-819,2025-05-15
CAND-1058,Grace,Smith,grace.smith@gmail.com,+1-761-372-1314x51951,Tallinn,Estonia,LMT,Senior Compliance Manager,linkedin.com/in/grace-smith-480,2024-05-29
CAND-1059,Natalia,Wisniewski,natalia.wisniewski@yahoo.com,8924268592,Berlin,Germany,Atea,Management Accountant,,2025-05-21
CAND-1060,Michael,Schmidt,michael.schmidt@yahoo.com,+1-749-445-1475x41022,Vilnius,Lithuania,Atea,Senior Legal Counsel,,2024-12-17
CAND-1061,Mariya,Shevchenko,mariya.shevchenko@yahoo.com,(877)711-9642x1522,Tallinn,Estonia,Revolut,Head of Data,,2025-02-09
CAND-1062,Jonas,Kairys,jonas.kairys@yahoo.com,976-576-9523x66878,Vilnius,Lithuania,Wargaming,Senior Finance Manager,,2024-12-08
CAND-1063,Filip,Wozniak,filip.wozniak@outlook.com,(719)968-9313x5030,Riga,Latvia,N26,Trust and Safety Lead,,2024-04-18
CAND-1064,Agne,Gudas,agne.gudas@protonmail.com,(810)555-2472,Riga,Latvia,Barclays Technology,Senior Product Manager,linkedin.com/in/agne-gudas-413,2024-09-04
CAND-1065,Harry,Thomas,harry.thomas@protonmail.com,730.221.2606,Riga,Latvia,Playtika,Junior Backend Engineer,linkedin.com/in/harry-thomas-947,2024-03-14
CAND-1066,Jonas,Ambrazas,jonas.ambrazas1@gmail.com,001-519-317-9202x521,Vilnius,Lithuania,Zynga,FP&A Analyst,linkedin.com/in/jonas-ambrazas-538,2025-05-04
CAND-1067,Mariya,Oliynyk,mariya.oliynyk2@gmail.com,9968227284,Kaunas,Lithuania,SumUp,Senior Legal Manager,,2024-04-10
CAND-1068,Monika,Dabrowska,monika.dabrowska@outlook.com,,Kaunas,Lithuania,DXC Technology,Senior Product Manager,linkedin.com/in/monika-dabrowska-841,2024-04-06
CAND-1069,Agnieszka,Kaminski,agnieszka.kaminski@outlook.com,001-257-804-1200x9282,Warsaw,Poland,Bite,Senior Growth Manager,linkedin.com/in/agnieszka-kaminski-231,2024-01-29
CAND-1070,Bence,Nagy,bence.nagy2@outlook.com,(478)549-8436x24186,Krakow,Poland,Checkout.com,Backend Engineer,linkedin.com/in/bence-nagy-602,2024-06-27
CAND-1071,Andrei,Popescu,andrei.popescu1@gmail.com,(890)436-2891x7756,Kaunas,Lithuania,Tesonet,Product Designer,linkedin.com/in/andrei-popescu-496,2024-06-29
CAND-1072,Jack,Brown,jack.brown@gmail.com,,Krakow,Poland,DXC Technology,Marketing Manager,linkedin.com/in/jack-brown-242,2024-05-15
CAND-1073,Jana,Muller,jana.muller@outlook.com,7562341115,Riga,Latvia,Telia,Staff Engineer,linkedin.com/in/jana-muller-656,2024-04-18
CAND-1074,Rafal,Wozniak,rafal.wozniak@protonmail.com,642.581.1390,Vilnius,Lithuania,SumUp,Operations Specialist,,2024-05-20
CAND-1075,Arnas,Gudas,arnas.gudas@outlook.com,+1-930-234-1990,Krakow,Poland,Paddle,Senior Financial Analyst,linkedin.com/in/arnas-gudas-218,2024-02-10
CAND-1076,Matas,Zukauskas,matas.zukauskas1@gmail.com,5517405468,Berlin,Germany,Wargaming,Lead UX Researcher,linkedin.com/in/matas-zukauskas-109,2024-11-06
CAND-1077,Nikita,Smirnov,nikita.smirnov@gmail.com,001-965-221-5681x82096,Berlin,Germany,Cognizant,SEO Specialist,linkedin.com/in/nikita-smirnov-742,2024-03-13
CAND-1078,Dovydas,Stonkus,dovydas.stonkus@gmail.com,722-971-1332x2889,Lviv,Ukraine,Bolt,Analytics Engineer,,2025-01-05
CAND-1079,Petra,Popescu,petra.popescu@outlook.com,(554)359-6063,Warsaw,Poland,Swedbank,Platform Engineer,,2025-02-04
CAND-1080,Agnieszka,Kozlowski,agnieszka.kozlowski@gmail.com,(997)310-2481,Wroclaw,Poland,Barclays Technology,Senior HR Business Partner,linkedin.com/in/agnieszka-kozlowski-633,2024-10-21
CAND-1081,Jakub,Zielinski,jakub.zielinski@gmail.com,452.942.1495x511,London,United Kingdom,Tesonet,DevOps Engineer,linkedin.com/in/jakub-zielinski-765,2024-12-15
CAND-1082,Monika,Kowalczyk,monika.kowalczyk@outlook.com,874-472-1970x546,Kaunas,Lithuania,EA Games,Senior Data Analyst,linkedin.com/in/monika-kowalczyk-450,2025-06-29
CAND-1083,Yulia,Boyko,yulia.boyko@gmail.com,,Amsterdam,Netherlands,Zynga,CRM Manager,,2024-07-14
CAND-1084,Adam,Wozniak,adam.wozniak@protonmail.com,258.595.5168x740,Warsaw,Poland,Telia,Marketing Manager,,2024-10-29
CAND-1085,Simona,Gudas,simona.gudas@outlook.com,001-880-921-4629x613,Vilnius,Lithuania,Devbridge,CRM Manager,linkedin.com/in/simona-gudas-763,2025-05-23
CAND-1086,Tomasz,Kaminski,tomasz.kaminski@outlook.com,+1-815-777-8711x21663,Vilnius,Lithuania,Zynga,Product Designer,,2025-02-06
CAND-1087,Gintaras,Grigas,gintaras.grigas@outlook.com,,Krakow,Poland,Personio,HR Business Partner,,2025-05-16
CAND-1088,Serhiy,Kravchenko,serhiy.kravchenko@gmail.com,955-297-3714,Vilnius,Lithuania,Vinted,Engineering Manager,linkedin.com/in/serhiy-kravchenko-648,2024-10-01
CAND-1089,Vilius,Gudas,vilius.gudas@gmail.com,,Krakow,Poland,Wargaming,Lead UX Researcher,linkedin.com/in/vilius-gudas-346,2024-08-24
CAND-1090,Laura,Noreika,laura.noreika1@gmail.com,,Vilnius,Lithuania,Paddle,Customer Support Lead,,2025-01-27
CAND-1091,Greta,Jankauskas,greta.jankauskas@yahoo.com,+1-827-223-5909,Lviv,Ukraine,Personio,Legal Counsel,,2024-08-14
CAND-1092,Greta,Levinskas,greta.levinskas@gmail.com,(467)330-3064x421,Warsaw,Poland,EPAM Systems,Senior TA Specialist,linkedin.com/in/greta-levinskas-337,2024-04-12
CAND-1093,Tiberiu,Smirnov,tiberiu.smirnov@gmail.com,861-747-6834x201,Kaunas,Lithuania,Miniclip,TA Coordinator,linkedin.com/in/tiberiu-smirnov-789,2025-05-18
CAND-1094,Monika,Lewandowski,monika.lewandowski@gmail.com,001-242-535-6778x26596,Tallinn,Estonia,Bite,Growth Manager,linkedin.com/in/monika-lewandowski-815,2025-01-21
CAND-1095,Domantas,Stankus,domantas.stankus1@gmail.com,499-925-5027,Warsaw,Poland,Devbridge,SEO Specialist,,2024-09-06
CAND-1096,Artem,Marchenko,artem.marchenko@gmail.com,816-448-0727x91033,Kaunas,Lithuania,SEB,Staff Engineer,linkedin.com/in/artem-marchenko-534,2024-04-01
CAND-1097,Tomasz,Lewandowski,tomasz.lewandowski1@gmail.com,+1-663-353-3905x504,Vilnius,Lithuania,EA Games,Growth Lead,linkedin.com/in/tomasz-lewandowski-878,2024-08-22
CAND-1098,Viktorija,Noreika,viktorija.noreika1@gmail.com,001-477-966-5586x851,Krakow,Poland,SumUp,Legal Counsel,,2024-10-12
CAND-1099,Marius,Kovacs,marius.kovacs1@gmail.com,(352)389-2866x46491,Warsaw,Poland,Pipedrive,Staff Engineer,linkedin.com/in/marius-kovacs-661,2025-04-26
CAND-1100,Oksana,Popescu,oksana.popescu@gmail.com,909-261-7981,Vilnius,Lithuania,Nord Security,Finance Manager,linkedin.com/in/oksana-popescu-897,2025-04-18
CAND-1101,Andriy,Shevchenko,andriy.shevchenko@yahoo.com,,Warsaw,Poland,Wargaming,Customer Support Manager,linkedin.com/in/andriy-shevchenko-121,2025-05-27
CAND-1102,Andriy,Shevchenko,andriy.shevchenko@gmail.com,+1-846-833-7861x37157,Amsterdam,Netherlands,Contentful,Senior Operations Specialist,linkedin.com/in/andriy-shevchenko-565,2024-06-28
CAND-1103,Laura,Richter,laura.richter@yahoo.com,,Vilnius,Lithuania,SEB,Junior BI Analyst,linkedin.com/in/laura-richter-601,2025-02-08
CAND-1104,Daryna,Oliynyk,daryna.oliynyk@protonmail.com,,Kaunas,Lithuania,Zynga,TA Manager,linkedin.com/in/daryna-oliynyk-978,2025-05-26
CAND-1105,Lukas,Urbonas,lukas.urbonas2@gmail.com,5532844446,Hamburg,Germany,SEB,HR Business Partner,linkedin.com/in/lukas-urbonas-303,2024-01-17
CAND-1106,Agne,Daunoras,agne.daunoras@yahoo.com,,Kyiv,Ukraine,Freelance,Financial Analyst,linkedin.com/in/agne-daunoras-332,2025-03-25
CAND-1107,Erikas,Urbonas,erikas.urbonas@gmail.com,(800)502-5895x52963,Kaunas,Lithuania,Vinted,Head of Growth,linkedin.com/in/erikas-urbonas-154,2024-12-24
CAND-1108,Rafal,Nowak,rafal.nowak@yahoo.com,+1-860-596-2626x582,Riga,Latvia,Paddle,Compliance Specialist,linkedin.com/in/rafal-nowak-439,2024-07-17
CAND-1109,Anna,Nowak,anna.nowak@gmail.com,728-519-6482,Krakow,Poland,Vinted,Staff Engineer,linkedin.com/in/anna-nowak-124,2025-04-04
CAND-1110,Paulina,Lewandowski,paulina.lewandowski@yahoo.com,310-860-9209,Kaunas,Lithuania,TrueLayer,Senior Product Lead,linkedin.com/in/paulina-lewandowski-626,2024-02-07
CAND-1111,Nicole,Hoffmann,nicole.hoffmann@yahoo.com,5278523343,Gdansk,Poland,SEB,Senior Operations Specialist,,2024-09-30
CAND-1112,Jolanta,Jankauskas,jolanta.jankauskas@yahoo.com,001-440-641-2091x17911,Kaunas,Lithuania,King,Frontend Engineer,linkedin.com/in/jolanta-jankauskas-682,2024-07-17
CAND-1113,Karolina,Zielinski,karolina.zielinski@yahoo.com,321-917-5361x706,Kharkiv,Ukraine,Delivery Hero,VP of Engineering,,2024-09-28
CAND-1114,Sarah,Becker,sarah.becker@gmail.com,,Berlin,Germany,Pipedrive,Senior Legal Manager,linkedin.com/in/sarah-becker-481,2025-04-25
CAND-1115,Bence,Kuznetsov,bence.kuznetsov@protonmail.com,+1-213-366-5722x4029,London,United Kingdom,TrueLayer,Data Scientist,,2024-09-08
CAND-1116,Rokas,Mockus,rokas.mockus@gmail.com,,Warsaw,Poland,Swedbank,Director of Engineering,,2024-09-20
CAND-1117,Edvinas,Levinskas,edvinas.levinskas@gmail.com,257-499-8028x41390,Vilnius,Lithuania,Nord Security,Fraud Analyst,linkedin.com/in/edvinas-levinskas-439,2024-11-02
CAND-1118,Rokas,Jankauskas,rokas.jankauskas@gmail.com,,Vilnius,Lithuania,Swedbank,Compensation and Benefits Analyst,,2024-12-07
CAND-1119,Nikita,Smirnov,nikita.smirnov@outlook.com,,Kaunas,Lithuania,Delivery Hero,Talent Acquisition Specialist,linkedin.com/in/nikita-smirnov-725,2024-06-17
CAND-1120,Weronika,Zielinski,weronika.zielinski1@gmail.com,451.630.5231,Vilnius,Lithuania,Wargaming,Senior Analytics Engineer,,2024-06-04
CAND-1121,Andrei,Popescu,andrei.popescu2@gmail.com,573-615-8477x686,Amsterdam,Netherlands,Atea,Product Designer,linkedin.com/in/andrei-popescu-139,2024-03-25
CAND-1122,Oksana,Nagy,oksana.nagy@outlook.com,,Berlin,Germany,Personio,Senior Financial Analyst,,2024-10-18
CAND-1123,Gintaras,Butkus,gintaras.butkus@protonmail.com,,Berlin,Germany,DXC Technology,Senior Growth Manager,linkedin.com/in/gintaras-butkus-446,2024-06-15
CAND-1124,Lisa,Schulz,lisa.schulz@gmail.com,(534)961-9942,London,United Kingdom,Swedbank,HR Manager,,2024-11-12
CAND-1125,Andreas,Schneider,andreas.schneider@protonmail.com,(776)394-5919x66395,Vilnius,Lithuania,EA Games,Product Designer,linkedin.com/in/andreas-schneider-840,2024-03-16
CAND-1126,Rytis,Radzevicius,rytis.radzevicius@gmail.com,220.384.9649x856,Kaunas,Lithuania,TransferGo,Senior Finance Manager,,2024-02-04
CAND-1127,Filip,Nowak,filip.nowak@gmail.com,(756)425-3135,Amsterdam,Netherlands,SumUp,Compensation and Benefits Analyst,linkedin.com/in/filip-nowak-507,2024-11-27
CAND-1128,Joanna,Kozlowski,joanna.kozlowski1@outlook.com,001-851-605-0537x95381,Gdansk,Poland,Ubisoft,Junior Data Analyst,,2025-03-01
CAND-1129,Simona,Stonkus,simona.stonkus@gmail.com,,Warsaw,Poland,Zynga,Head of Legal,,2025-03-03
CAND-1130,Saulius,Stankus,saulius.stankus@yahoo.com,+1-738-731-8491x966,Vilnius,Lithuania,Cognizant,CRM Manager,linkedin.com/in/saulius-stankus-978,2025-06-01
CAND-1131,Dovydas,Radzevicius,dovydas.radzevicius@yahoo.com,,Vilnius,Lithuania,King,Head of Compliance,linkedin.com/in/dovydas-radzevicius-873,2025-04-12
CAND-1132,Vilius,Radzevicius,vilius.radzevicius@protonmail.com,,Vilnius,Lithuania,Luminor,Head of Legal,,2024-08-16
CAND-1133,Mateusz,Mazur,mateusz.mazur@gmail.com,330.977.0461,Krakow,Poland,Swedbank,Finance Analyst,linkedin.com/in/mateusz-mazur-941,2025-04-05
CAND-1134,Mantas,Jankauskas,mantas.jankauskas@gmail.com,(295)296-3904,Hamburg,Germany,Luminor,Staff Engineer,,2024-11-09
CAND-1135,Lucy,Roberts,lucy.roberts@gmail.com,342.860.8805x017,Krakow,Poland,TransferGo,Senior Marketing Manager,linkedin.com/in/lucy-roberts-436,2024-06-30
CAND-1136,Yaroslav,Kovalchuk,yaroslav.kovalchuk@gmail.com,001-644-955-6185x7906,Warsaw,Poland,Cognizant,Platform Engineer,,2024-06-22
CAND-1137,Hannah,Schneider,hannah.schneider@outlook.com,515.491.0300x2156,Vilnius,Lithuania,Nord Security,Management Accountant,linkedin.com/in/hannah-schneider-754,2024-03-11
CAND-1138,Jonas,Kazlauskas,jonas.kazlauskas@gmail.com,235-680-0401,Kyiv,Ukraine,Personio,Analytics Engineer,linkedin.com/in/jonas-kazlauskas-612,2025-07-01
CAND-1139,Tomasz,Jankowski,tomasz.jankowski1@gmail.com,945-396-4229,Vilnius,Lithuania,Wise,TA Manager,,2024-03-29
CAND-1140,Rafal,Nagy,rafal.nagy2@yahoo.com,,Krakow,Poland,Cognizant,Operations Analyst,,2025-03-18
CAND-1141,Egle,Gudas,egle.gudas1@gmail.com,(552)996-7188,Tallinn,Estonia,EA Games,Head of Product,,2025-05-21
CAND-1142,Vasyl,Boyko,vasyl.boyko@gmail.com,+1-374-357-3144x15833,Vilnius,Lithuania,Bite,Growth Analyst,linkedin.com/in/vasyl-boyko-780,2025-01-16
CAND-1143,Mykhailo,Kovalenko,mykhailo.kovalenko@gmail.com,,Vilnius,Lithuania,Nord Security,Principal Product Manager,linkedin.com/in/mykhailo-kovalenko-664,2024-12-14
CAND-1144,Simona,Levinskas,simona.levinskas@gmail.com,703.603.7637x1539,Kaunas,Lithuania,King,Product Designer,linkedin.com/in/simona-levinskas-240,2024-09-21
CAND-1145,Emma,Robinson,emma.robinson@outlook.com,,Lviv,Ukraine,Danske Bank,Lead UX Researcher,linkedin.com/in/emma-robinson-126,2024-10-18
CAND-1146,Karolina,Wozniak,karolina.wozniak1@yahoo.com,001-572-881-2356x798,Vilnius,Lithuania,TransferGo,Director of Product,linkedin.com/in/karolina-wozniak-226,2024-07-06
CAND-1147,Natalia,Bondarenko,natalia.bondarenko@gmail.com,914.362.4912,Amsterdam,Netherlands,Paddle,Group Product Manager,,2024-10-31
CAND-1148,Mantas,Rimkus,mantas.rimkus@outlook.com,001-313-307-2407x8754,Warsaw,Poland,Vinted,Data Analyst,linkedin.com/in/mantas-rimkus-588,2024-02-13
CAND-1149,Michal,Kowalczyk,michal.kowalczyk1@gmail.com,(763)326-8685x074,Krakow,Poland,Contentful,Senior Product Designer,linkedin.com/in/michal-kowalczyk-682,2024-04-16
CAND-1150,Mykola,Lytovchenko,mykola.lytovchenko@protonmail.com,6669343629,Kyiv,Ukraine,Barclays Technology,Head of Growth,linkedin.com/in/mykola-lytovchenko-996,2024-10-06
CAND-1151,Iryna,Oliynyk,iryna.oliynyk@yahoo.com,361.603.1310x09431,Kaunas,Lithuania,Miniclip,L&D Specialist,linkedin.com/in/iryna-oliynyk-514,2025-02-25
CAND-1152,Nikita,Fedorov,nikita.fedorov@gmail.com,596.466.1347,Warsaw,Poland,Zynga,Legal Counsel,linkedin.com/in/nikita-fedorov-295,2024-09-16
CAND-1153,Claudia,Richter,claudia.richter@yahoo.com,954.694.0128,London,United Kingdom,Adform,Frontend Engineer,,2024-03-14
CAND-1154,Tim,Weber,tim.weber@gmail.com,001-832-751-2257x207,Tallinn,Estonia,TransferGo,Senior Mobile Engineer,linkedin.com/in/tim-weber-247,2024-05-30
CAND-1155,Claudia,Meyer,claudia.meyer@gmail.com,,Kaunas,Lithuania,TrueLayer,Financial Analyst,,2024-05-29
CAND-1156,Edvinas,Grigas,edvinas.grigas@outlook.com,,Kaunas,Lithuania,SumUp,Senior Frontend Engineer,linkedin.com/in/edvinas-grigas-953,2024-03-02
CAND-1157,Sarah,Wagner,sarah.wagner@gmail.com,,Vilnius,Lithuania,Personio,Senior Data Analyst,linkedin.com/in/sarah-wagner-880,2025-06-26
CAND-1158,Mindaugas,Levinskas,mindaugas.levinskas@outlook.com,2249120957,Amsterdam,Netherlands,Cognizant,Compensation and Benefits Analyst,linkedin.com/in/mindaugas-levinskas-236,2024-01-18
CAND-1159,Charlotte,Brown,charlotte.brown@yahoo.com,471.400.9438,Wroclaw,Poland,TransferGo,Senior FP&A Analyst,linkedin.com/in/charlotte-brown-378,2025-06-12
CAND-1160,Emily,Jones,emily.jones@yahoo.com,,Vilnius,Lithuania,Devbridge,Finance Manager,linkedin.com/in/emily-jones-641,2024-01-04
CAND-1161,Vilius,Radzevicius,vilius.radzevicius@gmail.com,001-211-745-7758x47457,Vilnius,Lithuania,Nord Security,Senior FP&A Analyst,linkedin.com/in/vilius-radzevicius-923,2024-10-05
CAND-1162,Mariya,Moroz,mariya.moroz@yahoo.com,758-997-1480x2632,Vilnius,Lithuania,Cognizant,Senior Marketing Manager,linkedin.com/in/mariya-moroz-444,2024-12-31
CAND-1163,Adam,Szymanski,adam.szymanski@gmail.com,3396653136,Krakow,Poland,Bolt,Senior Product Designer,linkedin.com/in/adam-szymanski-987,2024-02-14
CAND-1164,Lukas,Paulauskas,lukas.paulauskas@protonmail.com,,Krakow,Poland,Adform,Marketing Manager,linkedin.com/in/lukas-paulauskas-137,2024-09-19
CAND-1165,Monika,Mockus,monika.mockus@protonmail.com,+1-587-282-4556x9644,Berlin,Germany,Delivery Hero,Senior Product Designer,linkedin.com/in/monika-mockus-195,2024-09-13
CAND-1166,Chloe,Walker,chloe.walker@gmail.com,001-685-391-6795,London,United Kingdom,Checkout.com,Senior Data Analyst,,2025-05-16
CAND-1167,Thomas,Clark,thomas.clark@gmail.com,4726728498,Berlin,Germany,N26,Accounts Assistant,,2025-04-08
CAND-1168,Artem,Melnyk,artem.melnyk@protonmail.com,641.240.7034x9107,London,United Kingdom,Zalando,Data Engineering Manager,,2024-07-02
CAND-1169,Matas,Rimkus,matas.rimkus@outlook.com,(550)804-2548x82142,Berlin,Germany,Miniclip,Junior Data Analyst,linkedin.com/in/matas-rimkus-874,2024-11-02
CAND-1170,Mikhail,Nagy,mikhail.nagy@outlook.com,001-814-830-7536,Vilnius,Lithuania,King,Senior Analytics Engineer,linkedin.com/in/mikhail-nagy-882,2024-06-10
CAND-1171,Jonas,Ambrazas,jonas.ambrazas2@gmail.com,444-594-2965,Vilnius,Lithuania,TrueLayer,Operations Manager,,2025-06-29
CAND-1172,Andreas,Wagner,andreas.wagner@gmail.com,426-883-4414x978,Riga,Latvia,Personio,Operations Specialist,,2024-01-21
CAND-1173,Erikas,Jankauskas,erikas.jankauskas@yahoo.com,(912)287-5857x56766,London,United Kingdom,Vinted,Marketing Manager,linkedin.com/in/erikas-jankauskas-504,2024-05-18
CAND-1174,Edvinas,Stonkus,edvinas.stonkus@gmail.com,,Berlin,Germany,Zynga,UX Researcher,linkedin.com/in/edvinas-stonkus-637,2024-04-05
CAND-1175,Matas,Butkus,matas.butkus@gmail.com,+1-706-412-9439,Amsterdam,Netherlands,Delivery Hero,Data Engineering Manager,linkedin.com/in/matas-butkus-191,2025-06-14
CAND-1176,Vilius,Noreika,vilius.noreika@gmail.com,+1-289-340-6260x787,Warsaw,Poland,Revolut,Finance Director,linkedin.com/in/vilius-noreika-883,2024-01-12
CAND-1177,Grace,Smith,grace.smith@protonmail.com,7412591497,Warsaw,Poland,Jam City,Product Manager,linkedin.com/in/grace-smith-924,2024-04-10
CAND-1178,Magdalena,Lewandowski,magdalena.lewandowski@gmail.com,,Kyiv,Ukraine,Zynga,Senior Mobile Engineer,linkedin.com/in/magdalena-lewandowski-788,2024-04-27
CAND-1179,Amy,Walker,amy.walker@gmail.com,498-503-8287,Vilnius,Lithuania,Tesonet,Senior Legal Counsel,linkedin.com/in/amy-walker-944,2024-10-22
CAND-1180,Tetyana,Kovalchuk,tetyana.kovalchuk@outlook.com,+1-324-540-7931x10291,Kaunas,Lithuania,Playtika,Senior Backend Engineer,linkedin.com/in/tetyana-kovalchuk-351,2025-01-21
CAND-1181,Filip,Kozlowski,filip.kozlowski@yahoo.com,617.808.7601,Vilnius,Lithuania,SEB,Product Manager,,2025-06-07
CAND-1182,Mantas,Urbonas,mantas.urbonas@gmail.com,,Kyiv,Ukraine,SEB,Senior Backend Engineer,linkedin.com/in/mantas-urbonas-154,2025-02-20
CAND-1183,Erikas,Urbonas,erikas.urbonas1@gmail.com,,Kyiv,Ukraine,TrueLayer,Data Analyst,linkedin.com/in/erikas-urbonas-148,2024-05-05
CAND-1184,Bence,Ionescu,bence.ionescu@yahoo.com,,Kyiv,Ukraine,SumUp,Head of Finance,linkedin.com/in/bence-ionescu-585,2025-05-25
CAND-1185,Nikita,Petrov,nikita.petrov@protonmail.com,,Krakow,Poland,Bolt,Talent Acquisition Specialist,linkedin.com/in/nikita-petrov-244,2025-02-13
CAND-1186,Andriy,Shevchuk,andriy.shevchuk@yahoo.com,423.584.9791x6202,London,United Kingdom,EPAM Systems,HR Business Partner,linkedin.com/in/andriy-shevchuk-529,2024-05-13
CAND-1187,Aleksandra,Zielinski,aleksandra.zielinski@gmail.com,(988)737-7441,Gdansk,Poland,SumUp,Senior Product Manager,,2024-10-25
CAND-1188,Daria,Ivanov,daria.ivanov1@gmail.com,,Amsterdam,Netherlands,King,Senior Data Engineer,,2025-01-12
CAND-1189,Katarzyna,Wojcik,katarzyna.wojcik1@protonmail.com,+1-846-261-7662x04719,Vilnius,Lithuania,SEB,FP&A Analyst,,2025-06-09
CAND-1190,Daryna,Kovalenko,daryna.kovalenko@gmail.com,001-940-697-0527,Kaunas,Lithuania,Paddle,Analytics Manager,linkedin.com/in/daryna-kovalenko-237,2025-04-21
CAND-1191,Mariya,Lytovchenko,mariya.lytovchenko@gmail.com,3254883586,London,United Kingdom,Vinted,Financial Analyst,linkedin.com/in/mariya-lytovchenko-883,2024-12-29
CAND-1192,Simona,Paulauskas,simona.paulauskas@outlook.com,+1-925-495-7244x6176,Riga,Latvia,Nord Security,UX Researcher,linkedin.com/in/simona-paulauskas-577,2024-05-06
CAND-1193,Iryna,Bondarenko,iryna.bondarenko@yahoo.com,001-888-342-5995,London,United Kingdom,DXC Technology,CRM Manager,,2024-02-10
CAND-1194,Anastasia,Ionescu,anastasia.ionescu1@yahoo.com,,Berlin,Germany,Accenture,Compensation and Benefits Analyst,,2025-06-21
CAND-1195,Andrei,Toth,andrei.toth2@gmail.com,,Vilnius,Lithuania,Nord Security,Customer Support Lead,linkedin.com/in/andrei-toth-957,2025-06-20
CAND-1196,Marius,Ivanov,marius.ivanov1@outlook.com,5025311775,Berlin,Germany,Devbridge,Director of Product,,2024-08-06
CAND-1197,Monika,Wisniewski,monika.wisniewski1@gmail.com,226-361-0941,Tallinn,Estonia,TransferGo,FP&A Analyst,linkedin.com/in/monika-wisniewski-506,2025-06-26
CAND-1198,Weronika,Wisniewski,weronika.wisniewski@outlook.com,559.502.5176x298,Riga,Latvia,Revolut,Senior CRM Manager,linkedin.com/in/weronika-wisniewski-345,2025-04-07
CAND-1199,Lukas,Jankauskas,lukas.jankauskas@gmail.com,,London,United Kingdom,Devbridge,Senior Analytics Engineer,,2024-02-13
CAND-1200,Lily,Walker,lily.walker@gmail.com,277-343-3268x319,Wroclaw,Poland,Telia,Head of People,linkedin.com/in/lily-walker-198,2024-04-29
CAND-1201,Lukas,Muller,lukas.muller@gmail.com,,Vilnius,Lithuania,Delivery Hero,Senior Customer Support Specialist,,2024-01-28
CAND-1202,Marta,Lewandowski,marta.lewandowski@protonmail.com,702.405.6981,Gdansk,Poland,Delivery Hero,FP&A Manager,linkedin.com/in/marta-lewandowski-540,2025-06-05
CAND-1203,Dmytro,Oliynyk,dmytro.oliynyk@protonmail.com,,Kaunas,Lithuania,Paddle,Data Scientist,linkedin.com/in/dmytro-oliynyk-141,2024-04-28
CAND-1204,Inga,Kairys,inga.kairys@outlook.com,,Kaunas,Lithuania,Contentful,Senior Legal Manager,linkedin.com/in/inga-kairys-317,2024-08-27
CAND-1205,Natalia,Kovalenko,natalia.kovalenko1@gmail.com,+1-987-833-9785x59821,Berlin,Germany,Playtika,Security Engineer,linkedin.com/in/natalia-kovalenko-166,2024-10-23
CAND-1206,Tomas,Daunoras,tomas.daunoras@gmail.com,+1-761-291-2841x1730,Vilnius,Lithuania,Zynga,TA Manager,,2024-10-30
CAND-1207,Kinga,Ionescu,kinga.ionescu@yahoo.com,544.665.1241,Krakow,Poland,Danske Bank,Senior HR Business Partner,linkedin.com/in/kinga-ionescu-678,2024-04-15
CAND-1208,Neringa,Radzevicius,neringa.radzevicius@yahoo.com,,Amsterdam,Netherlands,Wise,Performance Marketing Manager,linkedin.com/in/neringa-radzevicius-244,2025-03-16
CAND-1209,Anna,Zielinski,anna.zielinski@yahoo.com,(590)781-9740x0564,Kharkiv,Ukraine,Cognizant,Data Analyst,linkedin.com/in/anna-zielinski-527,2024-02-01
CAND-1210,Mykola,Tkachenko,mykola.tkachenko@yahoo.com,,London,United Kingdom,TrueLayer,Brand Manager,,2024-09-06
CAND-1211,Ioana,Popescu,ioana.popescu@gmail.com,,Hamburg,Germany,Luminor,Director of Product,linkedin.com/in/ioana-popescu-662,2024-05-30
CAND-1212,Aleksandra,Dabrowska,aleksandra.dabrowska@gmail.com,001-302-838-5037x19905,Warsaw,Poland,Paddle,Senior TA Specialist,linkedin.com/in/aleksandra-dabrowska-174,2024-08-09
CAND-1213,Vilius,Paulauskas,vilius.paulauskas@protonmail.com,,Hamburg,Germany,Zalando,Customer Support Lead,linkedin.com/in/vilius-paulauskas-296,2024-09-30
CAND-1214,Lukasz,Mazur,lukasz.mazur@yahoo.com,+1-591-787-2401x078,Hamburg,Germany,Playtika,Senior Data Engineer,linkedin.com/in/lukasz-mazur-783,2025-06-10
CAND-1215,Damian,Nowak,damian.nowak@gmail.com,(274)830-0038x96087,Lviv,Ukraine,SEB,Performance Marketing Manager,,2024-12-08
CAND-1216,Emily,Smith,emily.smith@gmail.com,001-762-866-8217x19553,Vilnius,Lithuania,Freelance,Management Accountant,linkedin.com/in/emily-smith-978,2024-11-25
CAND-1217,Arnas,Kairys,arnas.kairys@gmail.com,,Wroclaw,Poland,Freelance,Senior HR Business Partner,,2024-08-13
CAND-1218,Oleh,Oliynyk,oleh.oliynyk@outlook.com,2332190368,Warsaw,Poland,Revolut,Senior DevOps Engineer,,2025-02-16
CAND-1219,Jack,Roberts,jack.roberts@gmail.com,001-530-610-2724x0559,Krakow,Poland,Pipedrive,Compliance Manager,,2024-02-18
CAND-1220,Anastasia,Kovacs,anastasia.kovacs1@gmail.com,(596)971-1148,Krakow,Poland,Checkout.com,Financial Analyst,linkedin.com/in/anastasia-kovacs-564,2024-08-25
CAND-1221,Rytis,Urbonas,rytis.urbonas@protonmail.com,,Vilnius,Lithuania,Swedbank,Senior Product Manager,linkedin.com/in/rytis-urbonas-309,2024-06-17
CAND-1222,Julian,Muller,julian.muller@outlook.com,001-353-274-5843x845,Kyiv,Ukraine,Contentful,Operations Analyst,linkedin.com/in/julian-muller-453,2025-01-20
CAND-1223,Lukas,Noreika,lukas.noreika@gmail.com,(569)374-1328x348,Tallinn,Estonia,Revolut,Operations Analyst,linkedin.com/in/lukas-noreika-144,2024-04-06
CAND-1224,Mateusz,Wojcik,mateusz.wojcik@outlook.com,(820)637-7107x044,Warsaw,Poland,Nord Security,Senior HR Business Partner,,2025-04-19
CAND-1225,Lea,Schneider,lea.schneider@gmail.com,904-296-7066,Riga,Latvia,Jam City,Senior Product Lead,linkedin.com/in/lea-schneider-298,2024-09-24
CAND-1226,Oksana,Moroz,oksana.moroz@yahoo.com,736.226.8040,Riga,Latvia,Zynga,Senior Compliance Manager,,2024-08-25
CAND-1227,Anastasia,Kuznetsov,anastasia.kuznetsov1@gmail.com,+1-854-693-0596x601,Kharkiv,Ukraine,Luminor,QA Engineer,,2024-01-24
CAND-1228,Aleksandra,Kozlowski,aleksandra.kozlowski@protonmail.com,+1-976-599-8426,London,United Kingdom,TransferGo,Senior Legal Counsel,linkedin.com/in/aleksandra-kozlowski-608,2024-08-29
CAND-1229,Daria,Popescu,daria.popescu@gmail.com,,Kaunas,Lithuania,Tesonet,Senior Product Designer,linkedin.com/in/daria-popescu-744,2024-12-23
CAND-1230,Damian,Dabrowska,damian.dabrowska@protonmail.com,(804)241-3845,Kyiv,Ukraine,Checkout.com,Head of Compliance,linkedin.com/in/damian-dabrowska-253,2024-03-15
CAND-1231,Oksana,Melnyk,oksana.melnyk@yahoo.com,+1-445-944-9014x954,Krakow,Poland,LMT,Security Engineer,,2024-10-01
CAND-1232,Neringa,Noreika,neringa.noreika@gmail.com,,Vilnius,Lithuania,King,Trust and Safety Lead,linkedin.com/in/neringa-noreika-335,2025-03-19
CAND-1233,Mirela,Kuznetsov,mirela.kuznetsov@gmail.com,307.607.0578x360,Warsaw,Poland,Zynga,Operations Manager,linkedin.com/in/mirela-kuznetsov-390,2024-12-21
CAND-1234,Paulina,Jankowski,paulina.jankowski@gmail.com,+1-485-417-2444x723,Berlin,Germany,Atea,Analytics Engineer,linkedin.com/in/paulina-jankowski-589,2024-07-19
CAND-1235,Oksana,Kovalenko,oksana.kovalenko1@yahoo.com,+1-503-210-2879x508,Kaunas,Lithuania,Bolt,Group Product Manager,linkedin.com/in/oksana-kovalenko-644,2025-05-19
CAND-1236,Rafal,Wozniak,rafal.wozniak1@outlook.com,001-944-305-8093x511,Vilnius,Lithuania,Adform,Operations Specialist,linkedin.com/in/rafal-wozniak-867,2024-02-09
CAND-1237,Chloe,Thomas,chloe.thomas@gmail.com,713.735.9561x64205,Vilnius,Lithuania,Jam City,CRM Manager,,2025-01-04
CAND-1238,Ethan,Roberts,ethan.roberts@gmail.com,(557)749-0250x42901,Krakow,Poland,Playtika,UX Researcher,linkedin.com/in/ethan-roberts-864,2024-12-16
CAND-1239,Andrei,Kuznetsov,andrei.kuznetsov@outlook.com,889.353.6902x61139,Kaunas,Lithuania,Adform,Customer Support Manager,linkedin.com/in/andrei-kuznetsov-352,2024-05-16
CAND-1240,Claudia,Weber,claudia.weber@outlook.com,,Warsaw,Poland,Zalando,Senior Product Designer,linkedin.com/in/claudia-weber-800,2024-12-01
CAND-1241,Lina,Butkus,lina.butkus@gmail.com,509.778.8754x39435,Gdansk,Poland,Revolut,Senior HR Manager,,2024-08-15
CAND-1242,Magdalena,Lewandowski,magdalena.lewandowski1@gmail.com,775.313.7651,Kharkiv,Ukraine,Barclays Technology,Principal Product Manager,linkedin.com/in/magdalena-lewandowski-126,2025-05-16
CAND-1243,Daryna,Kravchenko,daryna.kravchenko@gmail.com,(479)637-6392x836,Kyiv,Ukraine,Devbridge,Financial Analyst,linkedin.com/in/daryna-kravchenko-738,2024-05-02
CAND-1244,Anastasia,Ionescu,anastasia.ionescu@outlook.com,955-211-6682x9732,Vilnius,Lithuania,Zalando,Senior Operations Specialist,,2024-03-29
CAND-1245,Vladislav,Ionescu,vladislav.ionescu1@gmail.com,(816)248-7120,Vilnius,Lithuania,Accenture,Performance Marketing Manager,linkedin.com/in/vladislav-ionescu-319,2025-03-05
CAND-1246,Aleksandra,Nowak,aleksandra.nowak@gmail.com,,Berlin,Germany,Accenture,Junior QA Engineer,,2024-06-02
CAND-1247,Anna,Weber,anna.weber@gmail.com,001-521-628-8665x268,Kaunas,Lithuania,LMT,Senior HR Business Partner,linkedin.com/in/anna-weber-636,2025-04-29
CAND-1248,Oksana,Marchenko,oksana.marchenko@outlook.com,755-999-9101,Kaunas,Lithuania,Contentful,Operations Specialist,,2025-03-14
CAND-1249,Ewelina,Kaminski,ewelina.kaminski@yahoo.com,(776)947-2298x12099,Kyiv,Ukraine,Checkout.com,Senior Legal Counsel,linkedin.com/in/ewelina-kaminski-823,2024-12-11
CAND-1250,Daryna,Boyko,daryna.boyko@gmail.com,(857)628-9413x4750,Kaunas,Lithuania,Danske Bank,Trust and Safety Lead,linkedin.com/in/daryna-boyko-614,2024-05-11
CAND-1251,Marta,Nowak,marta.nowak@protonmail.com,765-622-0368x49951,Warsaw,Poland,Adform,Senior Engineering Manager,linkedin.com/in/marta-nowak-414,2025-01-16
CAND-1252,Iryna,Melnyk,iryna.melnyk@gmail.com,(614)347-7324,Amsterdam,Netherlands,TransferGo,Operations Manager,linkedin.com/in/iryna-melnyk-431,2024-12-14
CAND-1253,Magdalena,Dabrowska,magdalena.dabrowska@outlook.com,242.513.8820,Vilnius,Lithuania,Nord Security,Management Accountant,linkedin.com/in/magdalena-dabrowska-492,2025-01-30
CAND-1254,Oksana,Oliynyk,oksana.oliynyk@protonmail.com,,Warsaw,Poland,Bite,Compliance Manager,linkedin.com/in/oksana-oliynyk-253,2024-01-07
CAND-1255,Greta,Urbonas,greta.urbonas@gmail.com,4709534967,Gdansk,Poland,TrueLayer,Marketing Manager,,2024-04-18
CAND-1256,Max,Schneider,max.schneider@gmail.com,511-376-7412x4151,Amsterdam,Netherlands,Freelance,Security Engineer,linkedin.com/in/max-schneider-486,2024-01-09
CAND-1257,Petra,Kovacs,petra.kovacs1@outlook.com,528-254-7815x06185,London,United Kingdom,LMT,Customer Support Specialist,,2025-02-17
CAND-1258,Volodymyr,Shevchenko,volodymyr.shevchenko@gmail.com,,Berlin,Germany,Accenture,Senior FP&A Analyst,linkedin.com/in/volodymyr-shevchenko-372,2025-05-10
CAND-1259,Mantas,Stankus,mantas.stankus@gmail.com,+1-903-629-6334x7272,Berlin,Germany,,,,2025-01-26
CAND-1260,Anastasia,Petrov,anastasia.petrov@gmail.com,(531)483-0617,Vilnius,Lithuania,Bite,Senior Product Designer,linkedin.com/in/anastasia-petrov-803,2024-08-08
CAND-1261,Jolanta,Radzevicius,jolanta.radzevicius@protonmail.com,4646969357,Vilnius,Lithuania,Playtika,Customer Support Specialist,linkedin.com/in/jolanta-radzevicius-680,2024-08-07
CAND-1262,Anna,Bauer,anna.bauer@outlook.com,,Tallinn,Estonia,EA Games,Senior Product Designer,linkedin.com/in/anna-bauer-247,2024-08-30
CAND-1263,Rafal,Toth,rafal.toth@yahoo.com,,Krakow,Poland,Accenture,Financial Analyst,linkedin.com/in/rafal-toth-760,2025-04-19
CAND-1264,Sarah,Schneider,sarah.schneider@outlook.com,647.376.9587,Wroclaw,Poland,Ubisoft,Partner Operations Manager,linkedin.com/in/sarah-schneider-893,2025-05-25
CAND-1265,Oksana,Oliynyk,oksana.oliynyk@yahoo.com,,Amsterdam,Netherlands,Bite,Frontend Engineer,linkedin.com/in/oksana-oliynyk-265,2024-02-26
CAND-1266,Weronika,Szymanski,weronika.szymanski@yahoo.com,,London,United Kingdom,Delivery Hero,Compliance Manager,linkedin.com/in/weronika-szymanski-671,2025-06-15
CAND-1267,Jonas,Stonkus,jonas.stonkus@gmail.com,414.967.5361,Riga,Latvia,Vinted,Growth Manager,linkedin.com/in/jonas-stonkus-667,2025-05-15
CAND-1268,Svitlana,Shevchuk,svitlana.shevchuk@yahoo.com,515-862-7796x30448,Krakow,Poland,Atea,Senior CRM Manager,,2025-01-16
CAND-1269,Alexander,Richter,alexander.richter@yahoo.com,8856456676,Vilnius,Lithuania,King,Growth Analyst,linkedin.com/in/alexander-richter-497,2024-03-24
CAND-1270,Mia,Davies,mia.davies@gmail.com,5474350476,Kaunas,Lithuania,Revolut,Senior Marketing Manager,linkedin.com/in/mia-davies-252,2024-06-20
CAND-1271,Mia,Lewis,mia.lewis@gmail.com,+1-231-299-5298,Vilnius,Lithuania,Zalando,Senior Legal Counsel,linkedin.com/in/mia-lewis-943,2024-07-20
CAND-1272,Kinga,Ionescu,kinga.ionescu@gmail.com,(815)558-1083x5832,Berlin,Germany,Zynga,Product Manager,linkedin.com/in/kinga-ionescu-849,2024-06-04
CAND-1273,Erikas,Ambrazas,erikas.ambrazas@outlook.com,,Vilnius,Lithuania,TransferGo,Product Designer,linkedin.com/in/erikas-ambrazas-232,2024-07-04
CAND-1274,Ruta,Daunoras,ruta.daunoras1@gmail.com,825-956-3830x0081,London,United Kingdom,TrueLayer,Head of Legal,,2024-08-07
CAND-1275,Aiste,Zukauskas,aiste.zukauskas@gmail.com,3248403304,Vilnius,Lithuania,Wise,Compliance Manager,,2024-04-16
CAND-1276,Greta,Paulauskas,greta.paulauskas@gmail.com,+1-462-341-1186x0089,Kyiv,Ukraine,Swedbank,Senior Analytics Manager,linkedin.com/in/greta-paulauskas-434,2024-05-17
CAND-1277,Matas,Kazlauskas,matas.kazlauskas@yahoo.com,001-596-339-4568x0447,Amsterdam,Netherlands,Atea,HR Manager,,2024-01-02
CAND-1278,Liam,Roberts,liam.roberts1@yahoo.com,697-564-6136x847,Kyiv,Ukraine,EA Games,Senior Legal Manager,linkedin.com/in/liam-roberts-564,2024-05-01
CAND-1279,Saulius,Noreika,saulius.noreika@gmail.com,(907)765-8173x9063,Kaunas,Lithuania,Adform,Growth Lead,,2024-06-08
CAND-1280,Vilius,Paulauskas,vilius.paulauskas@gmail.com,591.345.2118x2379,Berlin,Germany,Paddle,Senior Legal Counsel,linkedin.com/in/vilius-paulauskas-162,2025-03-29
CAND-1281,Hannah,Wagner,hannah.wagner@yahoo.com,(669)878-9307,Warsaw,Poland,Adform,Senior Financial Analyst,linkedin.com/in/hannah-wagner-367,2024-06-11
CAND-1282,Chloe,Smith,chloe.smith@gmail.com,952-705-9960x4387,Amsterdam,Netherlands,King,Growth Manager,linkedin.com/in/chloe-smith-515,2025-05-23
CAND-1283,Svitlana,Kravchenko,svitlana.kravchenko@outlook.com,,Warsaw,Poland,Bolt,Partner Operations Manager,linkedin.com/in/svitlana-kravchenko-535,2024-06-25
CAND-1284,Mikhail,Nagy,mikhail.nagy@gmail.com,+1-235-477-8811x6162,Vilnius,Lithuania,King,Engineering Manager,linkedin.com/in/mikhail-nagy-127,2025-02-26
CAND-1285,Serhiy,Tkachenko,serhiy.tkachenko1@gmail.com,812.837.1067x28728,Kaunas,Lithuania,King,Staff Engineer,linkedin.com/in/serhiy-tkachenko-558,2024-04-19
CAND-1286,Jonas,Stankus,jonas.stankus1@protonmail.com,7414644859,Vilnius,Lithuania,Barclays Technology,Senior Backend Engineer,linkedin.com/in/jonas-stankus-573,2024-08-22
CAND-1287,Katarzyna,Lewandowski,katarzyna.lewandowski@yahoo.com,,Berlin,Germany,Zalando,Talent Acquisition Specialist,linkedin.com/in/katarzyna-lewandowski-678,2025-03-21
CAND-1288,Vaida,Daunoras,vaida.daunoras@outlook.com,(948)939-5894,Tallinn,Estonia,DXC Technology,QA Engineer,linkedin.com/in/vaida-daunoras-303,2024-07-24
CAND-1289,Viktor,Oliynyk,viktor.oliynyk@gmail.com,,Hamburg,Germany,Telia,Data Analyst,linkedin.com/in/viktor-oliynyk-950,2024-05-21
CAND-1290,Felix,Muller,felix.muller@gmail.com,452.428.7056,Kaunas,Lithuania,EPAM Systems,Customer Support Lead,,2024-04-29
CAND-1291,Gabija,Paulauskas,gabija.paulauskas@gmail.com,910.443.3187x5109,Kyiv,Ukraine,SumUp,Senior CRM Manager,linkedin.com/in/gabija-paulauskas-832,2024-10-03
CAND-1292,Yaroslav,Lytovchenko,yaroslav.lytovchenko@gmail.com,858-635-0344,Vilnius,Lithuania,SumUp,Engineering Manager,linkedin.com/in/yaroslav-lytovchenko-712,2025-05-23
CAND-1293,Janos,Kuznetsov,janos.kuznetsov@outlook.com,(696)448-8319x213,Tallinn,Estonia,Zalando,Senior Legal Counsel,,2025-01-26
CAND-1294,Natalia,Kovalchuk,natalia.kovalchuk@outlook.com,,Vilnius,Lithuania,DXC Technology,Finance Director,linkedin.com/in/natalia-kovalchuk-372,2024-09-11
CAND-1295,Rytis,Ambrazas,rytis.ambrazas@gmail.com,991-528-9659x994,London,United Kingdom,Barclays Technology,Senior Financial Analyst,,2025-04-01
CAND-1296,Matthew,Clark,matthew.clark@gmail.com,(903)231-9222,Kaunas,Lithuania,,,linkedin.com/in/matthew-clark-319,2025-04-23
CAND-1297,Arnas,Paulauskas,arnas.paulauskas@gmail.com,810-828-7675x48138,Amsterdam,Netherlands,,,linkedin.com/in/arnas-paulauskas-128,2024-09-22
CAND-1298,Viktorija,Levinskas,viktorija.levinskas@gmail.com,001-867-954-8581x93242,Kyiv,Ukraine,Ubisoft,Head of Legal,linkedin.com/in/viktorija-levinskas-555,2024-01-23
CAND-1299,Katharina,Hoffmann,katharina.hoffmann@gmail.com,,Berlin,Germany,Bolt,TA Manager,linkedin.com/in/katharina-hoffmann-264,2024-05-03
CAND-1300,Monika,Wozniak,monika.wozniak@yahoo.com,541.886.5205x7563,Warsaw,Poland,Bite,Senior Customer Support Specialist,linkedin.com/in/monika-wozniak-163,2024-01-27
CAND-1301,Rokas,Stankus,rokas.stankus@outlook.com,(320)737-5830x945,Riga,Latvia,Wise,Growth Manager,linkedin.com/in/rokas-stankus-512,2024-04-03
CAND-1302,Ella,Williams,ella.williams@yahoo.com,,London,United Kingdom,EA Games,FP&A Manager,linkedin.com/in/ella-williams-616,2024-06-03
CAND-1303,Weronika,Dabrowska,weronika.dabrowska@outlook.com,280-294-0476x044,Vilnius,Lithuania,King,Senior Customer Support Specialist,linkedin.com/in/weronika-dabrowska-909,2024-03-31
CAND-1304,Charlie,Evans,charlie.evans@gmail.com,001-479-477-2781x050,Krakow,Poland,Contentful,Senior Data Engineer,linkedin.com/in/charlie-evans-486,2024-12-28
CAND-1305,Egle,Butkus,egle.butkus@gmail.com,(616)510-7051,Hamburg,Germany,Luminor,FP&A Manager,linkedin.com/in/egle-butkus-354,2024-09-28
CAND-1306,Vladislav,Smirnov,vladislav.smirnov@yahoo.com,+1-390-555-2958x0660,Vilnius,Lithuania,Wargaming,Senior Data Analyst,linkedin.com/in/vladislav-smirnov-263,2024-12-30
CAND-1307,Yaroslav,Kovalchuk,yaroslav.kovalchuk1@gmail.com,001-282-641-2704x93862,Vilnius,Lithuania,Barclays Technology,SEO Specialist,linkedin.com/in/yaroslav-kovalchuk-613,2024-08-21
CAND-1308,Oksana,Tkachenko,oksana.tkachenko1@outlook.com,385-415-7919x711,Kharkiv,Ukraine,TrueLayer,Legal Manager,linkedin.com/in/oksana-tkachenko-738,2024-03-05
CAND-1309,Jonas,Radzevicius,jonas.radzevicius@protonmail.com,001-612-559-0203x5713,London,United Kingdom,Zynga,VP of Data,,2024-04-20
CAND-1310,Vilius,Kazlauskas,vilius.kazlauskas@gmail.com,001-524-606-4242x9563,Warsaw,Poland,SumUp,Customer Support Lead,linkedin.com/in/vilius-kazlauskas-898,2024-01-23
CAND-1311,Vladislav,Kovacs,vladislav.kovacs@outlook.com,724.747.4175,Vilnius,Lithuania,Nord Security,HR Business Partner,,2024-10-23
CAND-1312,Aiste,Zukauskas,aiste.zukauskas1@gmail.com,001-587-720-9628x93654,Kyiv,Ukraine,Bolt,Senior Data Analyst,linkedin.com/in/aiste-zukauskas-846,2024-01-03
CAND-1313,Bence,Nagy,bence.nagy@gmail.com,001-388-441-8343x740,Berlin,Germany,Luminor,Group Product Manager,linkedin.com/in/bence-nagy-503,2025-01-20
CAND-1314,Ioana,Fedorov,ioana.fedorov@gmail.com,227.495.5969x0515,Krakow,Poland,Miniclip,Senior Compliance Manager,linkedin.com/in/ioana-fedorov-805,2024-04-02
CAND-1315,Monika,Jankowski,monika.jankowski@protonmail.com,(975)851-2542x78207,Vilnius,Lithuania,Adform,Analytics Engineer,,2024-09-09
CAND-1316,Felix,Meyer,felix.meyer@gmail.com,001-367-834-5957x6403,Vilnius,Lithuania,Vinted,Growth Lead,linkedin.com/in/felix-meyer-421,2024-09-11
CAND-1317,Karolina,Nowak,karolina.nowak@yahoo.com,(449)469-0282x49839,Warsaw,Poland,Zynga,Backend Engineer,linkedin.com/in/karolina-nowak-708,2024-11-04
CAND-1318,Noah,Taylor,noah.taylor@gmail.com,+1-450-614-2576x27023,Wroclaw,Poland,SEB,FP&A Manager,linkedin.com/in/noah-taylor-520,2024-02-21
CAND-1319,Kamil,Kowalski,kamil.kowalski@gmail.com,412-733-6132x8507,Amsterdam,Netherlands,DXC Technology,Senior Legal Counsel,linkedin.com/in/kamil-kowalski-901,2024-11-11
CAND-1320,Jessica,Walker,jessica.walker@yahoo.com,,Vilnius,Lithuania,Adform,Senior Marketing Manager,linkedin.com/in/jessica-walker-514,2025-01-25
CAND-1321,Olivia,Walker,olivia.walker@outlook.com,378-863-7673,Warsaw,Poland,Nord Security,Senior TA Specialist,linkedin.com/in/olivia-walker-154,2024-01-10
CAND-1322,Laura,Hartmann,laura.hartmann@gmail.com,(352)765-4696,Vilnius,Lithuania,Wise,Senior Compliance Manager,linkedin.com/in/laura-hartmann-585,2024-11-14
CAND-1323,Weronika,Nowak,weronika.nowak@outlook.com,890.339.2355x5809,Vilnius,Lithuania,Personio,UX Researcher,,2024-09-14
CAND-1324,Kateryna,Kovalenko,kateryna.kovalenko@gmail.com,,Lviv,Ukraine,Wargaming,Principal Product Manager,linkedin.com/in/kateryna-kovalenko-606,2024-05-10
CAND-1325,Saulius,Daunoras,saulius.daunoras@gmail.com,,Warsaw,Poland,Adform,HR Manager,linkedin.com/in/saulius-daunoras-535,2024-03-18
CAND-1326,Arnas,Petrauskas,arnas.petrauskas@gmail.com,+1-832-473-0346x1562,Warsaw,Poland,Cognizant,Partner Operations Manager,linkedin.com/in/arnas-petrauskas-847,2025-01-30
CAND-1327,Kinga,Kuznetsov,kinga.kuznetsov1@gmail.com,,Tallinn,Estonia,Danske Bank,Senior Finance Manager,linkedin.com/in/kinga-kuznetsov-226,2024-08-26
CAND-1328,Tetyana,Marchenko,tetyana.marchenko@gmail.com,346-770-4622x6817,London,United Kingdom,Telia,FP&A Analyst,linkedin.com/in/tetyana-marchenko-578,2024-12-12
CAND-1329,Claudia,Klein,claudia.klein@gmail.com,+1-816-202-5298x67076,Wroclaw,Poland,Tesonet,Senior Compliance Manager,linkedin.com/in/claudia-klein-735,2024-03-27
CAND-1330,Natalia,Jankowski,natalia.jankowski@gmail.com,464-819-7857x5851,Warsaw,Poland,Freelance,Senior Data Analyst,linkedin.com/in/natalia-jankowski-952,2025-01-23
CAND-1331,Lena,Meyer,lena.meyer@protonmail.com,+1-961-820-5943,Krakow,Poland,Bolt,Head of People,linkedin.com/in/lena-meyer-831,2024-07-18
CAND-1332,Kristina,Stankus,kristina.stankus@protonmail.com,7746017750,Riga,Latvia,Personio,Performance Marketing Manager,,2024-01-13
CAND-1333,Monika,Kairys,monika.kairys@gmail.com,(254)308-4245x60754,Kaunas,Lithuania,Cognizant,Senior Financial Analyst,,2024-12-19
CAND-1334,Vladislav,Ivanov,vladislav.ivanov1@gmail.com,(808)663-2181x227,Vilnius,Lithuania,Checkout.com,Growth Lead,linkedin.com/in/vladislav-ivanov-586,2024-08-10
CAND-1335,Marta,Kowalski,marta.kowalski@protonmail.com,(479)338-9701x550,Kyiv,Ukraine,,,linkedin.com/in/marta-kowalski-759,2024-05-06
CAND-1336,Dovydas,Kairys,dovydas.kairys@protonmail.com,(581)654-6602x4161,Krakow,Poland,SEB,Head of People,,2024-03-03
CAND-1337,Weronika,Kozlowski,weronika.kozlowski@gmail.com,,Vilnius,Lithuania,Bite,Data Engineer,linkedin.com/in/weronika-kozlowski-191,2025-01-25
CAND-1338,Leon,Klein,leon.klein@gmail.com,,Tallinn,Estonia,EA Games,Legal Counsel,linkedin.com/in/leon-klein-911,2024-04-15
CAND-1339,Rokas,Kazlauskas,rokas.kazlauskas@outlook.com,,Vilnius,Lithuania,Ubisoft,Head of Growth,,2024-08-05
CAND-1340,Jonas,Kazlauskas,jonas.kazlauskas1@gmail.com,698-283-0597x3642,Hamburg,Germany,Playtika,Group Product Manager,linkedin.com/in/jonas-kazlauskas-488,2024-04-27
CAND-1341,Rokas,Zukauskas,rokas.zukauskas@gmail.com,+1-662-944-0630x624,Vilnius,Lithuania,Devbridge,Growth Manager,linkedin.com/in/rokas-zukauskas-841,2024-08-28
CAND-1342,Rafal,Toth,rafal.toth@protonmail.com,,Krakow,Poland,Vinted,Senior Legal Counsel,linkedin.com/in/rafal-toth-416,2025-02-22
CAND-1343,Anastasia,Popescu,anastasia.popescu@gmail.com,+1-951-833-0531x949,Kyiv,Ukraine,Playtika,Senior Legal Manager,,2024-01-04
CAND-1344,Monika,Kozlowski,monika.kozlowski1@yahoo.com,+1-495-986-7805x5557,Riga,Latvia,CGI,Senior Engineering Manager,linkedin.com/in/monika-kozlowski-784,2025-02-03
CAND-1345,Jakub,Dabrowska,jakub.dabrowska@outlook.com,,Warsaw,Poland,Pipedrive,Product Lead,,2024-01-02
CAND-1346,Sophie,Evans,sophie.evans@yahoo.com,,Hamburg,Germany,Personio,Legal Counsel,linkedin.com/in/sophie-evans-675,2024-07-18
CAND-1347,Katarzyna,Wozniak,katarzyna.wozniak@gmail.com,001-773-382-6460x9178,London,United Kingdom,Ubisoft,Compensation and Benefits Analyst,,2025-06-24
CAND-1348,Dovydas,Radzevicius,dovydas.radzevicius@gmail.com,485.444.5770,Kharkiv,Ukraine,,,linkedin.com/in/dovydas-radzevicius-900,2024-03-15
CAND-1349,Rafal,Wisniewski,rafal.wisniewski1@gmail.com,+1-459-866-0487x368,Vilnius,Lithuania,LMT,People Operations Coordinator,linkedin.com/in/rafal-wisniewski-189,2024-05-15
CAND-1350,Monika,Szymanski,monika.szymanski@protonmail.com,+1-811-763-3194x226,Krakow,Poland,Wise,People Operations Coordinator,linkedin.com/in/monika-szymanski-105,2025-01-12
CAND-1351,Kinga,Ivanov,kinga.ivanov@gmail.com,001-836-994-5515x88863,Lviv,Ukraine,TransferGo,Senior Compliance Manager,,2024-05-21
CAND-1352,Kamil,Jankowski,kamil.jankowski@gmail.com,001-874-872-2640x85721,London,United Kingdom,Freelance,Analytics Engineer,,2025-03-22
CAND-1353,Rokas,Stankus,rokas.stankus@yahoo.com,(263)709-3299x81996,Berlin,Germany,SumUp,Operations Specialist,linkedin.com/in/rokas-stankus-666,2024-12-20
CAND-1354,Felix,Meyer,felix.meyer@outlook.com,,Vilnius,Lithuania,Ubisoft,BI Analyst,linkedin.com/in/felix-meyer-100,2024-01-19
CAND-1355,Marius,Toth,marius.toth@protonmail.com,,Kaunas,Lithuania,Vinted,Legal Counsel,linkedin.com/in/marius-toth-985,2025-04-26
CAND-1356,Ioana,Fedorov,ioana.fedorov1@gmail.com,,Hamburg,Germany,Personio,DevOps Engineer,linkedin.com/in/ioana-fedorov-936,2025-06-13
CAND-1357,Gabija,Levinskas,gabija.levinskas@gmail.com,+1-532-497-1509x688,Kaunas,Lithuania,SEB,Customer Support Specialist,linkedin.com/in/gabija-levinskas-459,2024-03-01
CAND-1358,Inga,Butkus,inga.butkus@outlook.com,,Vilnius,Lithuania,,,linkedin.com/in/inga-butkus-290,2025-03-13
CAND-1359,Vaida,Levinskas,vaida.levinskas@outlook.com,953.927.3524x103,Krakow,Poland,Zalando,Junior Backend Engineer,,2024-11-17
CAND-1360,Philipp,Weber,philipp.weber@protonmail.com,,Tallinn,Estonia,Barclays Technology,Senior FP&A Analyst,linkedin.com/in/philipp-weber-332,2024-05-24
CAND-1361,Charlotte,Roberts,charlotte.roberts@yahoo.com,797.432.7819,Amsterdam,Netherlands,Luminor,Operations Analyst,linkedin.com/in/charlotte-roberts-583,2024-04-28
CAND-1362,Weronika,Jankowski,weronika.jankowski@protonmail.com,371.800.6876,Vilnius,Lithuania,Cognizant,Marketing Manager,linkedin.com/in/weronika-jankowski-889,2024-03-13
CAND-1363,Matas,Urbonas,matas.urbonas@yahoo.com,781-898-0770x460,Kaunas,Lithuania,Wise,Lead UX Researcher,linkedin.com/in/matas-urbonas-902,2025-01-03
CAND-1364,Agnieszka,Lewandowski,agnieszka.lewandowski@gmail.com,001-887-761-1249x125,Vilnius,Lithuania,Personio,TA Coordinator,linkedin.com/in/agnieszka-lewandowski-702,2024-08-12
CAND-1365,Ioana,Kuznetsov,ioana.kuznetsov@gmail.com,(937)534-1517,Gdansk,Poland,Accenture,CRM Manager,linkedin.com/in/ioana-kuznetsov-241,2024-02-18
CAND-1366,Pawel,Kowalczyk,pawel.kowalczyk@protonmail.com,001-645-247-5749x49022,Kaunas,Lithuania,Miniclip,Partner Operations Manager,,2024-06-12
CAND-1367,Tomas,Petrauskas,tomas.petrauskas@yahoo.com,,Hamburg,Germany,Accenture,UX Researcher,linkedin.com/in/tomas-petrauskas-848,2024-01-29
CAND-1368,Sarah,Schmidt,sarah.schmidt1@gmail.com,,Berlin,Germany,Barclays Technology,HR Business Partner,linkedin.com/in/sarah-schmidt-924,2024-10-29
CAND-1369,Stefan,Muller,stefan.muller@protonmail.com,959.954.4294,Vilnius,Lithuania,Playtika,Senior TA Specialist,,2024-11-18
CAND-1370,Grace,Jones,grace.jones@protonmail.com,+1-442-222-9464x30394,Vilnius,Lithuania,Pipedrive,BI Analyst,,2024-12-31
CAND-1371,Andrei,Petrov,andrei.petrov@protonmail.com,,Vilnius,Lithuania,TransferGo,Operations Specialist,,2024-12-21
CAND-1372,Mirela,Smirnov,mirela.smirnov@protonmail.com,,Warsaw,Poland,Bite,Accounts Assistant,linkedin.com/in/mirela-smirnov-553,2024-07-14
CAND-1373,Bence,Popescu,bence.popescu@gmail.com,758-786-7925x298,Krakow,Poland,Danske Bank,Senior Engineering Manager,linkedin.com/in/bence-popescu-502,2024-10-21
CAND-1374,Mirela,Popescu,mirela.popescu@gmail.com,(572)587-2760x1534,Krakow,Poland,Wargaming,Financial Analyst,,2025-03-14
CAND-1375,Neringa,Jankauskas,neringa.jankauskas@gmail.com,(249)513-5779,Tallinn,Estonia,Nord Security,Chief Marketing Officer,,2024-06-27
CAND-1376,Nikita,Ivanov,nikita.ivanov@protonmail.com,001-335-206-1581x4888,Vilnius,Lithuania,Danske Bank,HR Business Partner,linkedin.com/in/nikita-ivanov-598,2024-01-14
CAND-1377,Serhiy,Shevchuk,serhiy.shevchuk@gmail.com,698.633.4233x720,Kaunas,Lithuania,Bite,Senior Legal Counsel,,2025-05-27
CAND-1378,Jolanta,Gudas,jolanta.gudas@yahoo.com,,Warsaw,Poland,Danske Bank,Growth Analyst,linkedin.com/in/jolanta-gudas-486,2024-06-09
CAND-1379,Kamil,Dabrowska,kamil.dabrowska@gmail.com,,Vilnius,Lithuania,Delivery Hero,Talent Acquisition Specialist,,2024-07-07
CAND-1380,Gintaras,Butkus,gintaras.butkus@yahoo.com,531-928-4033,Vilnius,Lithuania,Ubisoft,Data Engineer,linkedin.com/in/gintaras-butkus-976,2024-04-07
CAND-1381,Ruta,Radzevicius,ruta.radzevicius1@gmail.com,518.305.1371x717,Hamburg,Germany,King,Fraud Analyst,linkedin.com/in/ruta-radzevicius-348,2024-01-15
CAND-1382,Viktorija,Zukauskas,viktorija.zukauskas@outlook.com,+1-893-397-4909,Riga,Latvia,Miniclip,Platform Engineer,linkedin.com/in/viktorija-zukauskas-567,2024-12-08
CAND-1383,Emma,Robinson,emma.robinson@yahoo.com,,Vilnius,Lithuania,EA Games,Compensation and Benefits Analyst,linkedin.com/in/emma-robinson-963,2024-09-03
CAND-1384,Karolina,Jankowski,karolina.jankowski@gmail.com,,Vilnius,Lithuania,Danske Bank,Senior Customer Support Specialist,linkedin.com/in/karolina-jankowski-574,2024-01-26
CAND-1385,Andreas,Schmidt,andreas.schmidt@gmail.com,,Amsterdam,Netherlands,N26,DevOps Engineer,,2024-06-21
CAND-1386,Greta,Jankauskas,greta.jankauskas@gmail.com,,Krakow,Poland,TransferGo,Compliance Manager,linkedin.com/in/greta-jankauskas-544,2024-04-18
CAND-1387,Jessica,Thomas,jessica.thomas@gmail.com,001-773-999-7046x9472,Krakow,Poland,EA Games,Senior Operations Specialist,linkedin.com/in/jessica-thomas-581,2024-06-20
CAND-1388,Felix,Bauer,felix.bauer@gmail.com,,Kyiv,Ukraine,Contentful,Senior Legal Counsel,linkedin.com/in/felix-bauer-484,2024-06-07
CAND-1389,Oksana,Marchenko,oksana.marchenko@yahoo.com,944.248.3548x84712,Gdansk,Poland,EPAM Systems,Security Engineer,linkedin.com/in/oksana-marchenko-839,2025-05-03
CAND-1390,Domantas,Rimkus,domantas.rimkus@yahoo.com,587-372-2164x17582,Wroclaw,Poland,N26,Senior Data Engineer,linkedin.com/in/domantas-rimkus-190,2024-10-11
CAND-1391,Matas,Kairys,matas.kairys@protonmail.com,001-433-748-4587x14939,Kaunas,Lithuania,Danske Bank,Marketing Manager,,2024-01-14
CAND-1392,Ruta,Mockus,ruta.mockus@protonmail.com,(936)822-9258,Vilnius,Lithuania,Adform,Senior Analytics Engineer,linkedin.com/in/ruta-mockus-230,2024-04-15
CAND-1393,Ruta,Stonkus,ruta.stonkus@yahoo.com,001-843-847-4524x55574,Warsaw,Poland,Vinted,Talent Acquisition Specialist,linkedin.com/in/ruta-stonkus-944,2024-02-28
CAND-1394,Agnieszka,Mazur,agnieszka.mazur@outlook.com,001-660-760-6527x40334,Kaunas,Lithuania,EA Games,Senior Product Designer,linkedin.com/in/agnieszka-mazur-172,2024-01-24
CAND-1395,Michael,Richter,michael.richter@protonmail.com,,Vilnius,Lithuania,EPAM Systems,HR Manager,,2024-06-11
CAND-1396,Iryna,Melnyk,iryna.melnyk1@gmail.com,9566658833,Amsterdam,Netherlands,Checkout.com,FP&A Analyst,linkedin.com/in/iryna-melnyk-254,2024-03-24
CAND-1397,Oliver,Evans,oliver.evans@outlook.com,813-925-7970,Vilnius,Lithuania,Swedbank,Senior Operations Manager,,2025-02-06
CAND-1398,Anna,Zielinski,anna.zielinski@gmail.com,649.796.0105,Wroclaw,Poland,Pipedrive,HR Business Partner,linkedin.com/in/anna-zielinski-393,2024-09-17
CAND-1399,Rafal,Zielinski,rafal.zielinski@gmail.com,541.372.1562x294,Tallinn,Estonia,Zalando,Senior Performance Marketer,linkedin.com/in/rafal-zielinski-762,2025-01-20
CAND-1400,Arnas,Zukauskas,arnas.zukauskas@gmail.com,735.798.4884x021,Riga,Latvia,Pipedrive,Finance Director,linkedin.com/in/arnas-zukauskas-520,2024-05-20
CAND-1401,Ioana,Ivanov,ioana.ivanov@gmail.com,001-273-425-7375x53449,Vilnius,Lithuania,Barclays Technology,Senior DevOps Engineer,,2024-04-10
CAND-1402,Laura,Richter,laura.richter@gmail.com,766-267-0808,Hamburg,Germany,Pipedrive,Talent Acquisition Specialist,linkedin.com/in/laura-richter-924,2024-09-02
CAND-1403,Mirela,Smirnov,mirela.smirnov2@gmail.com,,London,United Kingdom,Danske Bank,CRM Manager,,2024-02-05
CAND-1404,Oliver,Lewis,oliver.lewis@gmail.com,,Krakow,Poland,Swedbank,Platform Engineer,linkedin.com/in/oliver-lewis-984,2025-04-23
CAND-1405,Ethan,Roberts,ethan.roberts@protonmail.com,001-760-385-8749,Warsaw,Poland,LMT,Senior TA Specialist,,2024-12-09
CAND-1406,Nikita,Petrov,nikita.petrov@gmail.com,001-519-318-1828x1979,Kharkiv,Ukraine,Personio,Compensation and Benefits Analyst,,2024-03-06
CAND-1407,Karolina,Nowak,karolina.nowak@gmail.com,001-264-877-2512x95786,Kaunas,Lithuania,Checkout.com,Security Engineer,,2024-11-09
CAND-1408,Oksana,Marchenko,oksana.marchenko1@outlook.com,001-840-496-0035,Warsaw,Poland,Danske Bank,Compensation and Benefits Analyst,linkedin.com/in/oksana-marchenko-973,2024-09-02
CAND-1409,Laura,Stonkus,laura.stonkus2@gmail.com,439-558-7395x923,London,United Kingdom,TransferGo,Financial Analyst,,2024-10-19
CAND-1410,Laura,Noreika,laura.noreika@yahoo.com,521-508-9028x5155,Riga,Latvia,Revolut,TA Manager,,2024-11-12
CAND-1411,Gabija,Radzevicius,gabija.radzevicius@outlook.com,442.964.3350,Kyiv,Ukraine,N26,Head of Product,linkedin.com/in/gabija-radzevicius-761,2024-05-04
CAND-1412,Monika,Wisniewski,monika.wisniewski2@gmail.com,,Vilnius,Lithuania,Paddle,Compliance Specialist,linkedin.com/in/monika-wisniewski-314,2025-01-06
CAND-1413,Grace,Clark,grace.clark@gmail.com,860-573-6077,Hamburg,Germany,LMT,Management Accountant,linkedin.com/in/grace-clark-795,2025-05-25
CAND-1414,Greta,Kazlauskas,greta.kazlauskas@protonmail.com,369.411.2898,Riga,Latvia,Tesonet,Senior Marketing Manager,linkedin.com/in/greta-kazlauskas-691,2025-03-16
CAND-1415,Marcin,Wojcik,marcin.wojcik@outlook.com,001-631-379-5563x31857,Warsaw,Poland,Vinted,Senior Engineering Manager,,2025-03-25
CAND-1416,Rafal,Ivanov,rafal.ivanov@protonmail.com,600.566.6155x416,Lviv,Ukraine,King,Senior Engineering Manager,,2024-07-01
CAND-1417,Julian,Meyer,julian.meyer@outlook.com,001-216-470-4502x329,Wroclaw,Poland,TransferGo,TA Coordinator,linkedin.com/in/julian-meyer-687,2024-05-06
CAND-1418,Thomas,Thomas,thomas.thomas@protonmail.com,422.470.0934x59626,Berlin,Germany,Revolut,Frontend Engineer,linkedin.com/in/thomas-thomas-454,2024-12-25
CAND-1419,Hannah,Schneider,hannah.schneider@protonmail.com,722.251.2073x46549,Tallinn,Estonia,Ubisoft,Compliance Manager,linkedin.com/in/hannah-schneider-482,2024-12-26
CAND-1420,Chloe,Brown,chloe.brown@gmail.com,8504702608,Vilnius,Lithuania,Bite,Senior Growth Manager,,2024-06-27
CAND-1421,Rokas,Levinskas,rokas.levinskas@gmail.com,(910)953-1611,Warsaw,Poland,Telia,Senior Product Manager,linkedin.com/in/rokas-levinskas-193,2024-02-20
CAND-1422,Taras,Shevchenko,taras.shevchenko@outlook.com,(387)929-0477x42585,Kyiv,Ukraine,TransferGo,Data Engineering Manager,linkedin.com/in/taras-shevchenko-201,2024-01-15
CAND-1423,Michal,Lewandowski,michal.lewandowski@protonmail.com,,Riga,Latvia,Paddle,Senior Marketing Manager,,2025-05-19
CAND-1424,Hannah,Klein,hannah.klein@protonmail.com,,Krakow,Poland,SumUp,Senior TA Specialist,linkedin.com/in/hannah-klein-368,2024-05-14
CAND-1425,Jolanta,Stonkus,jolanta.stonkus@gmail.com,,Hamburg,Germany,Barclays Technology,Security Engineer,linkedin.com/in/jolanta-stonkus-257,2024-12-20
CAND-1426,Halyna,Moroz,halyna.moroz@gmail.com,393.523.8223x1164,London,United Kingdom,Jam City,BI Analyst,linkedin.com/in/halyna-moroz-486,2024-07-06
CAND-1427,Emma,Brown,emma.brown@gmail.com,642.445.7988,Hamburg,Germany,Contentful,Senior Legal Manager,linkedin.com/in/emma-brown-763,2024-04-27
CAND-1428,Yaroslav,Marchenko,yaroslav.marchenko@outlook.com,465-829-0603x20203,Riga,Latvia,Wargaming,Legal Manager,,2024-11-08
CAND-1429,Emma,Williams,emma.williams@gmail.com,,Vilnius,Lithuania,SEB,Senior Data Analyst,linkedin.com/in/emma-williams-393,2025-02-12
CAND-1430,Lina,Urbonas,lina.urbonas@outlook.com,909-377-5396x73794,Kyiv,Ukraine,Cognizant,Mobile Engineer,linkedin.com/in/lina-urbonas-918,2024-06-27
CAND-1431,Zsuzsanna,Ionescu,zsuzsanna.ionescu1@outlook.com,,Warsaw,Poland,Bolt,Partner Operations Manager,linkedin.com/in/zsuzsanna-ionescu-786,2024-04-03
CAND-1432,Mykola,Moroz,mykola.moroz1@gmail.com,001-648-355-2457x8715,Berlin,Germany,Wise,Senior Backend Engineer,,2024-01-19
CAND-1433,Arnas,Kazlauskas,arnas.kazlauskas@gmail.com,(460)782-1371x184,Tallinn,Estonia,Nord Security,Senior Data Analyst,linkedin.com/in/arnas-kazlauskas-175,2024-07-25
CAND-1434,Kateryna,Moroz,kateryna.moroz@outlook.com,576-781-8268x3230,Krakow,Poland,LMT,TA Coordinator,linkedin.com/in/kateryna-moroz-268,2025-03-12
CAND-1435,Piotr,Jankowski,piotr.jankowski@yahoo.com,,Vilnius,Lithuania,Bite,Senior HR Business Partner,linkedin.com/in/piotr-jankowski-447,2025-06-27
CAND-1436,Taras,Kovalchuk,taras.kovalchuk@gmail.com,492.398.8085x83825,Tallinn,Estonia,Delivery Hero,Management Accountant,linkedin.com/in/taras-kovalchuk-888,2025-01-26
CAND-1437,Adam,Wisniewski,adam.wisniewski@gmail.com,+1-829-932-8963x40646,Vilnius,Lithuania,TransferGo,Senior Product Manager,,2025-05-12
CAND-1438,George,Roberts,george.roberts@protonmail.com,352.240.1484x399,Wroclaw,Poland,Cognizant,Senior Backend Engineer,linkedin.com/in/george-roberts-674,2025-04-20
CAND-1439,Rafal,Szymanski,rafal.szymanski@outlook.com,001-762-327-2362x66933,Berlin,Germany,Bite,Finance Manager,linkedin.com/in/rafal-szymanski-306,2025-01-29
CAND-1440,Aleksander,Kovacs,aleksander.kovacs@gmail.com,442.661.9237,Kaunas,Lithuania,Atea,Senior Operations Specialist,linkedin.com/in/aleksander-kovacs-702,2025-01-30
CAND-1441,Daria,Smirnov,daria.smirnov@outlook.com,001-950-418-4819x73741,Hamburg,Germany,Ubisoft,Trust and Safety Analyst,linkedin.com/in/daria-smirnov-428,2024-07-29
CAND-1442,Erikas,Kazlauskas,erikas.kazlauskas1@gmail.com,454-906-4176,Vilnius,Lithuania,TrueLayer,Senior Data Engineer,linkedin.com/in/erikas-kazlauskas-340,2024-03-21
CAND-1443,Ioana,Fedorov,ioana.fedorov1@yahoo.com,,Kyiv,Ukraine,Miniclip,L&D Specialist,linkedin.com/in/ioana-fedorov-545,2024-09-10
CAND-1444,Gintaras,Rimkus,gintaras.rimkus@protonmail.com,001-343-681-1995x37660,London,United Kingdom,Bolt,Senior FP&A Analyst,linkedin.com/in/gintaras-rimkus-717,2024-09-07
CAND-1445,Ethan,Robinson,ethan.robinson@gmail.com,001-944-585-6451x0173,Berlin,Germany,N26,FP&A Manager,linkedin.com/in/ethan-robinson-877,2024-06-24
CAND-1446,Rytis,Kairys,rytis.kairys@outlook.com,001-864-217-8996,London,United Kingdom,Delivery Hero,Financial Analyst,linkedin.com/in/rytis-kairys-108,2025-04-01
CAND-1447,Monika,Grigas,monika.grigas@gmail.com,+1-819-219-1135x996,Warsaw,Poland,TrueLayer,Trust and Safety Analyst,,2025-02-26
CAND-1448,Bartosz,Mazur,bartosz.mazur@gmail.com,(277)798-0660x392,Vilnius,Lithuania,EPAM Systems,Senior FP&A Analyst,linkedin.com/in/bartosz-mazur-165,2024-05-31
CAND-1449,Felix,Hartmann,felix.hartmann@gmail.com,546-607-4555,Kyiv,Ukraine,Atea,Product Manager,linkedin.com/in/felix-hartmann-984,2025-04-17
CAND-1450,Filip,Wozniak,filip.wozniak@protonmail.com,405.974.2388x565,Vilnius,Lithuania,EA Games,Senior Operations Specialist,,2025-03-16
CAND-1451,Janos,Fedorov,janos.fedorov@gmail.com,,Warsaw,Poland,Danske Bank,Management Accountant,linkedin.com/in/janos-fedorov-497,2024-08-14
CAND-1452,Saulius,Petrauskas,saulius.petrauskas@gmail.com,355-898-3541,Vilnius,Lithuania,Luminor,Senior Analytics Manager,linkedin.com/in/saulius-petrauskas-354,2024-07-18
CAND-1453,Tomasz,Zielinski,tomasz.zielinski@gmail.com,797-226-3475x57522,Vilnius,Lithuania,N26,Compliance Manager,linkedin.com/in/tomasz-zielinski-809,2025-02-09
CAND-1454,Emily,Smith,emily.smith@yahoo.com,,Lviv,Ukraine,Freelance,Customer Support Lead,linkedin.com/in/emily-smith-387,2025-01-25
CAND-1455,Olivia,Clark,olivia.clark@protonmail.com,439-848-8488,London,United Kingdom,DXC Technology,Senior Legal Manager,linkedin.com/in/olivia-clark-292,2024-02-08
CAND-1456,Anna,Wisniewski,anna.wisniewski@gmail.com,+1-813-411-9642x585,Riga,Latvia,Danske Bank,QA Engineer,linkedin.com/in/anna-wisniewski-387,2025-03-08
CAND-1457,Adam,Kozlowski,adam.kozlowski1@gmail.com,(614)299-1537x0382,Vilnius,Lithuania,Tesonet,Marketing Coordinator,linkedin.com/in/adam-kozlowski-510,2024-04-20
CAND-1458,Kristina,Kazlauskas,kristina.kazlauskas@gmail.com,933.933.7320x4309,Kaunas,Lithuania,Bite,Product Lead,linkedin.com/in/kristina-kazlauskas-538,2025-04-12
CAND-1459,Paulina,Mazur,paulina.mazur@outlook.com,(688)893-6289x69645,Berlin,Germany,Miniclip,Senior Operations Specialist,linkedin.com/in/paulina-mazur-866,2024-02-28
CAND-1460,Jolanta,Petrauskas,jolanta.petrauskas@gmail.com,,Vilnius,Lithuania,N26,Finance Manager,linkedin.com/in/jolanta-petrauskas-321,2024-10-04
CAND-1461,Laura,Muller,laura.muller@gmail.com,(453)358-5125x389,Berlin,Germany,EA Games,Platform Engineer,linkedin.com/in/laura-muller-267,2024-05-15
CAND-1462,Ruta,Daunoras,ruta.daunoras@protonmail.com,978.951.9358x37490,Riga,Latvia,,,,2025-04-18
CAND-1463,Claudia,Klein,claudia.klein@outlook.com,396.712.0878x0572,London,United Kingdom,Accenture,Management Accountant,,2024-07-06
CAND-1464,Rafal,Kuznetsov,rafal.kuznetsov1@gmail.com,849-540-9762,Wroclaw,Poland,Tesonet,Compliance Manager,linkedin.com/in/rafal-kuznetsov-165,2024-07-03
CAND-1465,Simona,Zukauskas,simona.zukauskas@outlook.com,,Warsaw,Poland,SumUp,Director of Data and Analytics,linkedin.com/in/simona-zukauskas-292,2025-04-07
CAND-1466,Larysa,Shevchenko,larysa.shevchenko1@gmail.com,+1-274-284-5398x62895,Vilnius,Lithuania,Vinted,Senior Product Manager,linkedin.com/in/larysa-shevchenko-454,2025-03-01
CAND-1467,Emily,Hughes,emily.hughes@gmail.com,001-459-411-9186x233,Vilnius,Lithuania,DXC Technology,Senior Financial Analyst,linkedin.com/in/emily-hughes-460,2024-04-16
CAND-1468,Yulia,Lytovchenko,yulia.lytovchenko@gmail.com,8718511696,Warsaw,Poland,TransferGo,Legal Counsel,linkedin.com/in/yulia-lytovchenko-604,2025-02-01
CAND-1469,Andreas,Schneider,andreas.schneider@gmail.com,001-372-452-1452x647,Amsterdam,Netherlands,Tesonet,Data Engineer,linkedin.com/in/andreas-schneider-428,2024-09-23
CAND-1470,Iryna,Bondarenko,iryna.bondarenko@protonmail.com,263-235-1571x840,London,United Kingdom,Zalando,Head of Marketing,linkedin.com/in/iryna-bondarenko-998,2024-01-19
CAND-1471,Paulina,Wozniak,paulina.wozniak@yahoo.com,+1-751-320-8005x64099,Warsaw,Poland,Personio,Legal Counsel,linkedin.com/in/paulina-wozniak-483,2025-01-21
CAND-1472,Sophie,Roberts,sophie.roberts@gmail.com,(439)772-8351,London,United Kingdom,DXC Technology,Senior Financial Analyst,linkedin.com/in/sophie-roberts-749,2024-08-02
CAND-1473,Simona,Ambrazas,simona.ambrazas@gmail.com,001-227-328-2709,Berlin,Germany,DXC Technology,Senior Legal Counsel,linkedin.com/in/simona-ambrazas-467,2024-06-06
CAND-1474,Tadas,Urbonas,tadas.urbonas@yahoo.com,741-952-9821x7392,Riga,Latvia,Adform,Security Engineer,,2024-06-10
CAND-1475,Lukas,Stankus,lukas.stankus1@outlook.com,+1-886-271-8153x52373,Vilnius,Lithuania,Accenture,Trust and Safety Lead,linkedin.com/in/lukas-stankus-338,2025-03-22
CAND-1476,Agne,Ambrazas,agne.ambrazas@gmail.com,,London,United Kingdom,,,,2024-07-03
CAND-1477,Rytis,Mockus,rytis.mockus@yahoo.com,(807)591-8158x998,Tallinn,Estonia,Paddle,Customer Support Specialist,,2024-08-16
CAND-1478,Julia,Muller,julia.muller@gmail.com,952-373-4666x6170,Amsterdam,Netherlands,N26,Data Analyst,linkedin.com/in/julia-muller-255,2024-04-06
CAND-1479,Mikhail,Ivanov,mikhail.ivanov@protonmail.com,487-796-4740x80314,London,United Kingdom,TransferGo,Fraud Analyst,linkedin.com/in/mikhail-ivanov-648,2025-05-26
CAND-1480,Aleksander,Ionescu,aleksander.ionescu@yahoo.com,001-408-700-4635x8068,Warsaw,Poland,Paddle,Mobile Engineer,,2024-01-01
CAND-1481,Dovydas,Grigas,dovydas.grigas@outlook.com,+1-203-217-2351x37399,Berlin,Germany,Accenture,Senior Operations Specialist,linkedin.com/in/dovydas-grigas-388,2025-02-12
CAND-1482,Anna,Hoffmann,anna.hoffmann@outlook.com,(431)440-3526x3560,Vilnius,Lithuania,,,linkedin.com/in/anna-hoffmann-725,2024-05-24
CAND-1483,Leon,Schneider,leon.schneider@gmail.com,+1-839-846-9434x606,Vilnius,Lithuania,Bolt,QA Engineer,linkedin.com/in/leon-schneider-322,2024-04-25
CAND-1484,Dovydas,Radzevicius,dovydas.radzevicius@protonmail.com,,Vilnius,Lithuania,Miniclip,Compliance Specialist,linkedin.com/in/dovydas-radzevicius-708,2024-10-11
CAND-1485,Mariya,Shevchenko,mariya.shevchenko1@yahoo.com,337-349-0607x231,Vilnius,Lithuania,Paddle,DevOps Engineer,linkedin.com/in/mariya-shevchenko-121,2024-06-21
CAND-1486,Christian,Klein,christian.klein@gmail.com,(671)628-5246,Krakow,Poland,Zalando,HR Business Partner,linkedin.com/in/christian-klein-746,2024-02-17
CAND-1487,Krzysztof,Wozniak,krzysztof.wozniak@gmail.com,294-911-6318x7328,Vilnius,Lithuania,Atea,Senior Analytics Manager,linkedin.com/in/krzysztof-wozniak-678,2024-03-04
CAND-1488,Vilius,Butkus,vilius.butkus@outlook.com,,Wroclaw,Poland,N26,Data Engineering Manager,,2025-05-28
CAND-1489,Viktor,Bondarenko,viktor.bondarenko@gmail.com,,Kaunas,Lithuania,Pipedrive,Trust and Safety Lead,,2025-02-16
CAND-1490,Edvinas,Ambrazas,edvinas.ambrazas@yahoo.com,911.430.6211x3695,Kyiv,Ukraine,Wargaming,UX Researcher,linkedin.com/in/edvinas-ambrazas-260,2024-07-24
CAND-1491,Daria,Ionescu,daria.ionescu1@protonmail.com,690.483.3509x025,Berlin,Germany,N26,Customer Support Manager,,2024-03-05
CAND-1492,Viktor,Lytovchenko,viktor.lytovchenko@protonmail.com,(573)706-6248x132,Gdansk,Poland,Cognizant,Senior Legal Counsel,linkedin.com/in/viktor-lytovchenko-744,2025-01-14
CAND-1493,Liam,Clark,liam.clark@yahoo.com,+1-270-371-3984x82285,Amsterdam,Netherlands,Personio,Marketing Manager,linkedin.com/in/liam-clark-555,2025-02-23
CAND-1494,Monika,Urbonas,monika.urbonas@yahoo.com,+1-216-888-0925x50213,Amsterdam,Netherlands,Freelance,Senior Performance Marketer,linkedin.com/in/monika-urbonas-609,2024-07-01
CAND-1495,Leon,Bauer,leon.bauer@outlook.com,3902691309,London,United Kingdom,Swedbank,TA Manager,linkedin.com/in/leon-bauer-196,2024-05-21
CAND-1496,Kamil,Lewandowski,kamil.lewandowski1@gmail.com,+1-979-964-9673x7945,Warsaw,Poland,Telia,Engineering Manager,,2024-01-24
CAND-1497,Karolina,Jankowski,karolina.jankowski@yahoo.com,(678)453-2426,Tallinn,Estonia,EPAM Systems,Group Product Manager,linkedin.com/in/karolina-jankowski-675,2024-01-04
CAND-1498,Yulia,Boyko,yulia.boyko1@protonmail.com,(706)542-0768x362,Krakow,Poland,Miniclip,Financial Analyst,,2024-07-17
CAND-1499,Isabelle,Taylor,isabelle.taylor1@gmail.com,(566)577-7675x5562,Warsaw,Poland,LMT,Senior Customer Support Specialist,,2024-10-26
CAND-1500,Amy,Taylor,amy.taylor@gmail.com,739.639.5786,Tallinn,Estonia,,,linkedin.com/in/amy-taylor-925,2025-02-07
CAND-1501,Andrei,Ionescu,andrei.ionescu@gmail.com,862.271.8749,Vilnius,Lithuania,LMT,Mobile Engineer,linkedin.com/in/andrei-ionescu-162,2024-01-19
CAND-1502,Bence,Kovacs,bence.kovacs2@gmail.com,935.282.6862,Kyiv,Ukraine,Wargaming,Senior Marketing Manager,linkedin.com/in/bence-kovacs-412,2024-08-30
CAND-1503,Yulia,Lytovchenko,yulia.lytovchenko1@gmail.com,001-836-792-4926x932,Kaunas,Lithuania,Contentful,DevOps Engineer,,2024-01-14
CAND-1504,Saulius,Zukauskas,saulius.zukauskas@protonmail.com,232.275.9980x111,Tallinn,Estonia,Zynga,Customer Support Lead,,2025-01-01
CAND-1505,Tomasz,Jankowski,tomasz.jankowski@yahoo.com,3517553234,Kaunas,Lithuania,Checkout.com,Management Accountant,linkedin.com/in/tomasz-jankowski-879,2025-05-06
CAND-1506,Anastasia,Kuznetsov,anastasia.kuznetsov@outlook.com,+1-459-477-5244x182,Amsterdam,Netherlands,King,Frontend Engineer,linkedin.com/in/anastasia-kuznetsov-804,2024-05-05
CAND-1507,Mindaugas,Rimkus,mindaugas.rimkus@gmail.com,(318)296-2887x43127,Tallinn,Estonia,King,Senior TA Specialist,,2025-02-14
CAND-1508,George,Smith,george.smith@outlook.com,(967)467-2095,Kyiv,Ukraine,TransferGo,Customer Support Manager,,2024-05-20
CAND-1509,Kamil,Wisniewski,kamil.wisniewski@gmail.com,607.895.5151x229,Vilnius,Lithuania,Contentful,Head of Marketing,linkedin.com/in/kamil-wisniewski-130,2024-09-21
CAND-1510,Damian,Kowalczyk,damian.kowalczyk@yahoo.com,(213)854-1597,Kyiv,Ukraine,Danske Bank,Senior Performance Marketer,linkedin.com/in/damian-kowalczyk-968,2024-08-25
CAND-1511,Volodymyr,Melnyk,volodymyr.melnyk1@gmail.com,(754)438-4807,London,United Kingdom,Delivery Hero,UX Researcher,linkedin.com/in/volodymyr-melnyk-858,2024-09-12
CAND-1512,Marta,Mazur,marta.mazur1@gmail.com,,Kyiv,Ukraine,Contentful,Senior Analytics Engineer,linkedin.com/in/marta-mazur-535,2024-10-04
CAND-1513,Iryna,Moroz,iryna.moroz@gmail.com,9343476504,London,United Kingdom,Accenture,Trust and Safety Analyst,linkedin.com/in/iryna-moroz-274,2024-12-20
CAND-1514,Monika,Zukauskas,monika.zukauskas@gmail.com,,Warsaw,Poland,Danske Bank,Senior Product Manager,linkedin.com/in/monika-zukauskas-153,2025-06-25
CAND-1515,Vladislav,Fedorov,vladislav.fedorov1@gmail.com,280-629-0904x63766,Berlin,Germany,Personio,Senior Compliance Manager,linkedin.com/in/vladislav-fedorov-465,2024-05-24
CAND-1516,Neringa,Paulauskas,neringa.paulauskas@outlook.com,001-565-958-6652x548,Krakow,Poland,Ubisoft,Compliance Specialist,,2024-07-27
CAND-1517,Dovydas,Noreika,dovydas.noreika@gmail.com,441-771-5810x2131,Vilnius,Lithuania,Delivery Hero,HR Business Partner,linkedin.com/in/dovydas-noreika-345,2025-06-17
CAND-1518,Elena,Kuznetsov,elena.kuznetsov@outlook.com,329-431-1005,Hamburg,Germany,Paddle,Senior Product Designer,linkedin.com/in/elena-kuznetsov-586,2024-07-20
CAND-1519,Aiste,Butkus,aiste.butkus@gmail.com,001-375-419-1023,Warsaw,Poland,TransferGo,Compliance Manager,linkedin.com/in/aiste-butkus-776,2024-08-05
CAND-1520,Kinga,Kuznetsov,kinga.kuznetsov2@gmail.com,710-563-3016,Krakow,Poland,Nord Security,Fraud Analyst,linkedin.com/in/kinga-kuznetsov-385,2025-01-25
CAND-1521,Paulina,Kozlowski,paulina.kozlowski@outlook.com,,Tallinn,Estonia,Swedbank,Head of Product,linkedin.com/in/paulina-kozlowski-505,2024-05-19
CAND-1522,Kateryna,Boyko,kateryna.boyko@outlook.com,337.492.7490x7280,Hamburg,Germany,Vinted,Senior Backend Engineer,linkedin.com/in/kateryna-boyko-709,2024-12-14
CAND-1523,Aleksandra,Wojcik,aleksandra.wojcik@protonmail.com,442.789.3113,Vilnius,Lithuania,Pipedrive,Senior TA Specialist,,2024-06-23
CAND-1524,Florian,Hoffmann,florian.hoffmann@protonmail.com,001-532-269-4968x43645,Berlin,Germany,Danske Bank,Compliance Specialist,,2025-05-17
CAND-1525,Monika,Jankowski,monika.jankowski@yahoo.com,+1-944-221-0175x0961,Berlin,Germany,TransferGo,Backend Engineer,linkedin.com/in/monika-jankowski-697,2025-04-18
CAND-1526,Katharina,Hartmann,katharina.hartmann@protonmail.com,,Riga,Latvia,EPAM Systems,Senior Performance Marketer,,2025-04-18
CAND-1527,Dovydas,Rimkus,dovydas.rimkus@gmail.com,,Riga,Latvia,Personio,Senior Growth Manager,linkedin.com/in/dovydas-rimkus-500,2025-06-19
CAND-1528,Domantas,Kazlauskas,domantas.kazlauskas1@gmail.com,001-715-995-9194x5757,Kaunas,Lithuania,Telia,Product Lead,linkedin.com/in/domantas-kazlauskas-603,2024-03-22
CAND-1529,Inga,Kazlauskas,inga.kazlauskas@protonmail.com,,Tallinn,Estonia,Ubisoft,Analytics Manager,linkedin.com/in/inga-kazlauskas-148,2025-01-14
CAND-1530,Natalia,Zielinski,natalia.zielinski@yahoo.com,775-883-3920x5677,Riga,Latvia,Danske Bank,Lead UX Researcher,,2024-01-22
CAND-1531,Ethan,Smith,ethan.smith@protonmail.com,877.722.6602x562,Vilnius,Lithuania,Swedbank,Senior Backend Engineer,linkedin.com/in/ethan-smith-346,2024-03-22
CAND-1532,Agne,Radzevicius,agne.radzevicius@outlook.com,8629292310,Tallinn,Estonia,Accenture,Trust and Safety Analyst,linkedin.com/in/agne-radzevicius-687,2024-03-01
CAND-1533,Jonas,Hartmann,jonas.hartmann@yahoo.com,(645)530-7624,Vilnius,Lithuania,Accenture,Senior Engineering Manager,linkedin.com/in/jonas-hartmann-572,2024-07-30
CAND-1534,Joanna,Jankowski,joanna.jankowski@yahoo.com,779.376.6270,Kaunas,Lithuania,Swedbank,Senior Analytics Manager,linkedin.com/in/joanna-jankowski-457,2025-06-05
CAND-1535,Alexander,Fischer,alexander.fischer@gmail.com,557-894-2387,Tallinn,Estonia,Wargaming,Fraud Analyst,linkedin.com/in/alexander-fischer-748,2024-10-25
CAND-1536,Adam,Mazur,adam.mazur@outlook.com,,Warsaw,Poland,DXC Technology,Data Analyst,linkedin.com/in/adam-mazur-397,2024-09-09
CAND-1537,Anna,Dabrowska,anna.dabrowska1@gmail.com,,Hamburg,Germany,Cognizant,Legal Counsel,,2025-03-07
CAND-1538,Petra,Popescu,petra.popescu2@gmail.com,,Warsaw,Poland,TrueLayer,Lead UX Researcher,linkedin.com/in/petra-popescu-936,2025-02-26
CAND-1539,Gabija,Stankus,gabija.stankus@protonmail.com,,Warsaw,Poland,Jam City,FP&A Analyst,linkedin.com/in/gabija-stankus-482,2024-05-07
CAND-1540,Inga,Stonkus,inga.stonkus1@outlook.com,,Vilnius,Lithuania,Tesonet,Senior Compliance Manager,linkedin.com/in/inga-stonkus-977,2025-06-05
CAND-1541,Vladislav,Kovacs,vladislav.kovacs1@outlook.com,604.725.4969x1928,Kyiv,Ukraine,N26,Customer Support Lead,linkedin.com/in/vladislav-kovacs-688,2024-02-15
CAND-1542,Jakub,Kaminski,jakub.kaminski@gmail.com,001-752-559-7107x5633,Krakow,Poland,Personio,Compliance Manager,,2024-12-25
CAND-1543,Simona,Noreika,simona.noreika@protonmail.com,,Vilnius,Lithuania,DXC Technology,Senior Product Designer,linkedin.com/in/simona-noreika-535,2024-05-02
CAND-1544,Isabelle,Robinson,isabelle.robinson@gmail.com,,Kyiv,Ukraine,King,Performance Marketing Manager,linkedin.com/in/isabelle-robinson-878,2025-06-19
CAND-1545,Oksana,Kuznetsov,oksana.kuznetsov@outlook.com,574-585-9532x59399,Kyiv,Ukraine,Barclays Technology,Marketing Manager,linkedin.com/in/oksana-kuznetsov-879,2025-05-01
CAND-1546,Marta,Wojcik,marta.wojcik@protonmail.com,997.905.8162x9518,Vilnius,Lithuania,TransferGo,Trust and Safety Analyst,,2024-01-24
CAND-1547,Matas,Urbonas,matas.urbonas@gmail.com,,Gdansk,Poland,SumUp,Senior Product Designer,,2024-08-26
CAND-1548,Zsuzsanna,Smirnov,zsuzsanna.smirnov1@outlook.com,+1-541-276-3425x073,Warsaw,Poland,Personio,Associate Product Manager,linkedin.com/in/zsuzsanna-smirnov-958,2024-10-05
CAND-1549,Gintaras,Urbonas,gintaras.urbonas@gmail.com,,Tallinn,Estonia,Vinted,Compliance Manager,linkedin.com/in/gintaras-urbonas-749,2024-05-27
CAND-1550,Erikas,Kazlauskas,erikas.kazlauskas@yahoo.com,359-678-2457x59833,Krakow,Poland,Tesonet,Head of Talent Acquisition,linkedin.com/in/erikas-kazlauskas-281,2025-01-17
CAND-1551,Neringa,Stonkus,neringa.stonkus@gmail.com,001-403-688-4366x0443,Warsaw,Poland,Freelance,Growth Manager,linkedin.com/in/neringa-stonkus-948,2024-02-22
CAND-1552,Dovydas,Ambrazas,dovydas.ambrazas@gmail.com,4069157276,Vilnius,Lithuania,Cognizant,DevOps Engineer,linkedin.com/in/dovydas-ambrazas-768,2024-06-22
CAND-1553,Ruta,Petrauskas,ruta.petrauskas@yahoo.com,001-251-347-4397x42925,Riga,Latvia,Swedbank,Senior HR Business Partner,linkedin.com/in/ruta-petrauskas-301,2025-02-23
CAND-1554,Elena,Ivanov,elena.ivanov@outlook.com,2588752568,Warsaw,Poland,Vinted,Senior Product Designer,linkedin.com/in/elena-ivanov-917,2024-01-13
CAND-1555,Erikas,Jankauskas,erikas.jankauskas@gmail.com,,Vilnius,Lithuania,Bite,Data Analyst,linkedin.com/in/erikas-jankauskas-932,2025-01-24
CAND-1556,Svitlana,Melnyk,svitlana.melnyk@protonmail.com,+1-256-425-9045x9908,Vilnius,Lithuania,TransferGo,Engineering Manager,linkedin.com/in/svitlana-melnyk-826,2024-10-13
CAND-1557,Lena,Schmidt,lena.schmidt@yahoo.com,311.822.1823x1555,Riga,Latvia,Bolt,Senior Legal Manager,linkedin.com/in/lena-schmidt-350,2025-02-20
CAND-1558,Kristina,Rimkus,kristina.rimkus1@gmail.com,,Wroclaw,Poland,Adform,Data Analyst,linkedin.com/in/kristina-rimkus-115,2024-05-27
CAND-1559,Tomasz,Jankowski,tomasz.jankowski2@gmail.com,417-368-0866x28137,Kyiv,Ukraine,,,,2024-10-05
CAND-1560,Ewelina,Mazur,ewelina.mazur@outlook.com,,Kaunas,Lithuania,Playtika,Senior Performance Marketer,linkedin.com/in/ewelina-mazur-461,2024-11-19
CAND-1561,Lina,Ambrazas,lina.ambrazas@gmail.com,001-443-430-8003x70033,Tallinn,Estonia,EPAM Systems,Head of Engineering,linkedin.com/in/lina-ambrazas-453,2025-01-02
CAND-1562,Serhiy,Kovalenko,serhiy.kovalenko@gmail.com,555.266.0847x06810,Krakow,Poland,TransferGo,Senior Operations Manager,linkedin.com/in/serhiy-kovalenko-540,2025-02-18
CAND-1563,Ioana,Petrov,ioana.petrov@gmail.com,439.870.5195,Kaunas,Lithuania,Barclays Technology,Compensation and Benefits Analyst,linkedin.com/in/ioana-petrov-160,2024-01-10
CAND-1564,Volodymyr,Tkachenko,volodymyr.tkachenko@gmail.com,828.409.4485,Warsaw,Poland,,,linkedin.com/in/volodymyr-tkachenko-190,2024-04-22
CAND-1565,Alina,Moroz,alina.moroz@gmail.com,694.953.5461,Warsaw,Poland,Vinted,Senior HR Business Partner,linkedin.com/in/alina-moroz-847,2024-05-10
CAND-1566,Oksana,Kovacs,oksana.kovacs@yahoo.com,8793863210,Kaunas,Lithuania,Bite,Senior Backend Engineer,linkedin.com/in/oksana-kovacs-640,2025-02-24
CAND-1567,Bartosz,Kozlowski,bartosz.kozlowski@gmail.com,001-633-594-3945x7039,Kharkiv,Ukraine,Zalando,Legal Manager,,2025-01-02
CAND-1568,Nikita,Toth,nikita.toth@gmail.com,404.903.2537x65769,Vilnius,Lithuania,TrueLayer,L&D Specialist,,2025-02-16
CAND-1569,Weronika,Kowalski,weronika.kowalski1@gmail.com,689.243.1910x0900,Krakow,Poland,Ubisoft,Product Manager,linkedin.com/in/weronika-kowalski-102,2024-01-24
CAND-1570,Natalia,Kovalchuk,natalia.kovalchuk@yahoo.com,,Tallinn,Estonia,Contentful,Senior Data Engineer,,2025-06-28
CAND-1571,Kinga,Fedorov,kinga.fedorov1@gmail.com,676-892-1053x3651,Krakow,Poland,CGI,Senior Financial Analyst,,2025-03-11
CAND-1572,Krzysztof,Kowalski,krzysztof.kowalski2@gmail.com,+1-404-201-4247x3107,Tallinn,Estonia,EA Games,Senior Financial Analyst,linkedin.com/in/krzysztof-kowalski-199,2024-09-07
CAND-1573,Mikhail,Kuznetsov,mikhail.kuznetsov1@gmail.com,913-379-8440,London,United Kingdom,Paddle,Senior Operations Specialist,linkedin.com/in/mikhail-kuznetsov-877,2024-11-12
CAND-1574,Gintaras,Kazlauskas,gintaras.kazlauskas@gmail.com,001-223-216-6007x6762,Warsaw,Poland,Contentful,Financial Analyst,linkedin.com/in/gintaras-kazlauskas-484,2024-09-13
CAND-1575,Laura,Zukauskas,laura.zukauskas@outlook.com,+1-814-947-3404x33700,London,United Kingdom,Nord Security,Senior Mobile Engineer,,2024-01-17
CAND-1576,Hannah,Clark,hannah.clark@gmail.com,404.751.9577,Vilnius,Lithuania,Adform,Senior CRM Manager,,2024-10-22
CAND-1577,Marius,Nagy,marius.nagy1@gmail.com,+1-658-482-5562x96575,Berlin,Germany,Bolt,Senior Compliance Manager,,2025-04-23
CAND-1578,Jolanta,Ambrazas,jolanta.ambrazas@gmail.com,+1-478-265-6194x25577,Wroclaw,Poland,Atea,Compliance Specialist,linkedin.com/in/jolanta-ambrazas-734,2024-04-06
CAND-1579,Daria,Kuznetsov,daria.kuznetsov@protonmail.com,282-395-8292x36161,Krakow,Poland,Luminor,Lead UX Researcher,linkedin.com/in/daria-kuznetsov-118,2024-10-20
CAND-1580,Anna,Klein,anna.klein@gmail.com,001-704-782-3571,Tallinn,Estonia,N26,DevOps Engineer,linkedin.com/in/anna-klein-187,2024-05-10
CAND-1581,Svitlana,Melnyk,svitlana.melnyk@gmail.com,+1-568-963-9561,Amsterdam,Netherlands,Wise,Head of Growth,linkedin.com/in/svitlana-melnyk-742,2025-03-13
CAND-1582,Tomas,Mockus,tomas.mockus@yahoo.com,(530)881-7214,Vilnius,Lithuania,Telia,HR Manager,,2024-09-21
CAND-1583,Katarzyna,Dabrowska,katarzyna.dabrowska@gmail.com,,Lviv,Ukraine,Luminor,Senior Marketing Manager,linkedin.com/in/katarzyna-dabrowska-125,2024-04-19
CAND-1584,Oleksiy,Kravchenko,oleksiy.kravchenko@outlook.com,338-613-0004x1321,Riga,Latvia,Delivery Hero,Senior Financial Analyst,linkedin.com/in/oleksiy-kravchenko-458,2025-03-07
CAND-1585,Arnas,Stankus,arnas.stankus@gmail.com,616.856.0945x653,Vilnius,Lithuania,LMT,Data Analyst,linkedin.com/in/arnas-stankus-967,2025-03-04
CAND-1586,Christian,Klein,christian.klein@protonmail.com,,Gdansk,Poland,Adform,Finance Director,,2025-02-22
CAND-1587,Vladislav,Fedorov,vladislav.fedorov2@gmail.com,+1-697-999-0707x550,Riga,Latvia,,,linkedin.com/in/vladislav-fedorov-161,2024-07-31
CAND-1588,Michal,Jankowski,michal.jankowski@yahoo.com,(981)669-9570x6071,Krakow,Poland,EPAM Systems,BI Analyst,,2024-08-02
CAND-1589,Rafal,Kozlowski,rafal.kozlowski@outlook.com,+1-911-231-7653,Wroclaw,Poland,Tesonet,Principal Product Manager,,2024-12-30
CAND-1590,Arnas,Kazlauskas,arnas.kazlauskas@outlook.com,348-473-9610x29087,Warsaw,Poland,Devbridge,Product Lead,linkedin.com/in/arnas-kazlauskas-727,2025-05-19
CAND-1591,Sophie,Thomas,sophie.thomas1@gmail.com,949.668.0491x872,Vilnius,Lithuania,,,linkedin.com/in/sophie-thomas-414,2024-08-18
CAND-1592,Katarzyna,Wozniak,katarzyna.wozniak@yahoo.com,,London,United Kingdom,TrueLayer,Senior FP&A Analyst,linkedin.com/in/katarzyna-wozniak-514,2025-02-18
CAND-1593,Vaida,Paulauskas,vaida.paulauskas1@gmail.com,,Vilnius,Lithuania,Revolut,Partner Operations Manager,linkedin.com/in/vaida-paulauskas-843,2024-07-09
CAND-1594,Tadas,Petrauskas,tadas.petrauskas1@gmail.com,(504)995-6121,Gdansk,Poland,Telia,Engineering Manager,linkedin.com/in/tadas-petrauskas-202,2025-06-01
CAND-1595,Kamil,Kowalski,kamil.kowalski@protonmail.com,530.962.6042x3597,Tallinn,Estonia,Paddle,Mobile Engineer,linkedin.com/in/kamil-kowalski-113,2024-08-02
CAND-1596,Monika,Levinskas,monika.levinskas@gmail.com,,Berlin,Germany,Nord Security,Compliance Manager,linkedin.com/in/monika-levinskas-867,2024-04-17
CAND-1597,Daria,Ivanov,daria.ivanov@protonmail.com,001-811-222-2990x775,Lviv,Ukraine,Vinted,Management Accountant,linkedin.com/in/daria-ivanov-751,2025-04-22
CAND-1598,Charlie,Clark,charlie.clark@gmail.com,001-385-381-6704x686,Vilnius,Lithuania,Bite,Operations Specialist,,2024-01-24
CAND-1599,Pawel,Wozniak,pawel.wozniak@protonmail.com,245-476-8321,Vilnius,Lithuania,LMT,Senior DevOps Engineer,linkedin.com/in/pawel-wozniak-525,2024-04-18
CAND-1600,Aleksandra,Nowak,aleksandra.nowak1@yahoo.com,992-337-8584,Riga,Latvia,Adform,Senior CRM Manager,linkedin.com/in/aleksandra-nowak-493,2024-09-14
CAND-1601,Aleksandra,Wojcik,aleksandra.wojcik@outlook.com,+1-729-261-8033x24260,Warsaw,Poland,Bite,Senior HR Business Partner,,2024-01-08
CAND-1602,Tomas,Noreika,tomas.noreika1@gmail.com,,Berlin,Germany,Barclays Technology,Junior QA Engineer,linkedin.com/in/tomas-noreika-400,2024-07-17
CAND-1603,Andrew,Evans,andrew.evans@gmail.com,501.984.9804x25373,Riga,Latvia,Swedbank,Engineering Manager,linkedin.com/in/andrew-evans-881,2025-01-26
CAND-1604,Yulia,Kovalchuk,yulia.kovalchuk@protonmail.com,373.912.6881x2282,Kaunas,Lithuania,Bite,Trust and Safety Analyst,linkedin.com/in/yulia-kovalchuk-351,2025-01-08
CAND-1605,Laura,Schmidt,laura.schmidt1@gmail.com,819.223.6534x60605,Vilnius,Lithuania,Luminor,FP&A Manager,linkedin.com/in/laura-schmidt-591,2024-01-10
CAND-1606,Dovydas,Mockus,dovydas.mockus1@gmail.com,856.479.3279,Vilnius,Lithuania,TransferGo,Senior Performance Marketer,linkedin.com/in/dovydas-mockus-399,2025-05-30
CAND-1607,Mindaugas,Paulauskas,mindaugas.paulauskas@protonmail.com,898.347.1690,Riga,Latvia,Bolt,Frontend Engineer,linkedin.com/in/mindaugas-paulauskas-203,2025-01-12
CAND-1608,Rafal,Kuznetsov,rafal.kuznetsov@outlook.com,+1-712-605-4647,Kaunas,Lithuania,Contentful,Senior CRM Manager,,2024-08-26
CAND-1609,Jakub,Lewandowski,jakub.lewandowski@gmail.com,,Hamburg,Germany,Personio,Senior Legal Counsel,linkedin.com/in/jakub-lewandowski-939,2025-03-10
CAND-1610,Tiberiu,Toth,tiberiu.toth@yahoo.com,+1-495-947-8769,Kyiv,Ukraine,TransferGo,Senior Data Analyst,,2025-05-19
CAND-1611,Krzysztof,Kaminski,krzysztof.kaminski@gmail.com,,Berlin,Germany,Nord Security,Operations Specialist,linkedin.com/in/krzysztof-kaminski-754,2024-02-16
CAND-1612,Lucy,Williams,lucy.williams@gmail.com,517-758-8914x44498,Vilnius,Lithuania,Devbridge,Management Accountant,,2025-01-13
CAND-1613,Oscar,Wilson,oscar.wilson@gmail.com,539-435-4358x64496,Vilnius,Lithuania,Nord Security,Senior Backend Engineer,,2025-04-19
CAND-1614,Gintaras,Grigas,gintaras.grigas@yahoo.com,,Kyiv,Ukraine,Cognizant,DevOps Engineer,linkedin.com/in/gintaras-grigas-333,2025-06-26
CAND-1615,Erikas,Rimkus,erikas.rimkus1@gmail.com,,Berlin,Germany,Accenture,Compliance Manager,linkedin.com/in/erikas-rimkus-676,2024-06-25
CAND-1616,Natalia,Dabrowska,natalia.dabrowska1@yahoo.com,001-543-558-8537x98214,Vilnius,Lithuania,Bite,Data Scientist,,2025-04-04
CAND-1617,Jakub,Szymanski,jakub.szymanski@protonmail.com,,London,United Kingdom,Tesonet,Head of Legal,,2024-08-01
CAND-1618,Hannah,Becker,hannah.becker@outlook.com,+1-752-475-3674x978,Kaunas,Lithuania,Adform,Senior Marketing Manager,,2025-05-01
CAND-1619,Yaroslav,Lytovchenko,yaroslav.lytovchenko1@gmail.com,,Berlin,Germany,TrueLayer,Senior HR Business Partner,linkedin.com/in/yaroslav-lytovchenko-810,2024-12-08
CAND-1620,Amy,Smith,amy.smith@gmail.com,,London,United Kingdom,Zynga,Senior Analytics Engineer,,2024-12-01
CAND-1621,Ivan,Marchenko,ivan.marchenko@gmail.com,991-941-6860x134,London,United Kingdom,Accenture,Senior TA Specialist,linkedin.com/in/ivan-marchenko-574,2025-05-26
CAND-1622,Julian,Wagner,julian.wagner@gmail.com,+1-894-989-6340,Amsterdam,Netherlands,Contentful,Financial Analyst,linkedin.com/in/julian-wagner-980,2025-02-16
CAND-1623,Tim,Schneider,tim.schneider@gmail.com,+1-217-366-5122x150,Vilnius,Lithuania,Freelance,Senior Data Analyst,,2025-04-20
CAND-1624,Kinga,Petrov,kinga.petrov@yahoo.com,218-384-2163x090,Berlin,Germany,Telia,BI Analyst,linkedin.com/in/kinga-petrov-656,2025-01-15
CAND-1625,Tadas,Radzevicius,tadas.radzevicius@yahoo.com,594-446-3339x99485,Kaunas,Lithuania,Nord Security,Head of People,linkedin.com/in/tadas-radzevicius-977,2024-07-02
CAND-1626,Aiste,Radzevicius,aiste.radzevicius@yahoo.com,2894532638,Kharkiv,Ukraine,Personio,Data Scientist,linkedin.com/in/aiste-radzevicius-179,2024-03-03
CAND-1627,Piotr,Szymanski,piotr.szymanski@outlook.com,,Kyiv,Ukraine,Delivery Hero,Senior Product Designer,linkedin.com/in/piotr-szymanski-897,2024-02-10
CAND-1628,Elena,Kovacs,elena.kovacs@yahoo.com,599-547-1136,Vilnius,Lithuania,LMT,BI Analyst,linkedin.com/in/elena-kovacs-329,2024-04-25
CAND-1629,Janos,Kovacs,janos.kovacs@outlook.com,892.923.4103x469,Warsaw,Poland,Paddle,Security Engineer,linkedin.com/in/janos-kovacs-507,2024-11-28
CAND-1630,Saulius,Noreika,saulius.noreika1@gmail.com,831.216.7726,Tallinn,Estonia,Zynga,Performance Marketing Manager,,2025-05-20
CAND-1631,Greta,Radzevicius,greta.radzevicius1@gmail.com,,Warsaw,Poland,Freelance,QA Engineer,,2024-03-01
CAND-1632,Vilius,Daunoras,vilius.daunoras@outlook.com,+1-943-876-8550,Riga,Latvia,LMT,Data Scientist,linkedin.com/in/vilius-daunoras-310,2025-05-15
CAND-1633,Vaida,Kazlauskas,vaida.kazlauskas@outlook.com,793.752.1962x633,Berlin,Germany,Checkout.com,HR Business Partner,linkedin.com/in/vaida-kazlauskas-607,2025-01-07
CAND-1634,Emily,Williams,emily.williams@gmail.com,(243)843-6970x9317,London,United Kingdom,Nord Security,Senior Data Engineer,linkedin.com/in/emily-williams-179,2025-01-15
CAND-1635,Ella,Robinson,ella.robinson@gmail.com,001-355-860-7676,Warsaw,Poland,Checkout.com,Senior Frontend Engineer,,2024-12-22
CAND-1636,Andrei,Popescu,andrei.popescu3@gmail.com,553-245-4722x398,Vilnius,Lithuania,Tesonet,Customer Support Manager,linkedin.com/in/andrei-popescu-160,2024-04-26
CAND-1637,Tetyana,Tkachenko,tetyana.tkachenko@gmail.com,,London,United Kingdom,King,Senior Marketing Manager,linkedin.com/in/tetyana-tkachenko-313,2024-07-17
CAND-1638,Andrew,Williams,andrew.williams@gmail.com,,Kaunas,Lithuania,Revolut,HR Business Partner,linkedin.com/in/andrew-williams-864,2024-08-24
CAND-1639,Laura,Mockus,laura.mockus@gmail.com,(650)931-2198x0418,Krakow,Poland,Bite,Senior Operations Specialist,linkedin.com/in/laura-mockus-995,2024-05-17
CAND-1640,Nikita,Smirnov,nikita.smirnov1@outlook.com,(442)364-2364,Berlin,Germany,EPAM Systems,Senior Customer Support Specialist,,2025-01-28
CAND-1641,Laura,Jankauskas,laura.jankauskas@yahoo.com,819.409.2487,Berlin,Germany,Miniclip,Senior Product Designer,linkedin.com/in/laura-jankauskas-177,2024-08-22
CAND-1642,Tadas,Stonkus,tadas.stonkus@outlook.com,,Warsaw,Poland,Accenture,Senior Analytics Engineer,linkedin.com/in/tadas-stonkus-205,2024-05-25
CAND-1643,Hannah,Schmidt,hannah.schmidt@outlook.com,,Warsaw,Poland,Wargaming,Data Scientist,linkedin.com/in/hannah-schmidt-240,2024-10-03
CAND-1644,Jonas,Jankauskas,jonas.jankauskas1@gmail.com,303.991.1142,Amsterdam,Netherlands,Atea,Mobile Engineer,linkedin.com/in/jonas-jankauskas-890,2024-05-22
CAND-1645,Neringa,Levinskas,neringa.levinskas@protonmail.com,,Berlin,Germany,Bite,Head of Compliance,linkedin.com/in/neringa-levinskas-367,2025-04-22
CAND-1646,Artem,Lytovchenko,artem.lytovchenko@gmail.com,,Vilnius,Lithuania,Pipedrive,Growth Lead,linkedin.com/in/artem-lytovchenko-791,2024-11-25
CAND-1647,Anna,Hoffmann,anna.hoffmann@gmail.com,+1-452-628-2305,Gdansk,Poland,EPAM Systems,Senior Compliance Manager,linkedin.com/in/anna-hoffmann-491,2024-07-22
CAND-1648,Daria,Fedorov,daria.fedorov@yahoo.com,,Kaunas,Lithuania,Nord Security,Operations Manager,linkedin.com/in/daria-fedorov-578,2024-10-23
CAND-1649,Bence,Ivanov,bence.ivanov@protonmail.com,708.680.6220x72239,Kyiv,Ukraine,TrueLayer,Marketing Manager,,2024-11-24
CAND-1650,Lena,Schneider,lena.schneider@outlook.com,,Vilnius,Lithuania,Barclays Technology,Financial Analyst,linkedin.com/in/lena-schneider-897,2024-06-21
CAND-1651,Ewelina,Dabrowska,ewelina.dabrowska1@gmail.com,237.621.3290x162,Vilnius,Lithuania,EA Games,Talent Acquisition Specialist,linkedin.com/in/ewelina-dabrowska-990,2024-12-24
CAND-1652,Arnas,Urbonas,arnas.urbonas@protonmail.com,,Wroclaw,Poland,Swedbank,Analytics Manager,linkedin.com/in/arnas-urbonas-665,2025-02-25
CAND-1653,Greta,Kazlauskas,greta.kazlauskas@gmail.com,,Vilnius,Lithuania,Revolut,Senior Marketing Manager,linkedin.com/in/greta-kazlauskas-687,2024-06-28
CAND-1654,Alina,Lytovchenko,alina.lytovchenko@protonmail.com,887.668.8687x859,Vilnius,Lithuania,Bite,DevOps Engineer,linkedin.com/in/alina-lytovchenko-950,2024-12-16
CAND-1655,Noah,Davies,noah.davies@outlook.com,862.887.2031x95419,Vilnius,Lithuania,Devbridge,Junior Frontend Engineer,linkedin.com/in/noah-davies-151,2024-03-27
CAND-1656,Viktor,Bondarenko,viktor.bondarenko@yahoo.com,(445)605-7303x6279,Vilnius,Lithuania,EPAM Systems,Legal Counsel,linkedin.com/in/viktor-bondarenko-105,2024-02-17
CAND-1657,Bartosz,Szymanski,bartosz.szymanski@outlook.com,(932)403-7476x7753,Warsaw,Poland,Personio,Compensation and Benefits Analyst,,2024-02-26
CAND-1658,Bartosz,Zielinski,bartosz.zielinski@gmail.com,(603)721-4505x76619,Krakow,Poland,Atea,Junior QA Engineer,linkedin.com/in/bartosz-zielinski-277,2024-07-23
CAND-1659,Vilius,Stonkus,vilius.stonkus@gmail.com,487.607.1553x48201,Vilnius,Lithuania,Zalando,L&D Specialist,linkedin.com/in/vilius-stonkus-195,2025-03-21
CAND-1660,Monika,Zukauskas,monika.zukauskas1@gmail.com,7089385076,Riga,Latvia,TransferGo,Senior Performance Marketer,linkedin.com/in/monika-zukauskas-497,2025-06-19
CAND-1661,Ewelina,Kowalski,ewelina.kowalski1@outlook.com,,Vilnius,Lithuania,SumUp,Financial Analyst,,2025-03-14
CAND-1662,Matthew,Davies,matthew.davies@gmail.com,(295)345-0891x776,Berlin,Germany,Pipedrive,Legal Manager,linkedin.com/in/matthew-davies-814,2024-07-06
CAND-1663,Edvinas,Daunoras,edvinas.daunoras@gmail.com,(865)674-2231,Warsaw,Poland,DXC Technology,BI Analyst,linkedin.com/in/edvinas-daunoras-443,2024-07-20
CAND-1664,Ivan,Oliynyk,ivan.oliynyk@yahoo.com,,Vilnius,Lithuania,Atea,FP&A Manager,,2025-01-22
CAND-1665,Bence,Fedorov,bence.fedorov@gmail.com,(830)604-0236x9362,Berlin,Germany,Zalando,Senior TA Specialist,linkedin.com/in/bence-fedorov-112,2024-01-04
CAND-1666,Mykhailo,Kravchenko,mykhailo.kravchenko@protonmail.com,,Berlin,Germany,Personio,BI Analyst,linkedin.com/in/mykhailo-kravchenko-898,2024-01-17
CAND-1667,Nikita,Smirnov,nikita.smirnov@yahoo.com,901.420.4713,London,United Kingdom,Vinted,Senior FP&A Analyst,,2024-10-27
CAND-1668,Laura,Mockus,laura.mockus1@gmail.com,+1-771-417-5957x49885,Kaunas,Lithuania,SEB,Principal Product Manager,,2024-12-25
CAND-1669,Marius,Smirnov,marius.smirnov@gmail.com,+1-998-849-3306x74584,Kaunas,Lithuania,N26,Senior HR Business Partner,linkedin.com/in/marius-smirnov-404,2024-03-30
CAND-1670,Halyna,Moroz,halyna.moroz@yahoo.com,5949412833,Vilnius,Lithuania,Bite,Head of Legal,linkedin.com/in/halyna-moroz-212,2024-01-12
CAND-1671,James,Lewis,james.lewis@outlook.com,(718)685-6669,Riga,Latvia,SEB,Frontend Engineer,linkedin.com/in/james-lewis-870,2025-03-14
CAND-1672,Kristina,Levinskas,kristina.levinskas@outlook.com,832-897-1506,Kaunas,Lithuania,Barclays Technology,SEO Specialist,linkedin.com/in/kristina-levinskas-550,2024-08-04
CAND-1673,Jonas,Noreika,jonas.noreika@gmail.com,(967)905-5143,Vilnius,Lithuania,Luminor,Head of Compliance,,2024-01-17
CAND-1674,Liam,Thomas,liam.thomas@outlook.com,(793)866-3439x2529,Berlin,Germany,CGI,Frontend Engineer,linkedin.com/in/liam-thomas-309,2024-11-07
CAND-1675,Philipp,Wagner,philipp.wagner@gmail.com,311-410-2867,Warsaw,Poland,Jam City,Customer Support Manager,linkedin.com/in/philipp-wagner-242,2024-04-30
CAND-1676,Michael,Koch,michael.koch@protonmail.com,,Krakow,Poland,Swedbank,Compliance Specialist,linkedin.com/in/michael-koch-959,2024-03-03
CAND-1677,Jack,Roberts,jack.roberts@protonmail.com,,Vilnius,Lithuania,Zalando,Data Engineering Manager,linkedin.com/in/jack-roberts-680,2024-06-12
CAND-1678,Natalia,Kozlowski,natalia.kozlowski@gmail.com,,Kyiv,Ukraine,N26,Legal Counsel,linkedin.com/in/natalia-kozlowski-942,2024-11-11
CAND-1679,Bohdan,Tkachenko,bohdan.tkachenko@gmail.com,3072202455,London,United Kingdom,EA Games,Head of Growth,linkedin.com/in/bohdan-tkachenko-343,2024-11-30
CAND-1680,Michal,Kowalczyk,michal.kowalczyk2@gmail.com,,Tallinn,Estonia,Luminor,Compliance Specialist,linkedin.com/in/michal-kowalczyk-165,2024-12-14
CAND-1681,James,Davies,james.davies@gmail.com,,Krakow,Poland,Personio,Senior CRM Manager,,2024-10-11
CAND-1682,Felix,Bauer,felix.bauer1@gmail.com,,London,United Kingdom,Bolt,Legal Manager,linkedin.com/in/felix-bauer-614,2024-01-06
CAND-1683,Tomasz,Dabrowska,tomasz.dabrowska@gmail.com,(245)510-9109,Kaunas,Lithuania,Freelance,Platform Engineer,,2024-05-25
CAND-1684,Anastasia,Ivanov,anastasia.ivanov1@gmail.com,(367)614-9498,Berlin,Germany,King,Senior Product Designer,linkedin.com/in/anastasia-ivanov-405,2024-02-13
CAND-1685,Jakub,Wozniak,jakub.wozniak@protonmail.com,(517)694-2817,Berlin,Germany,Bolt,Legal Counsel,linkedin.com/in/jakub-wozniak-715,2025-02-28
CAND-1686,Larysa,Tkachenko,larysa.tkachenko@gmail.com,,Warsaw,Poland,Playtika,Security Engineer,linkedin.com/in/larysa-tkachenko-693,2024-12-13
CAND-1687,Tiberiu,Kovacs,tiberiu.kovacs1@gmail.com,6658277584,Krakow,Poland,Telia,Group Product Manager,,2024-06-24
CAND-1688,Jack,Smith,jack.smith@yahoo.com,(434)353-3722x01091,Vilnius,Lithuania,Playtika,Senior Performance Marketer,linkedin.com/in/jack-smith-875,2024-06-28
CAND-1689,Vladislav,Kovacs,vladislav.kovacs@gmail.com,322.614.5593x766,Riga,Latvia,SEB,Data Scientist,,2025-05-11
CAND-1690,Aleksander,Kovacs,aleksander.kovacs@protonmail.com,,Vilnius,Lithuania,Revolut,Senior Customer Support Specialist,linkedin.com/in/aleksander-kovacs-259,2024-08-16
CAND-1691,Kamil,Wozniak,kamil.wozniak@gmail.com,001-637-805-2635x100,Kaunas,Lithuania,Vinted,Senior CRM Manager,,2024-01-01
CAND-1692,Kristina,Zukauskas,kristina.zukauskas@gmail.com,(777)465-7256,Kyiv,Ukraine,EPAM Systems,Frontend Engineer,linkedin.com/in/kristina-zukauskas-535,2024-09-18
CAND-1693,Taras,Oliynyk,taras.oliynyk@gmail.com,,Warsaw,Poland,Playtika,Senior Marketing Manager,,2025-06-06
CAND-1694,Mykhailo,Lytovchenko,mykhailo.lytovchenko@yahoo.com,4245617520,Berlin,Germany,TrueLayer,Fraud Analyst,linkedin.com/in/mykhailo-lytovchenko-302,2024-05-10
CAND-1695,Tadas,Daunoras,tadas.daunoras1@yahoo.com,,Lviv,Ukraine,Luminor,Senior Financial Analyst,linkedin.com/in/tadas-daunoras-417,2025-05-11
CAND-1696,Daria,Nagy,daria.nagy@protonmail.com,297.343.2600x55955,Warsaw,Poland,Zynga,Compensation and Benefits Analyst,linkedin.com/in/daria-nagy-231,2024-01-12
CAND-1697,Pawel,Kaminski,pawel.kaminski@yahoo.com,583.832.5848x6899,Vilnius,Lithuania,Atea,Senior HR Business Partner,linkedin.com/in/pawel-kaminski-854,2024-09-10
CAND-1698,Lina,Zukauskas,lina.zukauskas@yahoo.com,001-307-998-4870x45069,London,United Kingdom,Bite,Analytics Engineer,linkedin.com/in/lina-zukauskas-224,2024-09-09
CAND-1699,Dovydas,Mockus,dovydas.mockus@yahoo.com,,Vilnius,Lithuania,Zalando,Head of Growth,linkedin.com/in/dovydas-mockus-229,2025-02-16
CAND-1700,Lukas,Rimkus,lukas.rimkus@gmail.com,(679)893-5937x44039,Lviv,Ukraine,LMT,HR Business Partner,,2024-11-08
CAND-1701,Claudia,Muller,claudia.muller@gmail.com,308-630-3736x060,Krakow,Poland,Delivery Hero,Financial Analyst,linkedin.com/in/claudia-muller-688,2025-05-22
CAND-1702,Aleksandra,Szymanski,aleksandra.szymanski1@gmail.com,+1-586-608-4907,Tallinn,Estonia,Telia,Customer Support Manager,linkedin.com/in/aleksandra-szymanski-860,2024-05-18
CAND-1703,Matas,Petrauskas,matas.petrauskas@yahoo.com,001-913-268-5283x06153,Warsaw,Poland,N26,Senior DevOps Engineer,,2025-03-14
CAND-1704,Alina,Tkachenko,alina.tkachenko@yahoo.com,,Kaunas,Lithuania,Ubisoft,Senior Mobile Engineer,linkedin.com/in/alina-tkachenko-234,2024-01-05
CAND-1705,Kristina,Kazlauskas,kristina.kazlauskas@outlook.com,524-424-4626,Kaunas,Lithuania,TrueLayer,Senior TA Specialist,linkedin.com/in/kristina-kazlauskas-882,2024-10-24
CAND-1706,Nikita,Kovacs,nikita.kovacs@outlook.com,(314)648-8112x103,London,United Kingdom,Accenture,Head of Growth,linkedin.com/in/nikita-kovacs-733,2024-11-19
CAND-1707,Aleksander,Smirnov,aleksander.smirnov@outlook.com,(317)951-8878,Tallinn,Estonia,Bolt,Head of Compliance,linkedin.com/in/aleksander-smirnov-529,2024-03-29
CAND-1708,Olivia,Smith,olivia.smith1@gmail.com,+1-394-315-1526x38409,Riga,Latvia,EA Games,Principal Product Manager,linkedin.com/in/olivia-smith-570,2024-02-11
CAND-1709,Neringa,Rimkus,neringa.rimkus@gmail.com,,Warsaw,Poland,Zynga,Engineering Manager,linkedin.com/in/neringa-rimkus-554,2025-07-01
CAND-1710,Krzysztof,Lewandowski,krzysztof.lewandowski@gmail.com,,Hamburg,Germany,Cognizant,HR Business Partner,,2024-02-04
CAND-1711,Zsuzsanna,Ionescu,zsuzsanna.ionescu2@outlook.com,(225)728-8375,Gdansk,Poland,Revolut,Operations Analyst,linkedin.com/in/zsuzsanna-ionescu-361,2024-02-07
CAND-1712,Viktor,Kravchenko,viktor.kravchenko@yahoo.com,(961)986-3239x7913,Kaunas,Lithuania,Pipedrive,Principal Product Manager,linkedin.com/in/viktor-kravchenko-835,2025-02-05
CAND-1713,Jonas,Klein,jonas.klein@outlook.com,(755)830-0730x9505,Berlin,Germany,Cognizant,Backend Engineer,linkedin.com/in/jonas-klein-948,2024-01-13
CAND-1714,Florian,Schmidt,florian.schmidt@yahoo.com,001-905-971-2198x8192,Vilnius,Lithuania,Contentful,Data Analyst,linkedin.com/in/florian-schmidt-702,2025-01-26
CAND-1715,Mateusz,Wojcik,mateusz.wojcik@yahoo.com,+1-885-619-0534,Riga,Latvia,Paddle,Senior TA Specialist,linkedin.com/in/mateusz-wojcik-810,2024-01-22
CAND-1716,Julia,Schneider,julia.schneider@outlook.com,7108424624,Tallinn,Estonia,CGI,Director of Product,linkedin.com/in/julia-schneider-547,2024-07-30
CAND-1717,Zsuzsanna,Petrov,zsuzsanna.petrov2@gmail.com,285-617-4460,Wroclaw,Poland,Zynga,Senior Legal Counsel,linkedin.com/in/zsuzsanna-petrov-619,2024-02-24
CAND-1718,Lucy,Smith,lucy.smith@yahoo.com,321-428-9915x11455,Tallinn,Estonia,Cognizant,Senior Backend Engineer,,2024-04-30
CAND-1719,Daryna,Lytovchenko,daryna.lytovchenko@protonmail.com,001-339-613-0448,Lviv,Ukraine,N26,UX Researcher,,2024-05-28
CAND-1720,Oliver,Davies,oliver.davies@yahoo.com,+1-641-260-4615,Warsaw,Poland,Vinted,Operations Analyst,linkedin.com/in/oliver-davies-773,2024-05-02
CAND-1721,Ruta,Rimkus,ruta.rimkus1@outlook.com,,London,United Kingdom,Revolut,Junior Data Analyst,linkedin.com/in/ruta-rimkus-581,2024-01-08
CAND-1722,Monika,Kozlowski,monika.kozlowski@gmail.com,(711)890-1707,London,United Kingdom,Vinted,Senior Analytics Manager,linkedin.com/in/monika-kozlowski-868,2024-03-06
CAND-1723,Simona,Levinskas,simona.levinskas@yahoo.com,+1-414-429-8315,Amsterdam,Netherlands,DXC Technology,Head of People,,2024-07-03
CAND-1724,Egle,Kazlauskas,egle.kazlauskas@gmail.com,+1-691-507-3228x3608,Vilnius,Lithuania,SEB,Group Product Manager,linkedin.com/in/egle-kazlauskas-482,2025-05-12
CAND-1725,Emily,Brown,emily.brown@outlook.com,883.806.3963x8452,Vilnius,Lithuania,Vinted,Compensation and Benefits Analyst,linkedin.com/in/emily-brown-544,2024-01-09
CAND-1726,Piotr,Dabrowska,piotr.dabrowska@protonmail.com,001-944-239-1649,Riga,Latvia,Miniclip,Junior Product Designer,linkedin.com/in/piotr-dabrowska-706,2024-05-01
CAND-1727,Nikita,Popescu,nikita.popescu1@gmail.com,369-534-2929,Vilnius,Lithuania,SumUp,Customer Support Specialist,,2025-04-16
CAND-1728,Grace,Roberts,grace.roberts@gmail.com,(603)330-1623,Vilnius,Lithuania,Freelance,Head of Data,linkedin.com/in/grace-roberts-833,2025-06-30
CAND-1729,Pawel,Lewandowski,pawel.lewandowski@outlook.com,,London,United Kingdom,SumUp,Head of Finance,linkedin.com/in/pawel-lewandowski-392,2024-10-15
CAND-1730,Sarah,Schulz,sarah.schulz@gmail.com,001-903-410-6153,Vilnius,Lithuania,Paddle,Group Product Manager,linkedin.com/in/sarah-schulz-458,2025-06-26
CAND-1731,Neringa,Stankus,neringa.stankus1@outlook.com,,Vilnius,Lithuania,Revolut,Operations Analyst,linkedin.com/in/neringa-stankus-153,2024-11-18
CAND-1732,Alexander,Koch,alexander.koch@outlook.com,(515)456-6847,Kaunas,Lithuania,Adform,Senior Financial Analyst,linkedin.com/in/alexander-koch-403,2025-04-04
CAND-1733,Marius,Petrov,marius.petrov1@gmail.com,265.633.7746,Kaunas,Lithuania,Bolt,Senior Customer Support Specialist,linkedin.com/in/marius-petrov-303,2024-01-05
CAND-1734,Lukas,Ambrazas,lukas.ambrazas@outlook.com,,Warsaw,Poland,Vinted,Senior Customer Support Specialist,linkedin.com/in/lukas-ambrazas-283,2024-09-18
CAND-1735,Adam,Kowalczyk,adam.kowalczyk@outlook.com,5678200784,Vilnius,Lithuania,SEB,Senior FP&A Analyst,linkedin.com/in/adam-kowalczyk-796,2024-11-23
CAND-1736,Jana,Muller,jana.muller@gmail.com,342-944-2607,Vilnius,Lithuania,Pipedrive,L&D Specialist,,2025-02-18
CAND-1737,Serhiy,Melnyk,serhiy.melnyk@yahoo.com,(943)473-4764x273,Hamburg,Germany,Zynga,Senior Compliance Manager,linkedin.com/in/serhiy-melnyk-107,2025-01-18
CAND-1738,Julian,Fischer,julian.fischer@protonmail.com,6377638821,Amsterdam,Netherlands,Pipedrive,Financial Analyst,,2024-04-12
CAND-1739,Bohdan,Kravchenko,bohdan.kravchenko@outlook.com,541.448.4601x91344,Vilnius,Lithuania,Tesonet,Senior Legal Counsel,linkedin.com/in/bohdan-kravchenko-981,2025-02-18
CAND-1740,Matas,Stankus,matas.stankus@gmail.com,,Riga,Latvia,LMT,Senior HR Business Partner,linkedin.com/in/matas-stankus-549,2025-04-29
CAND-1741,Daria,Toth,daria.toth@protonmail.com,+1-578-402-0586x9507,Warsaw,Poland,Tesonet,Platform Engineer,linkedin.com/in/daria-toth-689,2024-04-06
CAND-1742,Vilius,Gudas,vilius.gudas1@gmail.com,,Vilnius,Lithuania,Personio,FP&A Analyst,linkedin.com/in/vilius-gudas-172,2025-06-21
CAND-1743,Lina,Stankus,lina.stankus@gmail.com,,Warsaw,Poland,Personio,Operations Analyst,linkedin.com/in/lina-stankus-553,2024-11-27
CAND-1744,Weronika,Nowak,weronika.nowak@gmail.com,746-344-9369,Warsaw,Poland,Playtika,Senior DevOps Engineer,,2024-09-08
CAND-1745,Vilius,Stonkus,vilius.stonkus1@gmail.com,(979)533-5055x7385,Berlin,Germany,Delivery Hero,Head of Marketing,,2025-06-02
CAND-1746,Stefan,Wagner,stefan.wagner@gmail.com,(380)311-9236x03768,Vilnius,Lithuania,Bite,Mobile Engineer,linkedin.com/in/stefan-wagner-487,2024-02-05
CAND-1747,Lukasz,Wisniewski,lukasz.wisniewski@protonmail.com,+1-387-623-3351x04096,London,United Kingdom,King,Compliance Manager,,2024-05-15
CAND-1748,Marius,Smirnov,marius.smirnov1@gmail.com,+1-597-231-5391x1498,Kaunas,Lithuania,Luminor,Data Analyst,,2025-03-16
CAND-1749,Aleksander,Toth,aleksander.toth@protonmail.com,548.620.7365x1189,Riga,Latvia,,,,2025-02-17
CAND-1750,Petra,Ionescu,petra.ionescu1@gmail.com,2656578201,Warsaw,Poland,Zynga,Legal Manager,linkedin.com/in/petra-ionescu-322,2025-05-11
CAND-1751,Nicole,Weber,nicole.weber@yahoo.com,,Warsaw,Poland,Barclays Technology,TA Coordinator,,2024-01-15
CAND-1752,Oksana,Nagy,oksana.nagy1@outlook.com,,Kaunas,Lithuania,Delivery Hero,Data Engineer,,2024-09-20
CAND-1753,Mikhail,Nagy,mikhail.nagy@protonmail.com,422.630.2333,London,United Kingdom,Checkout.com,Senior Product Manager,linkedin.com/in/mikhail-nagy-395,2024-12-13
CAND-1754,Lukas,Butkus,lukas.butkus@protonmail.com,407.339.2013x546,Kyiv,Ukraine,Revolut,Senior Analytics Manager,,2024-11-03
CAND-1755,Greta,Stankus,greta.stankus@outlook.com,(876)302-5082,Kyiv,Ukraine,DXC Technology,Senior Product Lead,,2024-05-11
CAND-1756,Lina,Petrauskas,lina.petrauskas@gmail.com,423-612-6163,Lviv,Ukraine,Devbridge,Senior Product Manager,linkedin.com/in/lina-petrauskas-178,2024-07-23
CAND-1757,Christian,Wagner,christian.wagner@gmail.com,001-588-989-9572x989,Lviv,Ukraine,Zynga,Management Accountant,linkedin.com/in/christian-wagner-538,2025-03-30
CAND-1758,Larysa,Kovalchuk,larysa.kovalchuk@gmail.com,,Krakow,Poland,Wargaming,Compliance Specialist,,2024-02-21
CAND-1759,Andrei,Petrov,andrei.petrov1@gmail.com,(929)374-5493x03646,Vilnius,Lithuania,Nord Security,L&D Specialist,,2025-06-02
CAND-1760,Maciej,Dabrowska,maciej.dabrowska@yahoo.com,,Warsaw,Poland,Atea,Senior Legal Counsel,linkedin.com/in/maciej-dabrowska-541,2024-10-08
CAND-1761,Dovydas,Daunoras,dovydas.daunoras@gmail.com,001-812-403-8187,Riga,Latvia,TrueLayer,Data Analyst,linkedin.com/in/dovydas-daunoras-524,2025-01-26
CAND-1762,Bartosz,Wisniewski,bartosz.wisniewski@gmail.com,,Warsaw,Poland,Barclays Technology,Head of Legal,linkedin.com/in/bartosz-wisniewski-968,2024-07-25
CAND-1763,Vilius,Kazlauskas,vilius.kazlauskas@yahoo.com,,Riga,Latvia,Cognizant,Senior DevOps Engineer,linkedin.com/in/vilius-kazlauskas-351,2025-02-22
CAND-1764,Neringa,Mockus,neringa.mockus@gmail.com,,Berlin,Germany,Luminor,Platform Engineer,linkedin.com/in/neringa-mockus-149,2025-07-01
CAND-1765,Viktorija,Gudas,viktorija.gudas@gmail.com,3825832308,Vilnius,Lithuania,Telia,Senior Product Lead,linkedin.com/in/viktorija-gudas-988,2025-05-13
CAND-1766,Matas,Noreika,matas.noreika@gmail.com,+1-781-458-8144,Kaunas,Lithuania,Miniclip,Senior FP&A Analyst,linkedin.com/in/matas-noreika-143,2025-04-20
CAND-1767,Egle,Grigas,egle.grigas1@gmail.com,,Lviv,Ukraine,Wargaming,Operations Specialist,linkedin.com/in/egle-grigas-793,2024-01-20
CAND-1768,Ioana,Popescu,ioana.popescu1@gmail.com,(406)973-2318,Kaunas,Lithuania,Revolut,Management Accountant,,2024-02-15
CAND-1769,Emma,Clark,emma.clark1@yahoo.com,268-215-7245,Kyiv,Ukraine,CGI,Senior Financial Analyst,linkedin.com/in/emma-clark-964,2024-11-15
CAND-1770,Erikas,Daunoras,erikas.daunoras@outlook.com,001-900-700-1529x11371,Kaunas,Lithuania,Danske Bank,Senior Operations Manager,linkedin.com/in/erikas-daunoras-168,2025-06-09
CAND-1771,Ioana,Nagy,ioana.nagy@gmail.com,6906255618,Krakow,Poland,Adform,Trust and Safety Lead,,2025-06-10
CAND-1772,Noah,Evans,noah.evans@gmail.com,321-482-9987x478,Kyiv,Ukraine,Revolut,TA Coordinator,,2025-01-20
CAND-1773,Laura,Becker,laura.becker@outlook.com,,Warsaw,Poland,TrueLayer,SEO Specialist,linkedin.com/in/laura-becker-102,2025-01-28
CAND-1774,Agnieszka,Dabrowska,agnieszka.dabrowska1@protonmail.com,,Vilnius,Lithuania,Pipedrive,Senior Product Designer,linkedin.com/in/agnieszka-dabrowska-250,2025-01-25
CAND-1775,Mia,Taylor,mia.taylor@outlook.com,(848)990-5670,Tallinn,Estonia,Playtika,Senior HR Manager,linkedin.com/in/mia-taylor-842,2024-05-27
CAND-1776,Erikas,Kairys,erikas.kairys@yahoo.com,7093004365,Vilnius,Lithuania,Revolut,Senior CRM Manager,linkedin.com/in/erikas-kairys-825,2025-03-14
CAND-1777,Pawel,Kowalski,pawel.kowalski@protonmail.com,,Warsaw,Poland,LMT,Senior Compliance Manager,linkedin.com/in/pawel-kowalski-910,2025-03-31
CAND-1778,Marcin,Kaminski,marcin.kaminski@yahoo.com,(684)582-6691x362,Riga,Latvia,Checkout.com,Engineering Manager,linkedin.com/in/marcin-kaminski-167,2024-12-27
CAND-1779,Bohdan,Kovalenko,bohdan.kovalenko@yahoo.com,550-554-2960x80706,Kaunas,Lithuania,Zynga,Talent Acquisition Specialist,linkedin.com/in/bohdan-kovalenko-663,2025-06-08
CAND-1780,Jakub,Mazur,jakub.mazur1@gmail.com,,London,United Kingdom,Swedbank,UX Researcher,linkedin.com/in/jakub-mazur-211,2024-07-03
CAND-1781,Inga,Stankus,inga.stankus@protonmail.com,(699)287-9509x82210,Amsterdam,Netherlands,Checkout.com,UX Researcher,linkedin.com/in/inga-stankus-652,2025-06-19
CAND-1782,Larysa,Marchenko,larysa.marchenko@gmail.com,664-481-8804,Vilnius,Lithuania,Playtika,Compliance Specialist,linkedin.com/in/larysa-marchenko-878,2024-02-07
CAND-1783,Janos,Nagy,janos.nagy@gmail.com,+1-377-838-3638,Vilnius,Lithuania,Paddle,Data Engineer,linkedin.com/in/janos-nagy-823,2025-06-07
CAND-1784,Katharina,Weber,katharina.weber@yahoo.com,,Wroclaw,Poland,Contentful,Operations Analyst,linkedin.com/in/katharina-weber-623,2025-02-27
CAND-1785,Oksana,Toth,oksana.toth2@gmail.com,832-612-6942x894,Berlin,Germany,DXC Technology,Senior Legal Counsel,,2024-08-11
CAND-1786,Mantas,Stankus,mantas.stankus@outlook.com,(303)662-5863,Vilnius,Lithuania,Adform,Senior Product Designer,linkedin.com/in/mantas-stankus-827,2024-10-13
CAND-1787,Dovydas,Noreika,dovydas.noreika1@gmail.com,001-841-570-6462x55402,Vilnius,Lithuania,Bolt,Finance Manager,linkedin.com/in/dovydas-noreika-818,2024-04-14
CAND-1788,Chloe,Walker,chloe.walker1@gmail.com,,Vilnius,Lithuania,Checkout.com,Compliance Specialist,,2025-06-30
CAND-1789,Alina,Boyko,alina.boyko@outlook.com,,Berlin,Germany,Bite,Senior Engineering Manager,linkedin.com/in/alina-boyko-409,2024-09-30
CAND-1790,Katarzyna,Zielinski,katarzyna.zielinski@outlook.com,001-655-682-4301x7646,Warsaw,Poland,N26,Senior TA Specialist,,2024-01-23
CAND-1791,Matas,Stankus,matas.stankus@outlook.com,798.480.3153x88824,Berlin,Germany,,,linkedin.com/in/matas-stankus-221,2024-12-29
CAND-1792,Svitlana,Lytovchenko,svitlana.lytovchenko@gmail.com,790.550.4043x333,London,United Kingdom,Tesonet,Senior Compliance Manager,,2024-08-01
CAND-1793,Max,Meyer,max.meyer@yahoo.com,949.351.6321x11978,London,United Kingdom,EPAM Systems,VP of Data,linkedin.com/in/max-meyer-407,2024-04-02
CAND-1794,Marta,Wozniak,marta.wozniak@gmail.com,+1-509-433-9137,Warsaw,Poland,Contentful,HR Manager,,2024-07-31
CAND-1795,Lina,Mockus,lina.mockus@outlook.com,(353)906-0119x8756,Vilnius,Lithuania,Jam City,Senior Customer Support Specialist,,2025-05-13
CAND-1796,Monika,Ambrazas,monika.ambrazas@gmail.com,368.480.0230x09156,Warsaw,Poland,Revolut,Data Analyst,linkedin.com/in/monika-ambrazas-665,2024-03-14
CAND-1797,Natalia,Bondarenko,natalia.bondarenko1@gmail.com,,London,United Kingdom,SEB,Senior Mobile Engineer,,2024-07-27
CAND-1798,Sophie,Muller,sophie.muller@protonmail.com,,Tallinn,Estonia,Adform,Talent Acquisition Specialist,,2024-01-30
CAND-1799,Matthew,Hughes,matthew.hughes1@gmail.com,,Kyiv,Ukraine,Ubisoft,Senior HR Business Partner,linkedin.com/in/matthew-hughes-293,2025-03-01
CAND-1800,Damian,Zielinski,damian.zielinski@outlook.com,+1-880-236-5774x491,Vilnius,Lithuania,Adform,Customer Support Lead,linkedin.com/in/damian-zielinski-930,2024-02-02
CAND-1801,Agne,Stonkus,agne.stonkus@protonmail.com,+1-336-659-5201x491,Warsaw,Poland,Miniclip,Frontend Engineer,,2025-03-09
CAND-1802,Svitlana,Kravchenko,svitlana.kravchenko@yahoo.com,284-433-6875,Vilnius,Lithuania,Bite,Lead UX Researcher,linkedin.com/in/svitlana-kravchenko-513,2024-05-03
CAND-1803,Arnas,Gudas,arnas.gudas@gmail.com,,Kaunas,Lithuania,LMT,FP&A Manager,linkedin.com/in/arnas-gudas-414,2024-05-23
CAND-1804,Aleksander,Ionescu,aleksander.ionescu1@yahoo.com,001-763-722-3998x21374,Berlin,Germany,Adform,L&D Specialist,,2025-01-25
CAND-1805,Zsuzsanna,Fedorov,zsuzsanna.fedorov@gmail.com,(511)940-4288x60505,Berlin,Germany,Bite,TA Manager,,2024-11-01
CAND-1806,Oleh,Marchenko,oleh.marchenko1@yahoo.com,(566)708-1126x0030,Lviv,Ukraine,CGI,Trust and Safety Analyst,,2024-10-04
CAND-1807,Amy,Clark,amy.clark@yahoo.com,(569)610-6271x5312,Vilnius,Lithuania,Checkout.com,Senior Performance Marketer,linkedin.com/in/amy-clark-346,2024-08-27
CAND-1808,Laura,Zukauskas,laura.zukauskas@protonmail.com,450-568-8269x17768,Vilnius,Lithuania,Cognizant,Senior Financial Analyst,linkedin.com/in/laura-zukauskas-195,2024-04-27
CAND-1809,Gabija,Kairys,gabija.kairys@yahoo.com,544.901.3480x87354,Riga,Latvia,Delivery Hero,UX Researcher,linkedin.com/in/gabija-kairys-114,2024-11-25
CAND-1810,Vilius,Ambrazas,vilius.ambrazas@gmail.com,+1-988-226-0335x91015,Vilnius,Lithuania,TrueLayer,Senior Customer Support Specialist,linkedin.com/in/vilius-ambrazas-813,2025-05-06
CAND-1811,Nikita,Fedorov,nikita.fedorov1@gmail.com,+1-908-659-9144x920,Wroclaw,Poland,SumUp,Senior CRM Manager,linkedin.com/in/nikita-fedorov-746,2024-04-16
CAND-1812,Bence,Ionescu,bence.ionescu1@yahoo.com,001-826-699-9699,Vilnius,Lithuania,,,linkedin.com/in/bence-ionescu-637,2024-11-23
CAND-1813,Pawel,Mazur,pawel.mazur@gmail.com,+1-799-871-8428,Krakow,Poland,Wargaming,Data Engineering Manager,linkedin.com/in/pawel-mazur-928,2024-03-14
CAND-1814,Marcin,Kowalski,marcin.kowalski@outlook.com,+1-593-425-9140x8499,Vilnius,Lithuania,Vinted,Director of Data and Analytics,,2024-12-09
CAND-1815,Rafal,Nagy,rafal.nagy1@gmail.com,212.834.2669,Vilnius,Lithuania,Devbridge,Junior BI Analyst,linkedin.com/in/rafal-nagy-205,2024-11-18
CAND-1816,Matas,Kazlauskas,matas.kazlauskas@gmail.com,,Kaunas,Lithuania,Contentful,Marketing Manager,linkedin.com/in/matas-kazlauskas-973,2024-05-19
CAND-1817,Rytis,Levinskas,rytis.levinskas@yahoo.com,+1-508-672-6176x072,London,United Kingdom,Vinted,Senior Customer Support Specialist,linkedin.com/in/rytis-levinskas-779,2024-02-17
CAND-1818,Nikita,Kovacs,nikita.kovacs@yahoo.com,+1-438-293-5953,Warsaw,Poland,Nord Security,Performance Marketing Manager,linkedin.com/in/nikita-kovacs-629,2025-01-22
CAND-1819,Nikita,Nagy,nikita.nagy2@gmail.com,805-761-2996x5082,Warsaw,Poland,Luminor,Financial Analyst,linkedin.com/in/nikita-nagy-612,2025-02-13
CAND-1820,Gabija,Ambrazas,gabija.ambrazas@gmail.com,+1-726-841-8696,Krakow,Poland,Telia,Talent Acquisition Specialist,,2024-12-31
CAND-1821,Lina,Levinskas,lina.levinskas@gmail.com,+1-713-308-7612x3859,Krakow,Poland,Jam City,Operations Analyst,,2024-12-30
CAND-1822,Monika,Kozlowski,monika.kozlowski1@gmail.com,,Lviv,Ukraine,Swedbank,Operations Manager,linkedin.com/in/monika-kozlowski-882,2025-02-03
CAND-1823,Nikita,Kuznetsov,nikita.kuznetsov@gmail.com,234-468-2394x840,Kaunas,Lithuania,EPAM Systems,Product Designer,linkedin.com/in/nikita-kuznetsov-514,2025-01-14
CAND-1824,Laura,Zukauskas,laura.zukauskas1@outlook.com,530.308.6966x1016,London,United Kingdom,CGI,Senior CRM Manager,linkedin.com/in/laura-zukauskas-517,2024-05-10
CAND-1825,Mia,Thomas,mia.thomas@gmail.com,239-650-0168,Vilnius,Lithuania,Zalando,Senior HR Business Partner,linkedin.com/in/mia-thomas-446,2025-05-01
CAND-1826,Aiste,Gudas,aiste.gudas@protonmail.com,549-915-0762,Wroclaw,Poland,Accenture,Management Accountant,linkedin.com/in/aiste-gudas-661,2024-12-02
CAND-1827,Yaroslav,Moroz,yaroslav.moroz1@gmail.com,+1-662-805-3440x7779,Vilnius,Lithuania,Checkout.com,Analytics Engineer,linkedin.com/in/yaroslav-moroz-342,2024-03-20
CAND-1828,Krzysztof,Dabrowska,krzysztof.dabrowska@yahoo.com,(707)226-6292,Kaunas,Lithuania,Barclays Technology,Senior Growth Manager,linkedin.com/in/krzysztof-dabrowska-123,2025-05-24
CAND-1829,Thomas,Smith,thomas.smith@outlook.com,+1-317-676-0299,Kyiv,Ukraine,Wargaming,UX Researcher,linkedin.com/in/thomas-smith-593,2024-01-20
CAND-1830,Artem,Tkachenko,artem.tkachenko@yahoo.com,9685841333,Vilnius,Lithuania,TransferGo,Financial Analyst,linkedin.com/in/artem-tkachenko-404,2025-03-28
CAND-1831,Tomasz,Mazur,tomasz.mazur@gmail.com,925-352-3561,Kharkiv,Ukraine,Jam City,BI Analyst,linkedin.com/in/tomasz-mazur-515,2024-07-29
CAND-1832,Mikhail,Smirnov,mikhail.smirnov@gmail.com,803.521.1920x613,Krakow,Poland,EA Games,Accounts Assistant,,2024-09-25
CAND-1833,Mariya,Melnyk,mariya.melnyk@gmail.com,652.677.8956x13371,London,United Kingdom,SEB,Senior Financial Analyst,linkedin.com/in/mariya-melnyk-562,2024-01-27
CAND-1834,Agnieszka,Wojcik,agnieszka.wojcik1@gmail.com,390-829-5026x480,Vilnius,Lithuania,Nord Security,L&D Specialist,,2024-01-29
CAND-1835,Kristina,Radzevicius,kristina.radzevicius1@yahoo.com,440-937-3416x781,Krakow,Poland,Pipedrive,CRM Manager,,2024-08-08
CAND-1836,Paulina,Dabrowska,paulina.dabrowska@gmail.com,,Warsaw,Poland,Nord Security,Accounts Assistant,linkedin.com/in/paulina-dabrowska-163,2024-03-13
CAND-1837,Oksana,Popescu,oksana.popescu1@gmail.com,,Hamburg,Germany,Pipedrive,Lead UX Researcher,linkedin.com/in/oksana-popescu-827,2024-03-26
CAND-1838,George,Hughes,george.hughes@gmail.com,,Vilnius,Lithuania,TrueLayer,HR Manager,linkedin.com/in/george-hughes-657,2024-02-03
CAND-1839,Felix,Fischer,felix.fischer@gmail.com,001-378-522-1021x7982,Gdansk,Poland,Zalando,Senior FP&A Analyst,linkedin.com/in/felix-fischer-367,2024-06-08
CAND-1840,Nikita,Ionescu,nikita.ionescu@outlook.com,586-529-8579x736,Berlin,Germany,,,linkedin.com/in/nikita-ionescu-957,2024-04-12
CAND-1841,Ruta,Jankauskas,ruta.jankauskas@gmail.com,,Vilnius,Lithuania,Pipedrive,Legal Counsel,,2024-04-10
CAND-1842,Mykhailo,Kovalenko,mykhailo.kovalenko1@gmail.com,982-285-6053,Berlin,Germany,Wargaming,Head of Data,linkedin.com/in/mykhailo-kovalenko-222,2024-05-15
CAND-1843,Vladislav,Ivanov,vladislav.ivanov2@gmail.com,,Wroclaw,Poland,Bolt,Head of Marketing,,2025-01-12
CAND-1844,Rafal,Wojcik,rafal.wojcik@yahoo.com,498.266.1770x6736,Krakow,Poland,Pipedrive,Senior Engineering Manager,linkedin.com/in/rafal-wojcik-213,2025-01-23
CAND-1845,Neringa,Butkus,neringa.butkus@gmail.com,(306)882-1223x552,Vilnius,Lithuania,Devbridge,Frontend Engineer,linkedin.com/in/neringa-butkus-443,2024-08-11
CAND-1846,Rafal,Dabrowska,rafal.dabrowska@gmail.com,+1-350-458-7146x92182,Kaunas,Lithuania,SumUp,Partner Operations Manager,linkedin.com/in/rafal-dabrowska-771,2025-05-23
CAND-1847,Julia,Schneider,julia.schneider@protonmail.com,696-279-0898x43699,Berlin,Germany,Bolt,Senior Compliance Manager,linkedin.com/in/julia-schneider-467,2025-03-12
CAND-1848,Krzysztof,Kowalski,krzysztof.kowalski3@gmail.com,(620)650-9386,Tallinn,Estonia,Jam City,Partner Operations Manager,,2025-02-15
CAND-1849,Dovydas,Rimkus,dovydas.rimkus1@gmail.com,,Vilnius,Lithuania,Jam City,Principal Product Manager,linkedin.com/in/dovydas-rimkus-878,2025-01-05
CAND-1850,Damian,Mazur,damian.mazur@gmail.com,+1-924-295-9881x1457,London,United Kingdom,Pipedrive,FP&A Manager,linkedin.com/in/damian-mazur-327,2024-01-06
CAND-1851,Marius,Nagy,marius.nagy2@gmail.com,001-471-252-3867x673,London,United Kingdom,Bite,Senior Product Lead,,2025-02-25
CAND-1852,Magdalena,Kowalczyk,magdalena.kowalczyk@gmail.com,+1-874-461-9177x987,Krakow,Poland,Wargaming,Senior Legal Counsel,linkedin.com/in/magdalena-kowalczyk-213,2024-05-04
CAND-1853,Karolina,Wisniewski,karolina.wisniewski1@gmail.com,+1-296-787-2258x937,Vilnius,Lithuania,Wise,BI Analyst,linkedin.com/in/karolina-wisniewski-987,2024-06-08
CAND-1854,Bohdan,Moroz,bohdan.moroz@yahoo.com,+1-780-962-3504x05669,Vilnius,Lithuania,Pipedrive,Security Engineer,linkedin.com/in/bohdan-moroz-719,2024-04-28
CAND-1855,Monika,Paulauskas,monika.paulauskas@gmail.com,001-700-612-4825,Vilnius,Lithuania,Accenture,SEO Specialist,,2024-06-17
CAND-1856,Olivia,Clark,olivia.clark@gmail.com,,Kaunas,Lithuania,TransferGo,Senior Operations Manager,linkedin.com/in/olivia-clark-575,2025-06-20
CAND-1857,Tomas,Jankauskas,tomas.jankauskas@gmail.com,,Vilnius,Lithuania,Devbridge,Senior Customer Support Specialist,linkedin.com/in/tomas-jankauskas-992,2024-05-09
CAND-1858,Ella,Jones,ella.jones@protonmail.com,428-567-9632x594,Berlin,Germany,Luminor,Senior Legal Counsel,linkedin.com/in/ella-jones-279,2024-03-28
CAND-1859,Alina,Bondarenko,alina.bondarenko@gmail.com,+1-428-694-6338x9156,Kyiv,Ukraine,DXC Technology,Senior Frontend Engineer,linkedin.com/in/alina-bondarenko-699,2024-04-28
CAND-1860,Andreas,Weber,andreas.weber@gmail.com,,Kaunas,Lithuania,Ubisoft,Mobile Engineer,linkedin.com/in/andreas-weber-452,2025-05-19
CAND-1861,Amy,Lewis,amy.lewis@gmail.com,452-485-7256,Warsaw,Poland,Ubisoft,Engineering Manager,linkedin.com/in/amy-lewis-150,2024-11-01
CAND-1862,Rafal,Kowalski,rafal.kowalski@outlook.com,(893)735-8951x3818,Vilnius,Lithuania,CGI,Senior HR Business Partner,linkedin.com/in/rafal-kowalski-379,2025-01-15
CAND-1863,Damian,Lewandowski,damian.lewandowski1@gmail.com,(607)684-6850x957,Vilnius,Lithuania,N26,Senior HR Business Partner,linkedin.com/in/damian-lewandowski-665,2024-02-29
CAND-1864,Tomas,Kairys,tomas.kairys@gmail.com,303.949.1891,London,United Kingdom,Miniclip,Senior Analytics Engineer,linkedin.com/in/tomas-kairys-408,2025-04-15
CAND-1865,Ella,Williams,ella.williams@gmail.com,,Riga,Latvia,Checkout.com,Senior Financial Analyst,,2024-09-13
CAND-1866,Tomas,Petrauskas,tomas.petrauskas@gmail.com,+1-772-503-8593x401,London,United Kingdom,EPAM Systems,Group Product Manager,linkedin.com/in/tomas-petrauskas-994,2025-02-11
CAND-1867,Vasyl,Kravchenko,vasyl.kravchenko@outlook.com,(741)554-7155x3132,Gdansk,Poland,Playtika,Compensation and Benefits Analyst,linkedin.com/in/vasyl-kravchenko-487,2024-01-16
CAND-1868,Erikas,Petrauskas,erikas.petrauskas@gmail.com,,Vilnius,Lithuania,,,linkedin.com/in/erikas-petrauskas-913,2024-12-12
CAND-1869,Julian,Klein,julian.klein@gmail.com,,Warsaw,Poland,Checkout.com,Senior Data Engineer,linkedin.com/in/julian-klein-120,2024-05-23
CAND-1870,Oleh,Lytovchenko,oleh.lytovchenko@yahoo.com,(678)313-6750x09421,Berlin,Germany,Nord Security,Senior Legal Counsel,linkedin.com/in/oleh-lytovchenko-949,2024-05-14
CAND-1871,Erikas,Noreika,erikas.noreika1@gmail.com,,Kaunas,Lithuania,Contentful,Senior Analytics Manager,linkedin.com/in/erikas-noreika-586,2024-01-06
CAND-1872,Ewelina,Kowalski,ewelina.kowalski1@gmail.com,9522769819,Warsaw,Poland,Revolut,Mobile Engineer,linkedin.com/in/ewelina-kowalski-254,2024-02-16
CAND-1873,Anna,Nowak,anna.nowak@yahoo.com,+1-827-404-5238x885,Warsaw,Poland,Danske Bank,Senior Performance Marketer,linkedin.com/in/anna-nowak-163,2024-01-03
CAND-1874,Rytis,Ambrazas,rytis.ambrazas1@gmail.com,(858)966-0598,Vilnius,Lithuania,CGI,Senior TA Specialist,,2024-03-06
CAND-1875,Bohdan,Tkachenko,bohdan.tkachenko1@gmail.com,+1-774-642-2758,Krakow,Poland,Miniclip,BI Analyst,,2024-12-18
CAND-1876,Laura,Bauer,laura.bauer@gmail.com,+1-459-665-5942,Kaunas,Lithuania,Jam City,Senior Legal Counsel,linkedin.com/in/laura-bauer-485,2024-10-23
CAND-1877,Krzysztof,Szymanski,krzysztof.szymanski@gmail.com,,Vilnius,Lithuania,Devbridge,Trust and Safety Analyst,linkedin.com/in/krzysztof-szymanski-206,2024-03-23
CAND-1878,Hannah,Wagner,hannah.wagner@protonmail.com,+1-711-565-0200x024,Vilnius,Lithuania,Wise,Compliance Manager,linkedin.com/in/hannah-wagner-127,2024-06-12
CAND-1879,Mariya,Kravchenko,mariya.kravchenko@outlook.com,001-531-232-1551,Kaunas,Lithuania,Bolt,Frontend Engineer,linkedin.com/in/mariya-kravchenko-216,2025-02-04
CAND-1880,Paulina,Kowalski,paulina.kowalski@outlook.com,857-808-3682x14448,Berlin,Germany,Telia,Performance Marketing Manager,linkedin.com/in/paulina-kowalski-800,2025-05-12
CAND-1881,Matas,Jankauskas,matas.jankauskas1@gmail.com,001-697-827-3677,Tallinn,Estonia,Devbridge,Fraud Analyst,linkedin.com/in/matas-jankauskas-392,2024-06-04
CAND-1882,Oleksiy,Kovalenko,oleksiy.kovalenko@protonmail.com,(302)558-2543,Riga,Latvia,Contentful,Senior Analytics Manager,linkedin.com/in/oleksiy-kovalenko-365,2025-03-23
CAND-1883,Aleksandra,Mazur,aleksandra.mazur@outlook.com,(481)223-1239,Vilnius,Lithuania,Cognizant,Management Accountant,linkedin.com/in/aleksandra-mazur-920,2025-05-23
CAND-1884,Monika,Wojcik,monika.wojcik@yahoo.com,+1-449-510-6018x3647,Vilnius,Lithuania,Personio,Engineering Manager,linkedin.com/in/monika-wojcik-538,2025-02-06
CAND-1885,Edvinas,Urbonas,edvinas.urbonas@gmail.com,,Berlin,Germany,Personio,Senior Operations Manager,,2024-09-11
CAND-1886,Magdalena,Zielinski,magdalena.zielinski@gmail.com,,Kaunas,Lithuania,Cognizant,Compensation and Benefits Analyst,linkedin.com/in/magdalena-zielinski-702,2025-03-12
CAND-1887,Mindaugas,Urbonas,mindaugas.urbonas@gmail.com,001-487-450-8276x817,Kaunas,Lithuania,Adform,Operations Analyst,linkedin.com/in/mindaugas-urbonas-681,2025-03-04
CAND-1888,Monika,Mazur,monika.mazur@gmail.com,(277)754-5847x262,London,United Kingdom,Luminor,Analytics Manager,,2024-07-02
CAND-1889,Vasyl,Lytovchenko,vasyl.lytovchenko@gmail.com,(891)287-6831,Krakow,Poland,Delivery Hero,Senior FP&A Analyst,,2024-03-15
CAND-1890,Vilius,Urbonas,vilius.urbonas@gmail.com,+1-527-917-2173,Kyiv,Ukraine,Devbridge,Senior Legal Counsel,linkedin.com/in/vilius-urbonas-453,2025-05-19
CAND-1891,Leon,Meyer,leon.meyer@gmail.com,,Warsaw,Poland,Freelance,Senior Frontend Engineer,linkedin.com/in/leon-meyer-725,2025-06-26
CAND-1892,Matas,Levinskas,matas.levinskas@gmail.com,001-539-892-0522x299,Kyiv,Ukraine,Tesonet,Senior Engineering Manager,linkedin.com/in/matas-levinskas-834,2025-02-08
CAND-1893,Paulina,Kowalski,paulina.kowalski1@outlook.com,(416)559-1438,Tallinn,Estonia,,,linkedin.com/in/paulina-kowalski-983,2025-06-16
CAND-1894,Piotr,Wisniewski,piotr.wisniewski@gmail.com,(655)639-8358,Wroclaw,Poland,Vinted,Senior FP&A Analyst,linkedin.com/in/piotr-wisniewski-936,2024-09-16
CAND-1895,Jessica,Brown,jessica.brown@gmail.com,(617)977-3264x30954,Berlin,Germany,Ubisoft,People Operations Coordinator,,2025-02-19
CAND-1896,Marta,Kozlowski,marta.kozlowski@gmail.com,+1-312-479-9702x927,Amsterdam,Netherlands,Jam City,Senior FP&A Analyst,,2024-05-16
CAND-1897,Laura,Radzevicius,laura.radzevicius@protonmail.com,,Vilnius,Lithuania,Zalando,BI Analyst,,2024-04-05
CAND-1898,Zsuzsanna,Popescu,zsuzsanna.popescu@protonmail.com,,Amsterdam,Netherlands,Bolt,Senior Product Lead,linkedin.com/in/zsuzsanna-popescu-586,2024-12-19
CAND-1899,Grace,Clark,grace.clark1@protonmail.com,9537978713,Krakow,Poland,Vinted,Head of Growth,linkedin.com/in/grace-clark-753,2024-03-10
CAND-1900,Edvinas,Jankauskas,edvinas.jankauskas@gmail.com,(498)783-2201,Hamburg,Germany,CGI,Group Product Manager,linkedin.com/in/edvinas-jankauskas-749,2024-04-15
CAND-1901,Lina,Rimkus,lina.rimkus@outlook.com,(908)732-0048x7978,Berlin,Germany,Zalando,Senior Backend Engineer,linkedin.com/in/lina-rimkus-512,2025-06-12
CAND-1902,Tiberiu,Ionescu,tiberiu.ionescu1@outlook.com,,Berlin,Germany,SumUp,QA Engineer,linkedin.com/in/tiberiu-ionescu-573,2024-04-15
CAND-1903,Joanna,Wozniak,joanna.wozniak@protonmail.com,+1-635-585-2386x00304,Berlin,Germany,Nord Security,L&D Specialist,linkedin.com/in/joanna-wozniak-498,2025-03-10
CAND-1904,Petra,Ionescu,petra.ionescu2@gmail.com,(219)495-1715x2391,Berlin,Germany,SEB,Senior Legal Counsel,linkedin.com/in/petra-ionescu-263,2025-02-27
CAND-1905,Simona,Kazlauskas,simona.kazlauskas1@gmail.com,,Krakow,Poland,Danske Bank,Brand Manager,linkedin.com/in/simona-kazlauskas-456,2025-03-08
CAND-1906,Aleksandra,Lewandowski,aleksandra.lewandowski@gmail.com,+1-292-595-0143x7483,Warsaw,Poland,Contentful,Analytics Engineer,linkedin.com/in/aleksandra-lewandowski-245,2024-04-06
CAND-1907,Paulina,Lewandowski,paulina.lewandowski1@yahoo.com,3964713971,London,United Kingdom,Checkout.com,Senior Finance Manager,linkedin.com/in/paulina-lewandowski-719,2024-08-01
CAND-1908,Jolanta,Kazlauskas,jolanta.kazlauskas@gmail.com,,Kaunas,Lithuania,Revolut,Compliance Specialist,linkedin.com/in/jolanta-kazlauskas-673,2024-08-15
CAND-1909,Saulius,Petrauskas,saulius.petrauskas1@gmail.com,(302)321-3217x6720,Amsterdam,Netherlands,Danske Bank,Financial Analyst,linkedin.com/in/saulius-petrauskas-657,2025-04-23
CAND-1910,Emily,Thomas,emily.thomas@yahoo.com,,Vilnius,Lithuania,Wargaming,Legal Manager,linkedin.com/in/emily-thomas-832,2024-06-19
CAND-1911,Kinga,Smirnov,kinga.smirnov@protonmail.com,,Vilnius,Lithuania,Barclays Technology,Financial Analyst,linkedin.com/in/kinga-smirnov-592,2025-05-31
CAND-1912,Janos,Popescu,janos.popescu@gmail.com,216-961-2201,Vilnius,Lithuania,Bolt,Engineering Manager,linkedin.com/in/janos-popescu-402,2024-10-24
CAND-1913,Anna,Lewandowski,anna.lewandowski@protonmail.com,(658)573-3930,Amsterdam,Netherlands,,,linkedin.com/in/anna-lewandowski-580,2024-04-06
CAND-1914,Lily,Lewis,lily.lewis@outlook.com,,London,United Kingdom,EA Games,Compliance Specialist,,2025-03-20
CAND-1915,Pawel,Zielinski,pawel.zielinski1@gmail.com,(365)338-0274x81242,Tallinn,Estonia,SEB,CRM Manager,linkedin.com/in/pawel-zielinski-729,2025-01-10
CAND-1916,Neringa,Stonkus,neringa.stonkus@protonmail.com,608-868-2509x5229,London,United Kingdom,Zalando,Legal Manager,linkedin.com/in/neringa-stonkus-190,2024-03-18
CAND-1917,Noah,Lewis,noah.lewis@gmail.com,(509)735-5610,Kaunas,Lithuania,Devbridge,Compliance Manager,linkedin.com/in/noah-lewis-216,2024-12-08
CAND-1918,Marta,Nowak,marta.nowak1@gmail.com,(697)501-3712,London,United Kingdom,King,Senior Product Designer,linkedin.com/in/marta-nowak-131,2025-05-31
CAND-1919,Domantas,Mockus,domantas.mockus@outlook.com,,Tallinn,Estonia,Paddle,CRM Manager,linkedin.com/in/domantas-mockus-830,2024-07-30
CAND-1920,Weronika,Wisniewski,weronika.wisniewski@gmail.com,(258)458-5642x30412,Kaunas,Lithuania,Ubisoft,Group Product Manager,linkedin.com/in/weronika-wisniewski-827,2025-06-01
CAND-1921,Mirela,Toth,mirela.toth@gmail.com,406.215.9273x8740,Vilnius,Lithuania,DXC Technology,Analytics Manager,linkedin.com/in/mirela-toth-249,2025-06-14
CAND-1922,Rytis,Mockus,rytis.mockus1@yahoo.com,,Lviv,Ukraine,DXC Technology,Data Analyst,,2024-05-24
CAND-1923,Mantas,Jankauskas,mantas.jankauskas1@gmail.com,316.769.0632x248,Kaunas,Lithuania,Playtika,Customer Support Specialist,linkedin.com/in/mantas-jankauskas-446,2024-10-13
CAND-1924,Jonas,Zukauskas,jonas.zukauskas@protonmail.com,942-903-4030x10956,Vilnius,Lithuania,Freelance,Head of Marketing,,2024-08-10
CAND-1925,Agnieszka,Jankowski,agnieszka.jankowski1@gmail.com,(464)591-5795x546,Vilnius,Lithuania,King,Security Engineer,linkedin.com/in/agnieszka-jankowski-167,2025-03-30
CAND-1926,Larysa,Tkachenko,larysa.tkachenko@yahoo.com,,Vilnius,Lithuania,Freelance,CRM Manager,linkedin.com/in/larysa-tkachenko-656,2024-07-03
CAND-1927,Artem,Bondarenko,artem.bondarenko1@gmail.com,,London,United Kingdom,Jam City,Senior Legal Counsel,linkedin.com/in/artem-bondarenko-527,2025-02-07
CAND-1928,Inga,Kairys,inga.kairys@gmail.com,371-324-7601x080,Vilnius,Lithuania,Jam City,Senior TA Specialist,,2024-11-06
CAND-1929,Amy,Walker,amy.walker@outlook.com,,Amsterdam,Netherlands,N26,VP of Product,linkedin.com/in/amy-walker-457,2024-08-05
CAND-1930,Julia,Hartmann,julia.hartmann@yahoo.com,6303683176,Wroclaw,Poland,Zynga,Compliance Manager,,2024-04-06
CAND-1931,Oksana,Boyko,oksana.boyko@outlook.com,226.380.8081x5712,Berlin,Germany,Luminor,Trust and Safety Lead,linkedin.com/in/oksana-boyko-931,2025-05-12
CAND-1932,Marta,Wozniak,marta.wozniak@outlook.com,707-313-8067x13073,Amsterdam,Netherlands,Adform,Senior Growth Manager,linkedin.com/in/marta-wozniak-638,2025-01-01
CAND-1933,Egle,Butkus,egle.butkus@outlook.com,,Vilnius,Lithuania,Revolut,Senior Analytics Engineer,linkedin.com/in/egle-butkus-950,2025-06-11
CAND-1934,Jolanta,Daunoras,jolanta.daunoras@protonmail.com,4453847436,Wroclaw,Poland,Accenture,Data Analyst,linkedin.com/in/jolanta-daunoras-694,2024-09-04
CAND-1935,Sophie,Williams,sophie.williams@gmail.com,001-830-809-6258x857,Berlin,Germany,LMT,Senior Analytics Engineer,linkedin.com/in/sophie-williams-125,2024-07-11
CAND-1936,Bence,Popescu,bence.popescu1@gmail.com,+1-847-403-1805x339,Vilnius,Lithuania,Devbridge,Product Lead,,2025-01-31
CAND-1937,Agnieszka,Kaminski,agnieszka.kaminski1@gmail.com,,Vilnius,Lithuania,Atea,HR Business Partner,linkedin.com/in/agnieszka-kaminski-551,2024-03-23
CAND-1938,Yulia,Shevchuk,yulia.shevchuk@outlook.com,446.966.2159x183,Amsterdam,Netherlands,Danske Bank,Junior Frontend Engineer,linkedin.com/in/yulia-shevchuk-708,2024-07-04
CAND-1939,Mykhailo,Oliynyk,mykhailo.oliynyk1@gmail.com,7002466614,Kharkiv,Ukraine,Jam City,Senior Growth Manager,linkedin.com/in/mykhailo-oliynyk-118,2024-05-06
CAND-1940,Simona,Kazlauskas,simona.kazlauskas2@gmail.com,001-511-307-9771x40049,Kaunas,Lithuania,Jam City,Senior Frontend Engineer,linkedin.com/in/simona-kazlauskas-123,2025-02-15
CAND-1941,Laura,Schneider,laura.schneider@gmail.com,001-294-690-5315x204,Vilnius,Lithuania,Zynga,Marketing Manager,linkedin.com/in/laura-schneider-142,2024-01-14
CAND-1942,Jessica,Smith,jessica.smith@gmail.com,,Kyiv,Ukraine,SEB,Compensation and Benefits Analyst,linkedin.com/in/jessica-smith-580,2024-10-22
CAND-1943,Zsuzsanna,Smirnov,zsuzsanna.smirnov@protonmail.com,+1-397-869-8731x3797,Tallinn,Estonia,Personio,Management Accountant,,2025-01-11
CAND-1944,Kinga,Kovacs,kinga.kovacs@gmail.com,(998)941-6612x3740,Krakow,Poland,DXC Technology,CRM Manager,linkedin.com/in/kinga-kovacs-481,2024-08-12
CAND-1945,Laura,Zukauskas,laura.zukauskas1@protonmail.com,001-643-332-5623,Krakow,Poland,Checkout.com,Talent Acquisition Specialist,linkedin.com/in/laura-zukauskas-993,2024-10-01
CAND-1946,Daryna,Lytovchenko,daryna.lytovchenko@gmail.com,+1-970-414-2620x370,Wroclaw,Poland,Freelance,Senior TA Specialist,,2024-08-09
CAND-1947,Lukasz,Wozniak,lukasz.wozniak1@gmail.com,316-502-0418,Vilnius,Lithuania,,,,2025-04-29
CAND-1948,Lukasz,Wojcik,lukasz.wojcik@gmail.com,,Tallinn,Estonia,Miniclip,Senior CRM Manager,linkedin.com/in/lukasz-wojcik-349,2025-03-16
CAND-1949,Ioana,Popescu,ioana.popescu2@gmail.com,(299)689-8972x117,London,United Kingdom,EPAM Systems,Senior Operations Specialist,,2024-02-02
CAND-1950,Kateryna,Oliynyk,kateryna.oliynyk@gmail.com,+1-580-918-6448x22175,Vilnius,Lithuania,LMT,Brand Manager,,2024-02-16
CAND-1951,Philipp,Klein,philipp.klein@gmail.com,,Tallinn,Estonia,Personio,Trust and Safety Lead,linkedin.com/in/philipp-klein-675,2024-01-30
CAND-1952,Saulius,Paulauskas,saulius.paulauskas1@gmail.com,957.308.2004x80675,Vilnius,Lithuania,Jam City,Mobile Engineer,linkedin.com/in/saulius-paulauskas-289,2024-04-06
CAND-1953,Piotr,Wisniewski,piotr.wisniewski@outlook.com,(336)491-4961,Kyiv,Ukraine,N26,Growth Lead,linkedin.com/in/piotr-wisniewski-916,2024-04-12
CAND-1954,Saulius,Radzevicius,saulius.radzevicius@gmail.com,279.642.9688x27697,Amsterdam,Netherlands,Swedbank,Operations Analyst,,2024-06-01
CAND-1955,Kateryna,Shevchenko,kateryna.shevchenko@protonmail.com,3957314196,London,United Kingdom,TrueLayer,Operations Specialist,linkedin.com/in/kateryna-shevchenko-793,2024-12-24
CAND-1956,Piotr,Kowalczyk,piotr.kowalczyk@protonmail.com,,Lviv,Ukraine,Zynga,Lead UX Researcher,linkedin.com/in/piotr-kowalczyk-588,2024-11-07
CAND-1957,Krzysztof,Kozlowski,krzysztof.kozlowski@outlook.com,(307)983-2748x83565,Wroclaw,Poland,Luminor,Senior Data Analyst,linkedin.com/in/krzysztof-kozlowski-304,2024-09-10
CAND-1958,Bartosz,Mazur,bartosz.mazur1@gmail.com,001-862-840-9649,Riga,Latvia,Danske Bank,Senior HR Business Partner,,2024-09-20
CAND-1959,Marius,Popescu,marius.popescu@yahoo.com,+1-634-496-0478,Vilnius,Lithuania,Freelance,Senior Legal Counsel,linkedin.com/in/marius-popescu-160,2025-03-10
CAND-1960,Mykhailo,Kovalchuk,mykhailo.kovalchuk@gmail.com,470-728-5162,Amsterdam,Netherlands,Miniclip,Senior Operations Manager,,2024-03-01
CAND-1961,Adam,Kozlowski,adam.kozlowski@yahoo.com,,Krakow,Poland,Adform,HR Business Partner,,2024-08-08
CAND-1962,Dovydas,Noreika,dovydas.noreika@yahoo.com,,Warsaw,Poland,Atea,Senior Product Designer,linkedin.com/in/dovydas-noreika-478,2024-09-05
CAND-1963,Bartosz,Wozniak,bartosz.wozniak@gmail.com,,Warsaw,Poland,Contentful,FP&A Analyst,,2025-03-28
CAND-1964,Piotr,Nowak,piotr.nowak@protonmail.com,001-536-648-8208,Tallinn,Estonia,Devbridge,Financial Analyst,linkedin.com/in/piotr-nowak-824,2024-07-26
CAND-1965,Oleh,Moroz,oleh.moroz@gmail.com,+1-668-883-9062,Riga,Latvia,King,Senior Analytics Engineer,linkedin.com/in/oleh-moroz-794,2024-04-19
CAND-1966,Michal,Dabrowska,michal.dabrowska@outlook.com,328.579.9160x9114,Kaunas,Lithuania,CGI,Senior Product Lead,,2025-06-05
CAND-1967,Lukas,Petrauskas,lukas.petrauskas@protonmail.com,593-559-2361,Warsaw,Poland,Miniclip,Data Engineer,linkedin.com/in/lukas-petrauskas-177,2024-11-25
CAND-1968,Natalia,Jankowski,natalia.jankowski@outlook.com,760.252.3045x8816,Vilnius,Lithuania,Adform,Senior Compliance Manager,linkedin.com/in/natalia-jankowski-454,2024-03-23
CAND-1969,Tomasz,Kowalczyk,tomasz.kowalczyk@gmail.com,(354)847-2419,Riga,Latvia,Wise,Platform Engineer,linkedin.com/in/tomasz-kowalczyk-926,2025-06-17
CAND-1970,Ruta,Gudas,ruta.gudas@protonmail.com,,Tallinn,Estonia,Vinted,Senior Analytics Engineer,linkedin.com/in/ruta-gudas-506,2024-02-18
CAND-1971,Laura,Kazlauskas,laura.kazlauskas@yahoo.com,,Kyiv,Ukraine,Personio,Senior TA Specialist,linkedin.com/in/laura-kazlauskas-404,2024-03-11
CAND-1972,Iryna,Marchenko,iryna.marchenko1@outlook.com,403-644-0966x17718,Vilnius,Lithuania,Bolt,Marketing Manager,linkedin.com/in/iryna-marchenko-173,2024-02-19
CAND-1973,Nikita,Toth,nikita.toth1@gmail.com,+1-389-680-8806x782,Vilnius,Lithuania,EPAM Systems,Data Analyst,linkedin.com/in/nikita-toth-773,2024-06-22
CAND-1974,Mateusz,Jankowski,mateusz.jankowski@yahoo.com,474-868-1359,London,United Kingdom,Bolt,Senior TA Specialist,linkedin.com/in/mateusz-jankowski-961,2024-01-10
CAND-1975,Viktorija,Grigas,viktorija.grigas2@gmail.com,+1-964-686-9893x9698,Tallinn,Estonia,LMT,Senior FP&A Analyst,linkedin.com/in/viktorija-grigas-147,2024-02-13
CAND-1976,Gintaras,Paulauskas,gintaras.paulauskas@gmail.com,,Hamburg,Germany,LMT,Lead UX Researcher,linkedin.com/in/gintaras-paulauskas-992,2024-01-29
CAND-1977,Isabelle,Roberts,isabelle.roberts@gmail.com,469.441.5594x50119,Vilnius,Lithuania,Wargaming,Customer Support Specialist,,2024-03-23
CAND-1978,Yulia,Kravchenko,yulia.kravchenko@gmail.com,,Kaunas,Lithuania,Cognizant,Data Scientist,linkedin.com/in/yulia-kravchenko-942,2024-04-27
CAND-1979,Volodymyr,Melnyk,volodymyr.melnyk2@gmail.com,9753360511,Kyiv,Ukraine,TransferGo,TA Manager,linkedin.com/in/volodymyr-melnyk-462,2025-02-14
CAND-1980,Egle,Daunoras,egle.daunoras@yahoo.com,(603)798-8636x53621,Vilnius,Lithuania,Danske Bank,Senior Legal Counsel,linkedin.com/in/egle-daunoras-966,2025-06-21
CAND-1981,Mateusz,Wisniewski,mateusz.wisniewski@protonmail.com,(690)667-0009x942,London,United Kingdom,Devbridge,Head of Talent Acquisition,linkedin.com/in/mateusz-wisniewski-500,2025-01-25
CAND-1982,Domantas,Kazlauskas,domantas.kazlauskas2@gmail.com,,Vilnius,Lithuania,LMT,TA Manager,linkedin.com/in/domantas-kazlauskas-787,2024-04-14
CAND-1983,Krzysztof,Nowak,krzysztof.nowak@yahoo.com,(804)966-4896,Krakow,Poland,Luminor,Senior Marketing Manager,linkedin.com/in/krzysztof-nowak-127,2024-09-13
CAND-1984,Damian,Kaminski,damian.kaminski@yahoo.com,,Wroclaw,Poland,Delivery Hero,Senior HR Business Partner,linkedin.com/in/damian-kaminski-384,2024-08-13
CAND-1985,Magdalena,Wojcik,magdalena.wojcik@outlook.com,(205)964-2045x65775,London,United Kingdom,Pipedrive,Customer Support Lead,,2024-05-28
CAND-1986,Mia,Jones,mia.jones@protonmail.com,853-438-9062x3546,Berlin,Germany,Vinted,Talent Acquisition Specialist,linkedin.com/in/mia-jones-144,2024-09-27
CAND-1987,Agne,Radzevicius,agne.radzevicius@gmail.com,+1-226-254-0165x9953,Berlin,Germany,Adform,Data Analyst,linkedin.com/in/agne-radzevicius-120,2024-03-30
CAND-1988,Bohdan,Marchenko,bohdan.marchenko@outlook.com,001-962-621-2242x767,Amsterdam,Netherlands,Cognizant,Trust and Safety Lead,linkedin.com/in/bohdan-marchenko-909,2025-06-17
CAND-1989,Lena,Klein,lena.klein@gmail.com,(725)691-6011x2411,Berlin,Germany,Zynga,Frontend Engineer,linkedin.com/in/lena-klein-227,2024-04-23
CAND-1990,Simona,Ambrazas,simona.ambrazas1@gmail.com,+1-886-900-8017,Vilnius,Lithuania,Miniclip,VP of Product,linkedin.com/in/simona-ambrazas-604,2024-08-04
CAND-1991,Halyna,Kravchenko,halyna.kravchenko@outlook.com,,Vilnius,Lithuania,Luminor,Marketing Manager,linkedin.com/in/halyna-kravchenko-475,2024-12-26
CAND-1992,Rafal,Nowak,rafal.nowak@outlook.com,001-678-923-1299x570,Tallinn,Estonia,Delivery Hero,Head of Legal,linkedin.com/in/rafal-nowak-959,2024-08-04
CAND-1993,Alina,Boyko,alina.boyko@yahoo.com,,Vilnius,Lithuania,TrueLayer,Senior Data Analyst,,2024-01-14
CAND-1994,Maciej,Lewandowski,maciej.lewandowski@gmail.com,,London,United Kingdom,TransferGo,Talent Acquisition Specialist,linkedin.com/in/maciej-lewandowski-223,2024-09-04
CAND-1995,Simona,Mockus,simona.mockus1@yahoo.com,(264)526-1212,Amsterdam,Netherlands,EPAM Systems,Platform Engineer,linkedin.com/in/simona-mockus-465,2024-10-29
CAND-1996,Aleksandra,Wojcik,aleksandra.wojcik1@gmail.com,743.475.3659x68078,Hamburg,Germany,Contentful,Product Designer,,2024-08-11
CAND-1997,Oleh,Kravchenko,oleh.kravchenko@gmail.com,(748)624-2183x854,Riga,Latvia,Bolt,Data Analyst,linkedin.com/in/oleh-kravchenko-963,2024-09-17
CAND-1998,Daria,Ionescu,daria.ionescu2@protonmail.com,,London,United Kingdom,Swedbank,QA Engineer,linkedin.com/in/daria-ionescu-685,2024-09-24
CAND-1999,Marcin,Kozlowski,marcin.kozlowski@yahoo.com,4065445475,Warsaw,Poland,Accenture,HR Business Partner,linkedin.com/in/marcin-kozlowski-108,2025-04-26
CAND-2000,Halyna,Kravchenko,halyna.kravchenko1@yahoo.com,912-332-7489,Krakow,Poland,,,linkedin.com/in/halyna-kravchenko-907,2025-04-20
CAND-2001,Mantas,Noreika,mantas.noreika@protonmail.com,876.433.4272x038,Amsterdam,Netherlands,Nord Security,Senior Legal Counsel,linkedin.com/in/mantas-noreika-878,2024-04-05
CAND-2002,Marta,Wojcik,marta.wojcik@gmail.com,,Berlin,Germany,Telia,Legal Counsel,linkedin.com/in/marta-wojcik-772,2024-08-19
CAND-2003,Nicole,Klein,nicole.klein1@gmail.com,575-208-0196,Tallinn,Estonia,Freelance,Data Scientist,linkedin.com/in/nicole-klein-731,2025-06-21
CAND-2004,Oksana,Popescu,oksana.popescu@outlook.com,553-706-9358x824,Warsaw,Poland,Contentful,HR Business Partner,linkedin.com/in/oksana-popescu-657,2024-04-12
CAND-2005,Ivan,Shevchenko,ivan.shevchenko@gmail.com,,Krakow,Poland,Personio,Senior Data Analyst,linkedin.com/in/ivan-shevchenko-386,2024-09-07
CAND-2006,Emily,Lewis,emily.lewis@yahoo.com,940.601.8167,Kaunas,Lithuania,Pipedrive,Principal Product Manager,linkedin.com/in/emily-lewis-444,2025-03-02
CAND-2007,Janos,Kovacs,janos.kovacs2@gmail.com,516.752.4445x44608,Kaunas,Lithuania,Miniclip,Senior Product Lead,linkedin.com/in/janos-kovacs-418,2024-05-17
CAND-2008,Piotr,Dabrowska,piotr.dabrowska1@protonmail.com,001-317-499-3781x053,Berlin,Germany,Wise,HR Manager,linkedin.com/in/piotr-dabrowska-304,2024-11-21
CAND-2009,Karolina,Kozlowski,karolina.kozlowski1@yahoo.com,+1-878-484-8699,Vilnius,Lithuania,Jam City,Analytics Engineer,,2025-03-19
CAND-2010,Kateryna,Moroz,kateryna.moroz@gmail.com,,Krakow,Poland,N26,Senior Growth Manager,linkedin.com/in/kateryna-moroz-195,2024-03-07
CAND-2011,Larysa,Bondarenko,larysa.bondarenko@yahoo.com,001-890-545-7927x14724,Riga,Latvia,N26,Management Accountant,linkedin.com/in/larysa-bondarenko-252,2024-10-28
CAND-2012,Arnas,Kairys,arnas.kairys@protonmail.com,5195864242,Kaunas,Lithuania,Zalando,Senior Financial Analyst,,2024-09-20
CAND-2013,Dovydas,Zukauskas,dovydas.zukauskas@outlook.com,,Warsaw,Poland,King,TA Manager,,2024-06-28
CAND-2014,Greta,Zukauskas,greta.zukauskas@yahoo.com,,Krakow,Poland,CGI,Senior Frontend Engineer,linkedin.com/in/greta-zukauskas-952,2024-01-23
CAND-2015,Viktor,Shevchuk,viktor.shevchuk@protonmail.com,,Krakow,Poland,Miniclip,Senior Operations Specialist,,2024-01-09
CAND-2016,Vilius,Rimkus,vilius.rimkus@gmail.com,001-372-983-3912,Tallinn,Estonia,Cognizant,L&D Specialist,linkedin.com/in/vilius-rimkus-921,2025-06-19
CAND-2017,Rytis,Mockus,rytis.mockus@gmail.com,5624932880,Wroclaw,Poland,Delivery Hero,Finance Director,linkedin.com/in/rytis-mockus-628,2025-03-20
CAND-2018,Weronika,Kaminski,weronika.kaminski@gmail.com,(210)310-2320,Kaunas,Lithuania,Nord Security,Legal Manager,,2025-03-19
CAND-2019,Ivan,Moroz,ivan.moroz@outlook.com,,Vilnius,Lithuania,Delivery Hero,FP&A Manager,linkedin.com/in/ivan-moroz-501,2025-05-06
CAND-2020,Ethan,Davies,ethan.davies@gmail.com,001-986-876-6100x898,Vilnius,Lithuania,Barclays Technology,Senior HR Manager,linkedin.com/in/ethan-davies-778,2024-10-26
CAND-2021,Greta,Gudas,greta.gudas1@gmail.com,608-214-3561,Gdansk,Poland,Danske Bank,Senior TA Specialist,linkedin.com/in/greta-gudas-384,2024-11-27
CAND-2022,Charlie,Walker,charlie.walker@outlook.com,001-438-545-3198x0746,London,United Kingdom,N26,Senior Legal Counsel,linkedin.com/in/charlie-walker-829,2024-09-27
CAND-2023,Petra,Ionescu,petra.ionescu@outlook.com,,Krakow,Poland,Revolut,Operations Manager,linkedin.com/in/petra-ionescu-134,2024-05-13
CAND-2024,Adam,Mazur,adam.mazur@protonmail.com,,Kaunas,Lithuania,Wise,TA Manager,linkedin.com/in/adam-mazur-908,2024-03-14
CAND-2025,Iryna,Shevchuk,iryna.shevchuk@protonmail.com,746-695-1003x07620,Warsaw,Poland,Luminor,Senior Frontend Engineer,linkedin.com/in/iryna-shevchuk-459,2024-08-14
CAND-2026,Inga,Jankauskas,inga.jankauskas@gmail.com,396-271-5006x66641,Krakow,Poland,Zynga,Trust and Safety Analyst,linkedin.com/in/inga-jankauskas-101,2024-10-28
CAND-2027,Tetyana,Shevchenko,tetyana.shevchenko@protonmail.com,+1-865-641-1340x7851,Kaunas,Lithuania,SEB,Legal Counsel,linkedin.com/in/tetyana-shevchenko-524,2024-05-30
CAND-2028,Vilius,Gudas,vilius.gudas2@gmail.com,001-697-408-9058x36683,Warsaw,Poland,Jam City,Management Accountant,linkedin.com/in/vilius-gudas-856,2024-09-07
CAND-2029,Agne,Gudas,agne.gudas@gmail.com,(889)399-6269x7083,London,United Kingdom,Pipedrive,Legal Manager,linkedin.com/in/agne-gudas-325,2024-05-07
CAND-2030,Rafal,Smirnov,rafal.smirnov1@outlook.com,,Vilnius,Lithuania,Luminor,Analytics Engineer,linkedin.com/in/rafal-smirnov-420,2024-02-12
CAND-2031,Daryna,Moroz,daryna.moroz@outlook.com,,Warsaw,Poland,DXC Technology,Trust and Safety Lead,linkedin.com/in/daryna-moroz-345,2024-10-19
CAND-2032,Daria,Fedorov,daria.fedorov2@gmail.com,,Berlin,Germany,LMT,Finance Manager,,2024-09-02
CAND-2033,Maciej,Kowalczyk,maciej.kowalczyk@gmail.com,387.991.5059x6257,Vilnius,Lithuania,Cognizant,Senior HR Business Partner,linkedin.com/in/maciej-kowalczyk-555,2024-12-25
CAND-2034,Rytis,Grigas,rytis.grigas@gmail.com,(409)832-0126x5789,Vilnius,Lithuania,Miniclip,Engineering Manager,linkedin.com/in/rytis-grigas-384,2024-02-04
CAND-2035,Charlie,Lewis,charlie.lewis@yahoo.com,9417809521,Kyiv,Ukraine,SumUp,Partner Operations Manager,linkedin.com/in/charlie-lewis-532,2025-01-09
CAND-2036,Jolanta,Stonkus,jolanta.stonkus@outlook.com,485-317-7741x27469,Vilnius,Lithuania,,,,2024-02-07
CAND-2037,Lukas,Jankauskas,lukas.jankauskas1@gmail.com,488-824-1996,Riga,Latvia,EA Games,Operations Manager,linkedin.com/in/lukas-jankauskas-805,2025-05-28
CAND-2038,Tetyana,Melnyk,tetyana.melnyk@gmail.com,622-729-7589x170,London,United Kingdom,Accenture,Growth Lead,,2024-10-10
CAND-2039,Lukasz,Szymanski,lukasz.szymanski@outlook.com,421-285-4570x568,Vilnius,Lithuania,Freelance,Senior HR Business Partner,linkedin.com/in/lukasz-szymanski-572,2025-02-25
CAND-2040,Ewelina,Mazur,ewelina.mazur1@outlook.com,001-322-857-0900,Vilnius,Lithuania,Miniclip,Staff Engineer,linkedin.com/in/ewelina-mazur-513,2024-12-17
CAND-2041,Elena,Kuznetsov,elena.kuznetsov@protonmail.com,656.940.7232,Warsaw,Poland,Revolut,Senior Growth Manager,,2024-07-09
CAND-2042,Anna,Lewandowski,anna.lewandowski1@gmail.com,,London,United Kingdom,Miniclip,Talent Acquisition Specialist,linkedin.com/in/anna-lewandowski-156,2024-12-29
CAND-2043,Egle,Zukauskas,egle.zukauskas@gmail.com,(382)989-5400,Warsaw,Poland,Contentful,Senior Growth Manager,linkedin.com/in/egle-zukauskas-850,2025-05-27
CAND-2044,Lukasz,Mazur,lukasz.mazur@gmail.com,,Vilnius,Lithuania,Accenture,Financial Analyst,,2024-06-19
CAND-2045,Bence,Smirnov,bence.smirnov@protonmail.com,282.924.7312x61685,Kaunas,Lithuania,Pipedrive,Compensation and Benefits Analyst,linkedin.com/in/bence-smirnov-197,2024-07-27
CAND-2046,Saulius,Jankauskas,saulius.jankauskas@yahoo.com,205-480-1195,Vilnius,Lithuania,Atea,Operations Analyst,,2025-07-01
CAND-2047,Noah,Clark,noah.clark@yahoo.com,,Kaunas,Lithuania,Revolut,Lead UX Researcher,linkedin.com/in/noah-clark-737,2024-02-29
CAND-2048,Grace,Clark,grace.clark2@protonmail.com,,Vilnius,Lithuania,Revolut,HR Business Partner,linkedin.com/in/grace-clark-453,2024-07-01
CAND-2049,Jonas,Radzevicius,jonas.radzevicius1@gmail.com,411.552.6105x370,Kyiv,Ukraine,Ubisoft,Senior Product Manager,,2024-07-19
CAND-2050,Vladislav,Petrov,vladislav.petrov1@gmail.com,9076169500,London,United Kingdom,Wise,Senior Finance Manager,linkedin.com/in/vladislav-petrov-997,2025-01-13
CAND-2051,Iryna,Marchenko,iryna.marchenko@gmail.com,,Kyiv,Ukraine,Nord Security,BI Analyst,linkedin.com/in/iryna-marchenko-297,2024-10-29
CAND-2052,Tadas,Jankauskas,tadas.jankauskas@gmail.com,001-918-894-8543x298,Warsaw,Poland,Freelance,Senior Customer Support Specialist,,2024-11-24
CAND-2053,Mindaugas,Rimkus,mindaugas.rimkus1@gmail.com,001-689-936-5294,Krakow,Poland,,,,2024-02-18
CAND-2054,Kateryna,Kravchenko,kateryna.kravchenko@yahoo.com,001-216-619-8273x48131,London,United Kingdom,Accenture,Fraud Analyst,linkedin.com/in/kateryna-kravchenko-919,2024-11-08
CAND-2055,Marta,Jankowski,marta.jankowski@yahoo.com,902-658-9632x17435,Vilnius,Lithuania,EA Games,UX Researcher,,2024-09-30
CAND-2056,Lukasz,Dabrowska,lukasz.dabrowska@gmail.com,,Hamburg,Germany,Nord Security,Senior Backend Engineer,,2025-01-26
CAND-2057,Janos,Ionescu,janos.ionescu@gmail.com,535.526.8064x86067,Kyiv,Ukraine,TrueLayer,BI Analyst,linkedin.com/in/janos-ionescu-857,2024-05-06
CAND-2058,Bartosz,Wisniewski,bartosz.wisniewski@protonmail.com,001-644-888-3842x536,Riga,Latvia,Atea,Compensation and Benefits Analyst,,2025-01-25
CAND-2059,Nikita,Kovacs,nikita.kovacs1@outlook.com,(280)855-0774,Wroclaw,Poland,Pipedrive,Junior Frontend Engineer,linkedin.com/in/nikita-kovacs-918,2024-12-26
CAND-2060,Aleksandra,Dabrowska,aleksandra.dabrowska@outlook.com,(279)255-1562x392,Vilnius,Lithuania,Tesonet,Junior DevOps Engineer,,2024-09-30
CAND-2061,Halyna,Shevchenko,halyna.shevchenko@gmail.com,,Krakow,Poland,TransferGo,Senior Data Analyst,linkedin.com/in/halyna-shevchenko-290,2024-02-15
CAND-2062,Bartosz,Dabrowska,bartosz.dabrowska@yahoo.com,+1-355-510-7409,Riga,Latvia,King,Senior Financial Analyst,,2024-07-05
CAND-2063,Saulius,Rimkus,saulius.rimkus@outlook.com,411-778-6190,Gdansk,Poland,Swedbank,Trust and Safety Analyst,linkedin.com/in/saulius-rimkus-991,2024-03-26
CAND-2064,Alina,Shevchuk,alina.shevchuk@gmail.com,376-402-2069x5354,Gdansk,Poland,SumUp,Growth Analyst,linkedin.com/in/alina-shevchuk-961,2024-12-28
CAND-2065,Maciej,Wozniak,maciej.wozniak@yahoo.com,,Berlin,Germany,SEB,Operations Specialist,linkedin.com/in/maciej-wozniak-498,2024-02-23
CAND-2066,Bartosz,Mazur,bartosz.mazur@yahoo.com,2124275950,Vilnius,Lithuania,Nord Security,Senior Growth Manager,,2025-05-08
CAND-2067,Tiberiu,Ionescu,tiberiu.ionescu@yahoo.com,(201)951-5325x94795,Vilnius,Lithuania,Playtika,CRM Manager,,2025-06-17
CAND-2068,Halyna,Bondarenko,halyna.bondarenko@yahoo.com,707-217-3279x8059,London,United Kingdom,Devbridge,Management Accountant,,2024-09-22
CAND-2069,Anna,Lewandowski,anna.lewandowski2@gmail.com,210.506.4934,Vilnius,Lithuania,Contentful,Customer Support Manager,linkedin.com/in/anna-lewandowski-754,2024-02-27
CAND-2070,Harry,Williams,harry.williams@protonmail.com,001-691-304-5203x608,Berlin,Germany,Paddle,FP&A Manager,,2025-06-25
CAND-2071,Tobias,Wagner,tobias.wagner@protonmail.com,484-791-3599,Tallinn,Estonia,Revolut,Trust and Safety Lead,linkedin.com/in/tobias-wagner-290,2024-06-11
CAND-2072,Taras,Kovalenko,taras.kovalenko@gmail.com,(835)995-2056x100,Vilnius,Lithuania,Danske Bank,Growth Analyst,linkedin.com/in/taras-kovalenko-844,2024-11-01
CAND-2073,Lena,Klein,lena.klein@outlook.com,001-390-806-9680,Berlin,Germany,Miniclip,Talent Acquisition Specialist,linkedin.com/in/lena-klein-375,2024-10-14
CAND-2074,Svitlana,Kravchenko,svitlana.kravchenko1@gmail.com,001-677-640-3784x233,Kaunas,Lithuania,Zalando,Director of Product,,2024-12-03
CAND-2075,Taras,Lytovchenko,taras.lytovchenko1@yahoo.com,001-453-700-6776,Krakow,Poland,LMT,Management Accountant,linkedin.com/in/taras-lytovchenko-751,2024-10-25
CAND-2076,Andrei,Petrov,andrei.petrov@outlook.com,403-625-0173x65426,Vilnius,Lithuania,Freelance,Group Product Manager,linkedin.com/in/andrei-petrov-442,2024-08-17
CAND-2077,Rytis,Jankauskas,rytis.jankauskas@gmail.com,,Kaunas,Lithuania,TransferGo,Compensation and Benefits Analyst,linkedin.com/in/rytis-jankauskas-839,2024-01-09
CAND-2078,Nikita,Ivanov,nikita.ivanov1@protonmail.com,478-542-9029,Vilnius,Lithuania,TransferGo,HR Manager,linkedin.com/in/nikita-ivanov-854,2024-12-01
CAND-2079,Oksana,Shevchenko,oksana.shevchenko1@gmail.com,845.211.0090,Krakow,Poland,Checkout.com,Brand Manager,linkedin.com/in/oksana-shevchenko-490,2025-02-24
CAND-2080,Daryna,Marchenko,daryna.marchenko@gmail.com,(330)888-6843x021,London,United Kingdom,Pipedrive,Frontend Engineer,linkedin.com/in/daryna-marchenko-407,2024-01-06
CAND-2081,Kristina,Daunoras,kristina.daunoras@protonmail.com,(973)729-0457x5988,Riga,Latvia,TrueLayer,Compensation and Benefits Analyst,linkedin.com/in/kristina-daunoras-454,2024-11-30
CAND-2082,Tomas,Urbonas,tomas.urbonas1@gmail.com,001-821-229-9642,Hamburg,Germany,King,Senior TA Specialist,,2025-02-16
CAND-2083,Andriy,Kovalenko,andriy.kovalenko@protonmail.com,436.320.2755,Vilnius,Lithuania,EPAM Systems,UX Researcher,linkedin.com/in/andriy-kovalenko-643,2024-12-23
CAND-2084,Magdalena,Wisniewski,magdalena.wisniewski1@yahoo.com,577-209-2071x152,Vilnius,Lithuania,Pipedrive,Senior Operations Manager,linkedin.com/in/magdalena-wisniewski-981,2024-01-21
CAND-2085,Tobias,Schulz,tobias.schulz@gmail.com,(336)921-9215,Vilnius,Lithuania,Wise,L&D Specialist,linkedin.com/in/tobias-schulz-756,2025-06-08
CAND-2086,Inga,Daunoras,inga.daunoras@yahoo.com,001-705-391-6118x6385,Riga,Latvia,Cognizant,Trust and Safety Analyst,linkedin.com/in/inga-daunoras-202,2025-05-31
CAND-2087,Saulius,Jankauskas,saulius.jankauskas@gmail.com,001-795-597-7216x8800,London,United Kingdom,EPAM Systems,Product Lead,linkedin.com/in/saulius-jankauskas-788,2024-04-12
CAND-2088,Kamil,Wozniak,kamil.wozniak1@protonmail.com,,Berlin,Germany,Freelance,Senior Operations Specialist,linkedin.com/in/kamil-wozniak-555,2025-03-20
CAND-2089,Weronika,Kowalski,weronika.kowalski@outlook.com,689.731.8692x8972,Warsaw,Poland,Miniclip,Senior Financial Analyst,linkedin.com/in/weronika-kowalski-413,2024-08-15
CAND-2090,Tiberiu,Smirnov,tiberiu.smirnov1@gmail.com,601-482-2720x0283,Kaunas,Lithuania,Ubisoft,Head of Data,,2024-09-29
CAND-2091,Emily,Wilson,emily.wilson@outlook.com,,London,United Kingdom,EPAM Systems,Lead UX Researcher,linkedin.com/in/emily-wilson-577,2024-05-07
CAND-2092,Anastasia,Ionescu,anastasia.ionescu@gmail.com,+1-332-320-4144x7432,Berlin,Germany,N26,Senior FP&A Analyst,linkedin.com/in/anastasia-ionescu-173,2024-09-25
CAND-2093,Julian,Meyer,julian.meyer@gmail.com,(559)493-0202x03042,Berlin,Germany,Swedbank,FP&A Analyst,linkedin.com/in/julian-meyer-848,2025-05-14
CAND-2094,Adam,Dabrowska,adam.dabrowska1@gmail.com,(277)452-1353,Tallinn,Estonia,Accenture,Data Engineer,linkedin.com/in/adam-dabrowska-481,2024-12-23
CAND-2095,Mariya,Lytovchenko,mariya.lytovchenko@yahoo.com,,Riga,Latvia,DXC Technology,FP&A Manager,,2024-04-10
CAND-2096,Leon,Koch,leon.koch@yahoo.com,,Warsaw,Poland,Jam City,Group Product Manager,linkedin.com/in/leon-koch-318,2024-11-05
CAND-2097,Pawel,Nowak,pawel.nowak@gmail.com,916.950.6463x00593,Tallinn,Estonia,Bite,Product Designer,linkedin.com/in/pawel-nowak-600,2024-09-08
CAND-2098,Rafal,Ivanov,rafal.ivanov@yahoo.com,356.891.9832x102,Vilnius,Lithuania,Delivery Hero,Head of Compliance,,2025-02-16
CAND-2099,Domantas,Zukauskas,domantas.zukauskas@gmail.com,+1-517-646-9029x83104,Berlin,Germany,Miniclip,Senior Backend Engineer,,2025-03-24
CAND-2100,Lena,Hoffmann,lena.hoffmann@protonmail.com,396-862-2913,Vilnius,Lithuania,Checkout.com,Senior HR Business Partner,,2024-11-16
CAND-2101,Bartosz,Nowak,bartosz.nowak@protonmail.com,,Krakow,Poland,Contentful,Talent Acquisition Specialist,linkedin.com/in/bartosz-nowak-302,2025-03-14
CAND-2102,Filip,Kozlowski,filip.kozlowski1@yahoo.com,508.805.6856x6706,Vilnius,Lithuania,Vinted,Legal Counsel,linkedin.com/in/filip-kozlowski-187,2024-08-06
CAND-2103,Jonas,Gudas,jonas.gudas@yahoo.com,(619)686-5504,Warsaw,Poland,Vinted,Head of Compliance,linkedin.com/in/jonas-gudas-750,2024-11-13
CAND-2104,Marius,Toth,marius.toth@gmail.com,207-666-3493x3965,Kyiv,Ukraine,Ubisoft,HR Business Partner,,2024-10-01
CAND-2105,Artem,Marchenko,artem.marchenko@protonmail.com,+1-696-427-3226x2611,Vilnius,Lithuania,LMT,Growth Lead,,2024-06-06
CAND-2106,Kamil,Mazur,kamil.mazur@gmail.com,236-925-8542x188,Kharkiv,Ukraine,Luminor,Senior Marketing Manager,,2024-09-27
CAND-2107,Laura,Klein,laura.klein@yahoo.com,,Krakow,Poland,Telia,Product Manager,linkedin.com/in/laura-klein-300,2024-06-19
CAND-2108,Greta,Stankus,greta.stankus@gmail.com,,Vilnius,Lithuania,Nord Security,Legal Manager,,2024-11-09
CAND-2109,Monika,Szymanski,monika.szymanski@gmail.com,+1-691-596-2341x996,Warsaw,Poland,Danske Bank,CRM Manager,linkedin.com/in/monika-szymanski-178,2024-04-22
CAND-2110,Halyna,Shevchuk,halyna.shevchuk@protonmail.com,,Hamburg,Germany,CGI,Product Designer,linkedin.com/in/halyna-shevchuk-118,2024-12-12
CAND-2111,Jonas,Radzevicius,jonas.radzevicius2@gmail.com,285.732.4725,Gdansk,Poland,Telia,FP&A Manager,,2024-03-23
CAND-2112,Greta,Kazlauskas,greta.kazlauskas1@gmail.com,+1-333-734-3031,Krakow,Poland,Zalando,Growth Manager,,2024-04-23
CAND-2113,Domantas,Zukauskas,domantas.zukauskas1@gmail.com,+1-987-860-5457x69475,Berlin,Germany,Swedbank,Senior FP&A Analyst,linkedin.com/in/domantas-zukauskas-686,2024-01-11
CAND-2114,Kinga,Petrov,kinga.petrov1@gmail.com,,Warsaw,Poland,LMT,L&D Specialist,linkedin.com/in/kinga-petrov-531,2025-05-09
CAND-2115,Michael,Schneider,michael.schneider@gmail.com,001-945-635-3659,Vilnius,Lithuania,Checkout.com,Senior TA Specialist,linkedin.com/in/michael-schneider-499,2024-08-15
CAND-2116,Greta,Zukauskas,greta.zukauskas@gmail.com,(669)786-1634x2125,Riga,Latvia,SumUp,Senior HR Business Partner,linkedin.com/in/greta-zukauskas-185,2025-02-14
CAND-2117,Kristina,Kazlauskas,kristina.kazlauskas1@outlook.com,,Warsaw,Poland,Ubisoft,Director of Engineering,linkedin.com/in/kristina-kazlauskas-334,2024-11-01
CAND-2118,Monika,Daunoras,monika.daunoras@protonmail.com,7804959481,Krakow,Poland,Danske Bank,UX Researcher,linkedin.com/in/monika-daunoras-500,2025-04-20
CAND-2119,Andrei,Ionescu,andrei.ionescu1@gmail.com,,Vilnius,Lithuania,Contentful,Senior TA Specialist,,2025-02-15
CAND-2120,Oliver,Evans,oliver.evans@yahoo.com,001-269-925-5966x47213,Kyiv,Ukraine,Paddle,Senior Compliance Manager,linkedin.com/in/oliver-evans-244,2024-08-25
CAND-2121,Dovydas,Rimkus,dovydas.rimkus2@gmail.com,623-559-1426x140,Tallinn,Estonia,Pipedrive,Senior DevOps Engineer,linkedin.com/in/dovydas-rimkus-922,2024-11-30
CAND-2122,Rafal,Kovacs,rafal.kovacs1@outlook.com,926.814.5430,Kyiv,Ukraine,Atea,Product Manager,,2024-11-07
CAND-2123,Viktorija,Stonkus,viktorija.stonkus@yahoo.com,773.410.0817,Vilnius,Lithuania,CGI,Fraud Analyst,linkedin.com/in/viktorija-stonkus-112,2024-08-13
CAND-2124,Weronika,Szymanski,weronika.szymanski@gmail.com,(711)458-7184,Berlin,Germany,DXC Technology,Mobile Engineer,linkedin.com/in/weronika-szymanski-562,2024-02-28
CAND-2125,Andrei,Kovacs,andrei.kovacs@protonmail.com,954.226.8744,Warsaw,Poland,Swedbank,Senior Financial Analyst,,2024-11-24
CAND-2126,Gintaras,Paulauskas,gintaras.paulauskas@yahoo.com,573-920-8652,Riga,Latvia,LMT,Senior Legal Manager,,2024-01-10
CAND-2127,Adam,Dabrowska,adam.dabrowska1@protonmail.com,,Riga,Latvia,LMT,Growth Lead,,2024-02-15
CAND-2128,Vilius,Daunoras,vilius.daunoras@gmail.com,,Lviv,Ukraine,SumUp,Customer Support Specialist,linkedin.com/in/vilius-daunoras-387,2025-06-30
CAND-2129,Kinga,Toth,kinga.toth1@gmail.com,372.696.6563x370,Kharkiv,Ukraine,SEB,Engineering Manager,linkedin.com/in/kinga-toth-152,2025-04-10
CAND-2130,Tetyana,Moroz,tetyana.moroz1@protonmail.com,,Riga,Latvia,Luminor,Product Manager,linkedin.com/in/tetyana-moroz-689,2025-04-29
CAND-2131,Monika,Kowalczyk,monika.kowalczyk@protonmail.com,7052278105,Kaunas,Lithuania,LMT,Senior Analytics Engineer,linkedin.com/in/monika-kowalczyk-496,2024-08-03
CAND-2132,Tomas,Gudas,tomas.gudas@yahoo.com,7029722142,Berlin,Germany,SEB,Customer Support Lead,,2025-01-23
CAND-2133,Laura,Klein,laura.klein@protonmail.com,+1-931-460-9439x13681,Kaunas,Lithuania,Delivery Hero,Senior Analytics Manager,linkedin.com/in/laura-klein-885,2025-03-29
CAND-2134,Kinga,Fedorov,kinga.fedorov2@gmail.com,8314369552,Kyiv,Ukraine,Delivery Hero,Talent Acquisition Specialist,linkedin.com/in/kinga-fedorov-703,2024-07-07
CAND-2135,Kinga,Ionescu,kinga.ionescu@protonmail.com,,Vilnius,Lithuania,Bite,Head of Growth,linkedin.com/in/kinga-ionescu-711,2025-03-05
CAND-2136,Ruta,Ambrazas,ruta.ambrazas@yahoo.com,,Tallinn,Estonia,Revolut,Financial Analyst,linkedin.com/in/ruta-ambrazas-894,2024-09-04
CAND-2137,Edvinas,Mockus,edvinas.mockus1@gmail.com,001-509-429-7352x5953,Kyiv,Ukraine,Playtika,Senior TA Specialist,,2024-01-03
CAND-2138,Bartosz,Wojcik,bartosz.wojcik@gmail.com,(427)239-3899,Amsterdam,Netherlands,Accenture,Senior Data Analyst,linkedin.com/in/bartosz-wojcik-451,2024-09-05
CAND-2139,Anna,Jankowski,anna.jankowski@outlook.com,,Warsaw,Poland,TrueLayer,Fraud Analyst,,2024-12-14
CAND-2140,Dovydas,Kazlauskas,dovydas.kazlauskas1@gmail.com,257-935-3236x6185,Kaunas,Lithuania,EPAM Systems,Senior Data Analyst,linkedin.com/in/dovydas-kazlauskas-554,2025-02-24
CAND-2141,Jack,Davies,jack.davies@gmail.com,,Berlin,Germany,Telia,Senior Legal Counsel,linkedin.com/in/jack-davies-143,2024-08-22
CAND-2142,Laura,Schmidt,laura.schmidt2@gmail.com,,Hamburg,Germany,King,Lead UX Researcher,linkedin.com/in/laura-schmidt-524,2024-08-01
CAND-2143,Daria,Kuznetsov,daria.kuznetsov@outlook.com,(410)587-0826x9718,Kyiv,Ukraine,Revolut,Senior Legal Counsel,linkedin.com/in/daria-kuznetsov-261,2024-11-13
CAND-2144,Oksana,Moroz,oksana.moroz@gmail.com,(401)307-1261x5838,London,United Kingdom,Swedbank,FP&A Analyst,linkedin.com/in/oksana-moroz-299,2024-07-06
CAND-2145,Svitlana,Kovalenko,svitlana.kovalenko@gmail.com,564.584.6735x7422,London,United Kingdom,Wise,Senior Legal Counsel,linkedin.com/in/svitlana-kovalenko-121,2024-05-30
CAND-2146,Katharina,Koch,katharina.koch@gmail.com,001-422-428-0194x425,Hamburg,Germany,Danske Bank,FP&A Analyst,linkedin.com/in/katharina-koch-382,2025-06-26
CAND-2147,Piotr,Kowalski,piotr.kowalski@gmail.com,(756)206-2953,Vilnius,Lithuania,LMT,Customer Support Lead,,2024-12-30
CAND-2148,Gabija,Mockus,gabija.mockus1@gmail.com,(537)231-1804x6741,Vilnius,Lithuania,Swedbank,Senior Mobile Engineer,linkedin.com/in/gabija-mockus-655,2024-07-12
CAND-2149,Vaida,Kairys,vaida.kairys@outlook.com,453.884.1852x0136,Warsaw,Poland,Paddle,Growth Manager,linkedin.com/in/vaida-kairys-914,2024-03-31
CAND-2150,Janos,Nagy,janos.nagy1@gmail.com,+1-208-746-3975x61547,Berlin,Germany,Personio,Senior Customer Support Specialist,linkedin.com/in/janos-nagy-571,2024-01-08
CAND-2151,Jonas,Radzevicius,jonas.radzevicius@outlook.com,749-812-1516x41195,Lviv,Ukraine,Cognizant,Junior Data Analyst,linkedin.com/in/jonas-radzevicius-685,2024-05-13
CAND-2152,Agne,Noreika,agne.noreika@protonmail.com,909-719-6939x578,Vilnius,Lithuania,N26,Director of Data and Analytics,,2024-10-02
CAND-2153,Larysa,Oliynyk,larysa.oliynyk@yahoo.com,(407)202-0426,Vilnius,Lithuania,Nord Security,Partner Operations Manager,,2024-05-07
CAND-2154,Gabija,Jankauskas,gabija.jankauskas@gmail.com,597-512-1241,Lviv,Ukraine,LMT,Customer Support Manager,linkedin.com/in/gabija-jankauskas-979,2024-04-23
CAND-2155,Daria,Kovacs,daria.kovacs@yahoo.com,,Riga,Latvia,EA Games,Talent Acquisition Specialist,linkedin.com/in/daria-kovacs-181,2025-06-13
CAND-2156,Mikhail,Nagy,mikhail.nagy1@gmail.com,001-369-467-8976x09873,Gdansk,Poland,Cognizant,Senior Compliance Manager,,2025-04-17
CAND-2157,Katarzyna,Kowalczyk,katarzyna.kowalczyk1@gmail.com,(977)831-9227x60759,Vilnius,Lithuania,CGI,Senior FP&A Analyst,linkedin.com/in/katarzyna-kowalczyk-268,2025-01-20
CAND-2158,Damian,Jankowski,damian.jankowski1@protonmail.com,,Warsaw,Poland,TrueLayer,Engineering Manager,,2024-08-19
CAND-2159,Inga,Rimkus,inga.rimkus@gmail.com,(533)294-3191x654,Krakow,Poland,Luminor,Staff Engineer,linkedin.com/in/inga-rimkus-393,2024-01-10
CAND-2160,Vasyl,Oliynyk,vasyl.oliynyk@gmail.com,795.923.1202x19150,Vilnius,Lithuania,Revolut,Talent Acquisition Specialist,linkedin.com/in/vasyl-oliynyk-367,2024-06-06
CAND-2161,Janos,Toth,janos.toth@gmail.com,(944)897-4700x0268,Vilnius,Lithuania,Personio,Senior Engineering Manager,linkedin.com/in/janos-toth-347,2024-04-21
CAND-2162,Tiberiu,Nagy,tiberiu.nagy@gmail.com,848-567-6497x9741,Hamburg,Germany,SumUp,Head of Compliance,linkedin.com/in/tiberiu-nagy-906,2024-01-14
CAND-2163,Ioana,Kovacs,ioana.kovacs2@gmail.com,,Riga,Latvia,Delivery Hero,Trust and Safety Lead,linkedin.com/in/ioana-kovacs-920,2024-11-09
CAND-2164,Kristina,Stankus,kristina.stankus@yahoo.com,(956)504-5006x3553,Kaunas,Lithuania,Cognizant,Legal Manager,,2024-09-12
CAND-2165,Andrei,Nagy,andrei.nagy@outlook.com,,Vilnius,Lithuania,EPAM Systems,Legal Manager,linkedin.com/in/andrei-nagy-110,2024-02-13
CAND-2166,Lukas,Hoffmann,lukas.hoffmann1@gmail.com,9963496927,Tallinn,Estonia,Telia,FP&A Manager,linkedin.com/in/lukas-hoffmann-960,2024-11-15
CAND-2167,Maciej,Wojcik,maciej.wojcik@protonmail.com,295-729-6353,Warsaw,Poland,,,,2024-10-17
CAND-2168,Tadas,Grigas,tadas.grigas@yahoo.com,001-470-925-5128,London,United Kingdom,Vinted,L&D Specialist,,2024-10-01
CAND-2169,Nikita,Kovacs,nikita.kovacs1@gmail.com,(836)743-1594x89895,Kaunas,Lithuania,Playtika,Financial Analyst,,2024-07-06
CAND-2170,Olivia,Thomas,olivia.thomas@outlook.com,366-834-5443x4414,Warsaw,Poland,LMT,Brand Manager,linkedin.com/in/olivia-thomas-326,2024-09-09
CAND-2171,Gintaras,Stankus,gintaras.stankus@gmail.com,001-999-639-3449,Riga,Latvia,Delivery Hero,Frontend Engineer,linkedin.com/in/gintaras-stankus-203,2024-07-02
CAND-2172,Laura,Kazlauskas,laura.kazlauskas@protonmail.com,494.564.0882,Kaunas,Lithuania,LMT,Data Engineer,linkedin.com/in/laura-kazlauskas-431,2024-03-15
CAND-2173,Bartosz,Lewandowski,bartosz.lewandowski@gmail.com,,Berlin,Germany,Pipedrive,Senior Operations Manager,linkedin.com/in/bartosz-lewandowski-610,2024-02-25
CAND-2174,Amy,Hughes,amy.hughes@protonmail.com,6953862973,Vilnius,Lithuania,Freelance,Senior Finance Manager,linkedin.com/in/amy-hughes-180,2024-06-09
CAND-2175,Piotr,Wisniewski,piotr.wisniewski1@gmail.com,321.909.7202,Riga,Latvia,King,Legal Manager,linkedin.com/in/piotr-wisniewski-964,2024-09-12
CAND-2176,Ella,Davies,ella.davies@gmail.com,001-407-454-8534x65579,Kyiv,Ukraine,EPAM Systems,Senior Finance Manager,linkedin.com/in/ella-davies-995,2025-04-26
CAND-2177,Simona,Urbonas,simona.urbonas@outlook.com,,Hamburg,Germany,Swedbank,HR Manager,,2024-05-14
CAND-2178,Aleksander,Petrov,aleksander.petrov@gmail.com,8303044964,Vilnius,Lithuania,Bolt,Customer Support Manager,linkedin.com/in/aleksander-petrov-234,2024-01-10
CAND-2179,Marius,Ionescu,marius.ionescu@gmail.com,(493)390-0251,Vilnius,Lithuania,Accenture,Senior TA Specialist,linkedin.com/in/marius-ionescu-530,2025-04-01
CAND-2180,Marcin,Dabrowska,marcin.dabrowska@gmail.com,775.765.8963,Kaunas,Lithuania,Barclays Technology,Security Engineer,linkedin.com/in/marcin-dabrowska-145,2024-03-21
CAND-2181,Petra,Ionescu,petra.ionescu3@gmail.com,+1-670-586-1993x1458,Tallinn,Estonia,DXC Technology,Senior Product Designer,linkedin.com/in/petra-ionescu-918,2025-02-04
CAND-2182,Alexander,Schulz,alexander.schulz@yahoo.com,556-663-1138x850,Gdansk,Poland,Cognizant,Trust and Safety Analyst,linkedin.com/in/alexander-schulz-530,2024-02-16
CAND-2183,Petra,Ivanov,petra.ivanov@outlook.com,,Krakow,Poland,Revolut,Senior HR Business Partner,linkedin.com/in/petra-ivanov-259,2025-05-14
CAND-2184,Jonas,Rimkus,jonas.rimkus@outlook.com,(936)622-0334,Vilnius,Lithuania,Delivery Hero,Senior Customer Support Specialist,linkedin.com/in/jonas-rimkus-328,2024-01-30
CAND-2185,Marius,Fedorov,marius.fedorov@outlook.com,,Krakow,Poland,Zynga,Operations Analyst,linkedin.com/in/marius-fedorov-390,2024-07-28
CAND-2186,Katarzyna,Zielinski,katarzyna.zielinski1@outlook.com,(846)831-0437,Vilnius,Lithuania,Telia,Senior TA Specialist,linkedin.com/in/katarzyna-zielinski-170,2024-12-11
CAND-2187,Sophie,Evans,sophie.evans@gmail.com,+1-200-485-2946,Vilnius,Lithuania,,,linkedin.com/in/sophie-evans-474,2025-02-15
CAND-2188,Lukas,Kairys,lukas.kairys@gmail.com,,Tallinn,Estonia,Delivery Hero,Junior Data Analyst,linkedin.com/in/lukas-kairys-641,2024-12-20
CAND-2189,Agnieszka,Wojcik,agnieszka.wojcik@outlook.com,+1-217-474-1743x0435,Berlin,Germany,Contentful,Senior Backend Engineer,linkedin.com/in/agnieszka-wojcik-804,2025-05-07
CAND-2190,Aiste,Paulauskas,aiste.paulauskas@gmail.com,885.802.2894,Berlin,Germany,Tesonet,Engineering Manager,linkedin.com/in/aiste-paulauskas-158,2024-05-21
CAND-2191,Mirela,Ivanov,mirela.ivanov1@gmail.com,227-452-3328x29302,Vilnius,Lithuania,CGI,Senior Financial Analyst,linkedin.com/in/mirela-ivanov-862,2024-02-07
CAND-2192,Lea,Hartmann,lea.hartmann@gmail.com,969-313-3030x33467,Berlin,Germany,Jam City,Senior Compliance Manager,linkedin.com/in/lea-hartmann-486,2024-04-09
CAND-2193,Lukasz,Wojcik,lukasz.wojcik@yahoo.com,001-716-575-0762x7995,London,United Kingdom,Playtika,Senior Mobile Engineer,linkedin.com/in/lukasz-wojcik-261,2024-11-10
CAND-2194,Oleksiy,Oliynyk,oleksiy.oliynyk@protonmail.com,,Warsaw,Poland,Bite,L&D Specialist,linkedin.com/in/oleksiy-oliynyk-496,2024-06-05
CAND-2195,Iryna,Kravchenko,iryna.kravchenko1@gmail.com,001-902-445-3012x3984,Riga,Latvia,Revolut,Analytics Engineer,,2025-02-17
CAND-2196,Edvinas,Petrauskas,edvinas.petrauskas@gmail.com,903.342.0284,Gdansk,Poland,King,Fraud Analyst,linkedin.com/in/edvinas-petrauskas-968,2024-04-14
CAND-2197,Saulius,Kairys,saulius.kairys@yahoo.com,001-701-272-2240,Riga,Latvia,Nord Security,Data Engineering Manager,linkedin.com/in/saulius-kairys-522,2025-02-16
CAND-2198,Ewelina,Nowak,ewelina.nowak@gmail.com,464.687.1775x461,Vilnius,Lithuania,TrueLayer,FP&A Manager,linkedin.com/in/ewelina-nowak-134,2025-01-25
CAND-2199,Charlie,Williams,charlie.williams@outlook.com,4657838727,Warsaw,Poland,Paddle,Financial Analyst,linkedin.com/in/charlie-williams-263,2024-09-22
CAND-2200,Stefan,Fischer,stefan.fischer@protonmail.com,412.525.9095x66844,Amsterdam,Netherlands,Contentful,Compliance Specialist,linkedin.com/in/stefan-fischer-175,2024-04-22
CAND-2201,Andrei,Petrov,andrei.petrov1@protonmail.com,933.279.1212x1101,Krakow,Poland,TransferGo,Finance Manager,linkedin.com/in/andrei-petrov-518,2024-01-07
CAND-2202,Pawel,Jankowski,pawel.jankowski@gmail.com,,Krakow,Poland,TransferGo,Product Lead,,2025-01-22
CAND-2203,Daria,Kovacs,daria.kovacs@protonmail.com,958.669.0170,Krakow,Poland,,,,2024-10-23
CAND-2204,Gintaras,Jankauskas,gintaras.jankauskas@gmail.com,001-403-792-5199x945,Kyiv,Ukraine,TrueLayer,UX Researcher,linkedin.com/in/gintaras-jankauskas-419,2024-01-10
CAND-2205,Mikhail,Toth,mikhail.toth@gmail.com,001-917-412-2276x4338,Vilnius,Lithuania,EA Games,DevOps Engineer,linkedin.com/in/mikhail-toth-469,2025-02-28
CAND-2206,Ruta,Zukauskas,ruta.zukauskas@outlook.com,(805)742-2162,London,United Kingdom,Barclays Technology,Senior Legal Counsel,linkedin.com/in/ruta-zukauskas-207,2024-09-25
CAND-2207,Andrew,Evans,andrew.evans1@gmail.com,+1-249-663-3083x34447,Vilnius,Lithuania,Tesonet,Senior Compliance Manager,linkedin.com/in/andrew-evans-909,2024-02-25
CAND-2208,Krzysztof,Wojcik,krzysztof.wojcik@outlook.com,887.789.9504x70205,Tallinn,Estonia,EA Games,Legal Counsel,linkedin.com/in/krzysztof-wojcik-209,2024-08-22
CAND-2209,Weronika,Kowalczyk,weronika.kowalczyk@gmail.com,895-837-7492,Tallinn,Estonia,EPAM Systems,Associate Product Manager,linkedin.com/in/weronika-kowalczyk-271,2025-03-12
CAND-2210,Harry,Jones,harry.jones@protonmail.com,+1-432-495-6342x7775,Vilnius,Lithuania,DXC Technology,HR Business Partner,linkedin.com/in/harry-jones-646,2025-02-19
CAND-2211,Viktor,Melnyk,viktor.melnyk@gmail.com,(492)206-1658x129,Kaunas,Lithuania,SEB,Accounts Assistant,linkedin.com/in/viktor-melnyk-633,2025-02-13
CAND-2212,Damian,Jankowski,damian.jankowski2@protonmail.com,+1-459-722-9411x5630,Riga,Latvia,EA Games,Senior Financial Analyst,linkedin.com/in/damian-jankowski-765,2024-09-09
CAND-2213,Mateusz,Szymanski,mateusz.szymanski@outlook.com,896-836-3726x29420,Vilnius,Lithuania,DXC Technology,Senior Performance Marketer,linkedin.com/in/mateusz-szymanski-417,2024-07-21
CAND-2214,Ella,Smith,ella.smith@outlook.com,554-598-0851,Vilnius,Lithuania,Bolt,Compliance Specialist,,2024-02-07
CAND-2215,Lukas,Mockus,lukas.mockus@gmail.com,001-413-480-0498x3211,Wroclaw,Poland,Atea,Customer Support Manager,linkedin.com/in/lukas-mockus-332,2024-08-25
CAND-2216,Neringa,Radzevicius,neringa.radzevicius@protonmail.com,421-854-8158,London,United Kingdom,CGI,Senior Operations Manager,linkedin.com/in/neringa-radzevicius-211,2025-05-06
CAND-2217,Harry,Lewis,harry.lewis@gmail.com,+1-368-776-4019,Hamburg,Germany,Vinted,Senior Financial Analyst,linkedin.com/in/harry-lewis-513,2024-12-22
CAND-2218,Jonas,Grigas,jonas.grigas1@protonmail.com,,Warsaw,Poland,LMT,Head of Marketing,,2024-06-07
CAND-2219,Agne,Gudas,agne.gudas1@protonmail.com,,Riga,Latvia,TrueLayer,HR Manager,,2024-06-06
CAND-2220,Petra,Kuznetsov,petra.kuznetsov1@outlook.com,988-906-4420x062,Warsaw,Poland,Pipedrive,Performance Marketing Manager,,2025-05-08
CAND-2221,Aleksander,Petrov,aleksander.petrov1@gmail.com,+1-887-435-8566x4641,Krakow,Poland,Nord Security,Senior Legal Manager,linkedin.com/in/aleksander-petrov-228,2024-05-01
CAND-2222,Andrei,Ivanov,andrei.ivanov1@gmail.com,342.519.2622,Riga,Latvia,Paddle,Head of Marketing,,2025-02-06
CAND-2223,Pawel,Kowalski,pawel.kowalski@gmail.com,,London,United Kingdom,Jam City,Senior Customer Support Specialist,,2024-08-24
CAND-2224,Yaroslav,Shevchenko,yaroslav.shevchenko@outlook.com,(504)310-4294,Lviv,Ukraine,Checkout.com,Talent Acquisition Specialist,linkedin.com/in/yaroslav-shevchenko-229,2024-02-26
CAND-2225,Karolina,Zielinski,karolina.zielinski1@gmail.com,678-391-1797x2699,London,United Kingdom,TransferGo,Mobile Engineer,linkedin.com/in/karolina-zielinski-525,2024-03-13
CAND-2226,Bence,Kovacs,bence.kovacs3@gmail.com,,Kyiv,Ukraine,Jam City,Product Manager,,2024-01-02
CAND-2227,Agne,Gudas,agne.gudas@yahoo.com,,London,United Kingdom,SEB,Engineering Manager,linkedin.com/in/agne-gudas-301,2024-08-11
CAND-2228,Gintaras,Kairys,gintaras.kairys@gmail.com,+1-428-231-8003x6660,Hamburg,Germany,LMT,Senior Performance Marketer,,2025-01-06
CAND-2229,Anastasia,Fedorov,anastasia.fedorov1@gmail.com,8055328538,Vilnius,Lithuania,TrueLayer,Senior Analytics Manager,linkedin.com/in/anastasia-fedorov-868,2024-03-24
CAND-2230,Natalia,Oliynyk,natalia.oliynyk@outlook.com,505-205-2438,Tallinn,Estonia,N26,DevOps Engineer,linkedin.com/in/natalia-oliynyk-219,2025-03-22
CAND-2231,Mykola,Kravchenko,mykola.kravchenko@protonmail.com,(882)469-2990x076,Vilnius,Lithuania,LMT,Talent Acquisition Specialist,linkedin.com/in/mykola-kravchenko-900,2024-03-10
CAND-2232,Katharina,Schneider,katharina.schneider@gmail.com,963.832.8389x633,Hamburg,Germany,Tesonet,HR Manager,linkedin.com/in/katharina-schneider-716,2024-09-03
CAND-2233,Adam,Mazur,adam.mazur1@gmail.com,,Warsaw,Poland,Miniclip,TA Manager,linkedin.com/in/adam-mazur-632,2024-10-12
CAND-2234,Andrew,Lewis,andrew.lewis@protonmail.com,001-618-351-8626x7136,London,United Kingdom,Checkout.com,Senior HR Business Partner,linkedin.com/in/andrew-lewis-901,2024-08-15
CAND-2235,Tomas,Kairys,tomas.kairys1@gmail.com,4133282339,Berlin,Germany,Pipedrive,Partner Operations Manager,linkedin.com/in/tomas-kairys-775,2024-02-27
CAND-2236,Grace,Clark,grace.clark1@gmail.com,,Krakow,Poland,Miniclip,Mobile Engineer,linkedin.com/in/grace-clark-804,2024-06-04
CAND-2237,Egle,Levinskas,egle.levinskas@outlook.com,+1-988-935-2791x87506,Kaunas,Lithuania,Swedbank,Senior HR Business Partner,linkedin.com/in/egle-levinskas-431,2025-06-04
CAND-2238,Inga,Butkus,inga.butkus@yahoo.com,(310)465-9208x8143,Tallinn,Estonia,EA Games,Senior Legal Counsel,,2024-07-19
CAND-2239,Volodymyr,Moroz,volodymyr.moroz@gmail.com,,Vilnius,Lithuania,Freelance,Analytics Engineer,linkedin.com/in/volodymyr-moroz-187,2024-03-16
CAND-2240,Egle,Daunoras,egle.daunoras@gmail.com,597.661.7815x969,Krakow,Poland,Tesonet,Fraud Analyst,,2024-04-16
CAND-2241,Mindaugas,Butkus,mindaugas.butkus1@gmail.com,(772)302-6656x862,Riga,Latvia,Checkout.com,Frontend Engineer,linkedin.com/in/mindaugas-butkus-620,2024-05-29
CAND-2242,Ivan,Boyko,ivan.boyko@yahoo.com,(457)734-9899,Berlin,Germany,Revolut,Product Designer,linkedin.com/in/ivan-boyko-634,2025-06-21
CAND-2243,Erikas,Levinskas,erikas.levinskas1@protonmail.com,939-446-0742x99074,Kaunas,Lithuania,Devbridge,Customer Support Specialist,linkedin.com/in/erikas-levinskas-106,2024-03-06
CAND-2244,Daryna,Tkachenko,daryna.tkachenko@gmail.com,001-296-969-4179x96708,Warsaw,Poland,Bolt,Senior HR Business Partner,linkedin.com/in/daryna-tkachenko-814,2025-03-16
CAND-2245,Thomas,Davies,thomas.davies@gmail.com,674-385-9946x4183,Kyiv,Ukraine,Accenture,Senior Customer Support Specialist,linkedin.com/in/thomas-davies-472,2024-03-23
CAND-2246,Mindaugas,Noreika,mindaugas.noreika@gmail.com,(673)247-8536x98816,Vilnius,Lithuania,Wise,Senior Growth Manager,linkedin.com/in/mindaugas-noreika-110,2025-04-07
CAND-2247,Mantas,Stonkus,mantas.stonkus@protonmail.com,245-409-2860x521,Warsaw,Poland,Zalando,Senior FP&A Analyst,linkedin.com/in/mantas-stonkus-567,2024-12-04
CAND-2248,Charlotte,Walker,charlotte.walker@yahoo.com,(627)606-6489x0082,Gdansk,Poland,Playtika,Senior Product Lead,linkedin.com/in/charlotte-walker-532,2025-03-12
CAND-2249,Svitlana,Lytovchenko,svitlana.lytovchenko@protonmail.com,(981)630-8898x305,Warsaw,Poland,Wargaming,FP&A Analyst,linkedin.com/in/svitlana-lytovchenko-119,2025-02-02
CAND-2250,Erikas,Kazlauskas,erikas.kazlauskas2@gmail.com,+1-488-939-9741x85630,Warsaw,Poland,CGI,Platform Engineer,linkedin.com/in/erikas-kazlauskas-601,2025-02-20
CAND-2251,Aiste,Butkus,aiste.butkus@yahoo.com,(700)503-0566x199,Vilnius,Lithuania,Nord Security,Lead UX Researcher,,2025-02-21
CAND-2252,Kateryna,Melnyk,kateryna.melnyk@protonmail.com,9566418493,Vilnius,Lithuania,CGI,Data Scientist,linkedin.com/in/kateryna-melnyk-350,2024-06-15
CAND-2253,Ruta,Stankus,ruta.stankus@yahoo.com,,Vilnius,Lithuania,LMT,Legal Manager,linkedin.com/in/ruta-stankus-377,2024-02-28
CAND-2254,Mirela,Smirnov,mirela.smirnov1@outlook.com,(379)508-7018x72600,Warsaw,Poland,Zalando,Customer Support Specialist,linkedin.com/in/mirela-smirnov-437,2024-06-11
CAND-2255,Liam,Evans,liam.evans@gmail.com,(951)603-4444x29906,London,United Kingdom,Paddle,Senior Data Engineer,linkedin.com/in/liam-evans-555,2024-10-09
CAND-2256,Mykola,Kovalenko,mykola.kovalenko@gmail.com,,Kaunas,Lithuania,Checkout.com,Security Engineer,linkedin.com/in/mykola-kovalenko-956,2025-03-18
CAND-2257,Neringa,Stonkus,neringa.stonkus1@gmail.com,+1-756-886-5240x62215,Hamburg,Germany,Danske Bank,Senior Operations Manager,linkedin.com/in/neringa-stonkus-473,2024-07-04
CAND-2258,Vaida,Radzevicius,vaida.radzevicius@outlook.com,625.962.2219x0533,Berlin,Germany,Zynga,Product Manager,,2024-08-16
CAND-2259,Rytis,Daunoras,rytis.daunoras@outlook.com,,Berlin,Germany,SumUp,Trust and Safety Lead,linkedin.com/in/rytis-daunoras-498,2024-01-01
CAND-2260,Tetyana,Shevchuk,tetyana.shevchuk@yahoo.com,7477476484,Wroclaw,Poland,Nord Security,Customer Support Lead,linkedin.com/in/tetyana-shevchuk-895,2024-07-29
CAND-2261,Egle,Petrauskas,egle.petrauskas@gmail.com,,Vilnius,Lithuania,LMT,Senior HR Business Partner,linkedin.com/in/egle-petrauskas-619,2025-06-12
CAND-2262,Olena,Boyko,olena.boyko@outlook.com,+1-939-365-2138x350,Hamburg,Germany,TransferGo,Growth Lead,linkedin.com/in/olena-boyko-980,2024-05-09
CAND-2263,Monika,Kozlowski,monika.kozlowski@outlook.com,,Hamburg,Germany,N26,Senior Performance Marketer,,2025-06-15
CAND-2264,Laura,Schulz,laura.schulz@gmail.com,(245)553-1290,Gdansk,Poland,Paddle,Senior HR Business Partner,linkedin.com/in/laura-schulz-885,2024-09-21
CAND-2265,Lucy,Evans,lucy.evans@protonmail.com,(522)711-7327x7264,London,United Kingdom,Ubisoft,Senior DevOps Engineer,linkedin.com/in/lucy-evans-701,2024-10-18
CAND-2266,Larysa,Tkachenko,larysa.tkachenko1@gmail.com,+1-455-785-2294,Hamburg,Germany,,,linkedin.com/in/larysa-tkachenko-919,2024-11-13
CAND-2267,Ruta,Daunoras,ruta.daunoras@outlook.com,(351)961-8575,Riga,Latvia,Telia,BI Analyst,linkedin.com/in/ruta-daunoras-337,2024-10-31
CAND-2268,Mia,Jones,mia.jones1@protonmail.com,305-608-0549,Wroclaw,Poland,SumUp,Brand Manager,linkedin.com/in/mia-jones-725,2025-06-12
CAND-2269,Joanna,Mazur,joanna.mazur@yahoo.com,674.347.3535x247,Berlin,Germany,Zynga,L&D Specialist,linkedin.com/in/joanna-mazur-874,2024-08-16
CAND-2270,Petra,Kuznetsov,petra.kuznetsov@gmail.com,215.794.9734x493,Krakow,Poland,Delivery Hero,Senior FP&A Analyst,,2024-08-03
CAND-2271,Jonas,Daunoras,jonas.daunoras@outlook.com,,Vilnius,Lithuania,Jam City,Growth Manager,linkedin.com/in/jonas-daunoras-102,2025-05-18
CAND-2272,Bohdan,Shevchenko,bohdan.shevchenko1@gmail.com,578.880.3318,London,United Kingdom,Barclays Technology,Operations Specialist,,2025-02-22
CAND-2273,Oksana,Shevchuk,oksana.shevchuk1@gmail.com,913-438-9260,Vilnius,Lithuania,Wise,Performance Marketing Manager,,2025-02-06
CAND-2274,Krzysztof,Lewandowski,krzysztof.lewandowski@protonmail.com,+1-615-827-8730,Warsaw,Poland,TransferGo,Senior Financial Analyst,linkedin.com/in/krzysztof-lewandowski-806,2024-02-24
CAND-2275,Kristina,Mockus,kristina.mockus@outlook.com,(751)552-1746,Warsaw,Poland,Miniclip,Operations Manager,,2024-11-17
CAND-2276,Anna,Wisniewski,anna.wisniewski1@gmail.com,637-880-1891x56734,Vilnius,Lithuania,SumUp,Product Designer,linkedin.com/in/anna-wisniewski-911,2025-01-04
CAND-2277,Larysa,Kovalchuk,larysa.kovalchuk1@gmail.com,,Vilnius,Lithuania,Ubisoft,Senior Marketing Manager,,2024-05-31
CAND-2278,Ewelina,Kowalski,ewelina.kowalski2@outlook.com,817.476.2969x1433,Kaunas,Lithuania,Swedbank,Senior Product Lead,,2024-08-30
CAND-2279,Lisa,Wagner,lisa.wagner@gmail.com,001-299-246-6450,Krakow,Poland,Atea,Senior Performance Marketer,linkedin.com/in/lisa-wagner-431,2024-12-14
CAND-2280,Serhiy,Bondarenko,serhiy.bondarenko@protonmail.com,208-598-5739,Vilnius,Lithuania,DXC Technology,Compliance Manager,,2024-08-09
CAND-2281,Vilius,Gudas,vilius.gudas@yahoo.com,+1-652-611-8968x44246,Vilnius,Lithuania,Luminor,Junior Frontend Engineer,linkedin.com/in/vilius-gudas-944,2024-09-07
CAND-2282,Bartosz,Zielinski,bartosz.zielinski1@yahoo.com,+1-797-495-7285x759,Wroclaw,Poland,Wise,Analytics Engineer,linkedin.com/in/bartosz-zielinski-445,2024-01-24
CAND-2283,Mateusz,Zielinski,mateusz.zielinski@protonmail.com,,Berlin,Germany,Bolt,Customer Support Lead,linkedin.com/in/mateusz-zielinski-312,2024-08-01
CAND-2284,Gabija,Ambrazas,gabija.ambrazas@yahoo.com,619.502.2179x78912,Vilnius,Lithuania,TransferGo,HR Business Partner,linkedin.com/in/gabija-ambrazas-298,2024-08-31
CAND-2285,Mia,Lewis,mia.lewis@protonmail.com,,Vilnius,Lithuania,Zynga,Senior Analytics Engineer,,2024-05-30
CAND-2286,Kristina,Kazlauskas,kristina.kazlauskas2@outlook.com,+1-697-517-0598x4451,Vilnius,Lithuania,Luminor,Engineering Manager,,2025-06-07
CAND-2287,Gintaras,Butkus,gintaras.butkus@outlook.com,,Warsaw,Poland,Miniclip,Fraud Analyst,,2024-05-28
CAND-2288,Arnas,Kairys,arnas.kairys1@protonmail.com,(772)886-8112x30388,Vilnius,Lithuania,Pipedrive,Senior Data Analyst,,2024-09-21
CAND-2289,Adam,Wisniewski,adam.wisniewski@protonmail.com,,Berlin,Germany,Wargaming,HR Manager,linkedin.com/in/adam-wisniewski-950,2024-09-28
CAND-2290,Katarzyna,Mazur,katarzyna.mazur@gmail.com,+1-611-793-9781,Berlin,Germany,Bite,Compliance Manager,linkedin.com/in/katarzyna-mazur-649,2024-09-24
CAND-2291,Gintaras,Ambrazas,gintaras.ambrazas@gmail.com,001-200-799-2177,Berlin,Germany,Vinted,Compensation and Benefits Analyst,,2024-06-05
CAND-2292,Taras,Kovalenko,taras.kovalenko@yahoo.com,928-266-9335x15880,Riga,Latvia,Tesonet,Senior HR Business Partner,,2025-01-21
CAND-2293,Tomas,Stankus,tomas.stankus@gmail.com,,Vilnius,Lithuania,TrueLayer,TA Coordinator,,2025-02-11
CAND-2294,Mykola,Melnyk,mykola.melnyk@protonmail.com,,Tallinn,Estonia,SEB,Finance Director,linkedin.com/in/mykola-melnyk-247,2025-04-22
CAND-2295,Dmytro,Shevchenko,dmytro.shevchenko@gmail.com,001-453-926-0119x39103,London,United Kingdom,Contentful,Senior Operations Specialist,linkedin.com/in/dmytro-shevchenko-508,2024-01-19
CAND-2296,Laura,Noreika,laura.noreika2@gmail.com,325-351-3609x0858,Vilnius,Lithuania,TransferGo,Compliance Specialist,linkedin.com/in/laura-noreika-205,2025-01-10
CAND-2297,Jonas,Petrauskas,jonas.petrauskas@outlook.com,,Vilnius,Lithuania,N26,Senior CRM Manager,linkedin.com/in/jonas-petrauskas-849,2025-03-29
CAND-2298,Andriy,Boyko,andriy.boyko@gmail.com,8453024373,London,United Kingdom,Accenture,UX Researcher,,2024-02-22
CAND-2299,Jonas,Becker,jonas.becker@yahoo.com,587-536-6271x35896,Vilnius,Lithuania,Wise,Frontend Engineer,linkedin.com/in/jonas-becker-395,2025-04-29
CAND-2300,Kristina,Butkus,kristina.butkus1@gmail.com,(939)500-5856x154,Lviv,Ukraine,Wise,Senior Compliance Manager,linkedin.com/in/kristina-butkus-571,2024-12-07
CAND-2301,Kateryna,Kravchenko,kateryna.kravchenko1@yahoo.com,,Lviv,Ukraine,EPAM Systems,Finance Manager,linkedin.com/in/kateryna-kravchenko-492,2024-09-21
CAND-2302,Florian,Schmidt,florian.schmidt@outlook.com,756-763-9792,Kaunas,Lithuania,Delivery Hero,Senior Compliance Manager,linkedin.com/in/florian-schmidt-292,2024-09-01
CAND-2303,Weronika,Jankowski,weronika.jankowski@gmail.com,,Kyiv,Ukraine,Swedbank,Senior Legal Counsel,,2025-01-20
CAND-2304,William,Davies,william.davies@gmail.com,516-943-6902,Vilnius,Lithuania,LMT,Senior Financial Analyst,,2025-06-17
CAND-2305,Viktorija,Mockus,viktorija.mockus1@gmail.com,627.402.8966x6053,Vilnius,Lithuania,Vinted,Head of Marketing,linkedin.com/in/viktorija-mockus-275,2024-10-17
CAND-2306,Lena,Weber,lena.weber@gmail.com,716.644.1610x19753,Krakow,Poland,Ubisoft,L&D Specialist,linkedin.com/in/lena-weber-349,2024-11-20
CAND-2307,Jonas,Paulauskas,jonas.paulauskas@gmail.com,(640)451-0388x02730,Gdansk,Poland,TrueLayer,Operations Manager,,2024-09-13
CAND-2308,Adam,Kaminski,adam.kaminski1@gmail.com,,Vilnius,Lithuania,Atea,Talent Acquisition Specialist,linkedin.com/in/adam-kaminski-774,2025-04-09
CAND-2309,David,Bauer,david.bauer@yahoo.com,563.762.8144x4718,Kyiv,Ukraine,Tesonet,Senior Analytics Engineer,linkedin.com/in/david-bauer-454,2025-05-22
CAND-2310,Tobias,Hartmann,tobias.hartmann@gmail.com,609.269.0676,Riga,Latvia,Ubisoft,Head of Legal,,2024-05-24
CAND-2311,Mirela,Smirnov,mirela.smirnov1@protonmail.com,001-622-788-4987,London,United Kingdom,Personio,Senior Legal Counsel,linkedin.com/in/mirela-smirnov-697,2024-09-10
CAND-2312,Kinga,Kuznetsov,kinga.kuznetsov3@gmail.com,001-851-335-8727x17430,Lviv,Ukraine,Wise,Product Manager,linkedin.com/in/kinga-kuznetsov-611,2024-12-10
CAND-2313,Tetyana,Marchenko,tetyana.marchenko1@gmail.com,364-903-4398,Hamburg,Germany,Telia,Senior Legal Manager,linkedin.com/in/tetyana-marchenko-615,2025-06-14
CAND-2314,Taras,Shevchuk,taras.shevchuk@outlook.com,,Warsaw,Poland,Personio,Fraud Analyst,,2024-03-11
CAND-2315,Matas,Radzevicius,matas.radzevicius@protonmail.com,,Kaunas,Lithuania,Wargaming,Senior Operations Manager,linkedin.com/in/matas-radzevicius-564,2024-12-06
CAND-2316,Tim,Weber,tim.weber@outlook.com,,Berlin,Germany,Playtika,Product Designer,,2025-06-24
CAND-2317,Edvinas,Ambrazas,edvinas.ambrazas@protonmail.com,,Kaunas,Lithuania,TransferGo,Director of Product,linkedin.com/in/edvinas-ambrazas-511,2024-05-19
CAND-2318,Sarah,Hartmann,sarah.hartmann@gmail.com,,Riga,Latvia,Playtika,L&D Specialist,linkedin.com/in/sarah-hartmann-987,2024-11-19
CAND-2319,Aleksander,Nagy,aleksander.nagy@protonmail.com,887.675.8333,Tallinn,Estonia,EPAM Systems,Performance Marketing Manager,,2024-06-29
CAND-2320,Grace,Walker,grace.walker@outlook.com,001-877-204-1309x09153,Kaunas,Lithuania,Freelance,Analytics Engineer,,2024-12-26
CAND-2321,Ewelina,Jankowski,ewelina.jankowski@gmail.com,(682)362-5420,Vilnius,Lithuania,Checkout.com,Senior Frontend Engineer,linkedin.com/in/ewelina-jankowski-599,2024-02-18
CAND-2322,Rafal,Kovacs,rafal.kovacs@gmail.com,+1-323-219-0577x2044,Berlin,Germany,Barclays Technology,L&D Specialist,linkedin.com/in/rafal-kovacs-825,2024-10-30
CAND-2323,Greta,Noreika,greta.noreika@protonmail.com,7795419324,Warsaw,Poland,Bolt,Senior Analytics Manager,linkedin.com/in/greta-noreika-142,2024-11-19
CAND-2324,Petra,Fedorov,petra.fedorov@protonmail.com,+1-410-697-9412,Kyiv,Ukraine,Wise,VP of Data,linkedin.com/in/petra-fedorov-136,2024-12-02
CAND-2325,Edvinas,Butkus,edvinas.butkus@yahoo.com,+1-870-598-7264,Amsterdam,Netherlands,LMT,Product Lead,linkedin.com/in/edvinas-butkus-263,2024-01-18
CAND-2326,Tadas,Kairys,tadas.kairys@outlook.com,,Vilnius,Lithuania,Bite,Senior Legal Counsel,linkedin.com/in/tadas-kairys-654,2024-12-12
CAND-2327,Erikas,Zukauskas,erikas.zukauskas@gmail.com,(225)617-4224,Vilnius,Lithuania,Barclays Technology,Senior Legal Counsel,,2025-03-24
CAND-2328,Elena,Petrov,elena.petrov@gmail.com,001-832-861-1890x034,Warsaw,Poland,N26,Senior FP&A Analyst,,2025-01-12
CAND-2329,Rafal,Wisniewski,rafal.wisniewski2@gmail.com,,Vilnius,Lithuania,Bite,Legal Manager,linkedin.com/in/rafal-wisniewski-438,2024-08-06
CAND-2330,Maciej,Wojcik,maciej.wojcik1@gmail.com,,Kyiv,Ukraine,N26,BI Analyst,,2025-04-03
CAND-2331,Andrei,Kovacs,andrei.kovacs@gmail.com,,Lviv,Ukraine,CGI,Fraud Analyst,linkedin.com/in/andrei-kovacs-843,2024-08-16
CAND-2332,Kinga,Popescu,kinga.popescu@gmail.com,963-407-0286,Kaunas,Lithuania,Paddle,Principal Product Manager,linkedin.com/in/kinga-popescu-984,2024-10-19
CAND-2333,Agnieszka,Wozniak,agnieszka.wozniak@outlook.com,,Lviv,Ukraine,CGI,Senior TA Specialist,,2024-10-12
CAND-2334,Yulia,Lytovchenko,yulia.lytovchenko@protonmail.com,4203095366,Kyiv,Ukraine,Delivery Hero,Senior Data Analyst,,2024-06-15
CAND-2335,Vaida,Noreika,vaida.noreika@outlook.com,,Kaunas,Lithuania,Wargaming,HR Manager,linkedin.com/in/vaida-noreika-368,2024-11-16
CAND-2336,Yulia,Shevchenko,yulia.shevchenko@outlook.com,001-953-968-9005,Berlin,Germany,Playtika,Senior Customer Support Specialist,linkedin.com/in/yulia-shevchenko-835,2024-02-18
CAND-2337,Inga,Paulauskas,inga.paulauskas@gmail.com,+1-950-501-7325x900,Berlin,Germany,Pipedrive,Talent Acquisition Specialist,linkedin.com/in/inga-paulauskas-534,2024-02-24
CAND-2338,Ewelina,Nowak,ewelina.nowak1@gmail.com,+1-871-230-7221x138,Vilnius,Lithuania,TransferGo,Operations Manager,linkedin.com/in/ewelina-nowak-957,2024-07-21
CAND-2339,Bartosz,Dabrowska,bartosz.dabrowska@protonmail.com,001-887-316-7221x0454,Vilnius,Lithuania,LMT,Chief Product Officer,linkedin.com/in/bartosz-dabrowska-541,2025-01-11
CAND-2340,Magdalena,Kowalczyk,magdalena.kowalczyk1@gmail.com,,Kaunas,Lithuania,CGI,Head of Operations,,2024-11-27
CAND-2341,Marius,Nagy,marius.nagy@yahoo.com,219.428.1707x4436,Vilnius,Lithuania,TransferGo,Senior FP&A Analyst,,2024-08-17
CAND-2342,Halyna,Kravchenko,halyna.kravchenko@gmail.com,244.422.5216,London,United Kingdom,Danske Bank,Data Engineering Manager,,2025-06-26
CAND-2343,Larysa,Marchenko,larysa.marchenko1@gmail.com,823-294-1209x44772,Warsaw,Poland,Bolt,BI Analyst,linkedin.com/in/larysa-marchenko-827,2024-10-29
CAND-2344,Marcin,Kowalski,marcin.kowalski@protonmail.com,826.355.1327,Tallinn,Estonia,Miniclip,Senior Financial Analyst,linkedin.com/in/marcin-kowalski-893,2024-05-24
CAND-2345,Filip,Dabrowska,filip.dabrowska@gmail.com,+1-379-848-0245x5985,Wroclaw,Poland,Revolut,FP&A Manager,linkedin.com/in/filip-dabrowska-819,2024-06-26
CAND-2346,Iryna,Tkachenko,iryna.tkachenko@protonmail.com,,Kyiv,Ukraine,Ubisoft,Management Accountant,linkedin.com/in/iryna-tkachenko-664,2024-02-09
CAND-2347,Karolina,Lewandowski,karolina.lewandowski@outlook.com,3214191589,Krakow,Poland,Vinted,DevOps Engineer,linkedin.com/in/karolina-lewandowski-358,2024-03-31
CAND-2348,Kristina,Stonkus,kristina.stonkus@gmail.com,(586)949-8647x86862,Vilnius,Lithuania,Paddle,Head of Product,linkedin.com/in/kristina-stonkus-409,2024-08-26
CAND-2349,Vaida,Grigas,vaida.grigas@gmail.com,(300)388-4474x0837,Tallinn,Estonia,Miniclip,Senior TA Specialist,linkedin.com/in/vaida-grigas-525,2024-03-30
CAND-2350,Matas,Paulauskas,matas.paulauskas@gmail.com,001-607-249-9216,Kyiv,Ukraine,Miniclip,Senior Product Lead,linkedin.com/in/matas-paulauskas-329,2024-02-10
CAND-2351,Neringa,Noreika,neringa.noreika1@gmail.com,7695836923,Krakow,Poland,Zynga,Staff Engineer,linkedin.com/in/neringa-noreika-171,2025-01-23
CAND-2352,Christian,Schneider,christian.schneider@gmail.com,884-786-4708x213,Krakow,Poland,Ubisoft,Senior Backend Engineer,linkedin.com/in/christian-schneider-296,2024-11-24
CAND-2353,Joanna,Wojcik,joanna.wojcik@gmail.com,762-720-2123x720,Vilnius,Lithuania,Telia,Senior TA Specialist,,2024-03-11
CAND-2354,Nikita,Kuznetsov,nikita.kuznetsov@yahoo.com,8335000088,Vilnius,Lithuania,Barclays Technology,Senior Compliance Manager,,2024-01-31
CAND-2355,Greta,Kazlauskas,greta.kazlauskas2@gmail.com,367-339-1900x8899,Riga,Latvia,EA Games,Fraud Analyst,linkedin.com/in/greta-kazlauskas-631,2025-05-01
CAND-2356,Matthew,Lewis,matthew.lewis1@outlook.com,916-500-9169x232,Kyiv,Ukraine,Tesonet,Trust and Safety Lead,linkedin.com/in/matthew-lewis-331,2024-03-18
CAND-2357,Jessica,Jones,jessica.jones@outlook.com,398.897.9060x854,Vilnius,Lithuania,DXC Technology,UX Researcher,,2024-02-26
CAND-2358,Ewelina,Szymanski,ewelina.szymanski@gmail.com,,Kyiv,Ukraine,Ubisoft,HR Manager,linkedin.com/in/ewelina-szymanski-508,2025-04-17
CAND-2359,Gintaras,Zukauskas,gintaras.zukauskas@yahoo.com,,Gdansk,Poland,Swedbank,Senior Marketing Manager,,2024-09-10
CAND-2360,Tomas,Grigas,tomas.grigas@gmail.com,846.330.0099x8433,Warsaw,Poland,Wargaming,Senior Backend Engineer,linkedin.com/in/tomas-grigas-149,2025-03-06
CAND-2361,Mindaugas,Gudas,mindaugas.gudas2@gmail.com,,Kaunas,Lithuania,Checkout.com,Senior Legal Counsel,linkedin.com/in/mindaugas-gudas-766,2024-06-24
CAND-2362,Tomas,Radzevicius,tomas.radzevicius@outlook.com,737-611-8151,Krakow,Poland,Accenture,Data Scientist,,2024-12-30
CAND-2363,Agnieszka,Kaminski,agnieszka.kaminski2@gmail.com,,Gdansk,Poland,Playtika,Senior Marketing Manager,,2024-08-28
CAND-2364,Agnieszka,Wozniak,agnieszka.wozniak@protonmail.com,582-694-2034x01535,Kaunas,Lithuania,Ubisoft,Performance Marketing Manager,linkedin.com/in/agnieszka-wozniak-133,2024-09-21
CAND-2365,Andreas,Meyer,andreas.meyer@yahoo.com,(860)975-6999x44946,Kaunas,Lithuania,Personio,Senior TA Specialist,linkedin.com/in/andreas-meyer-336,2025-05-17
CAND-2366,Thomas,Brown,thomas.brown@gmail.com,(301)408-2402,Kaunas,Lithuania,Revolut,Senior Legal Counsel,linkedin.com/in/thomas-brown-466,2025-06-09
CAND-2367,Marta,Kozlowski,marta.kozlowski1@gmail.com,(438)279-4026,Vilnius,Lithuania,Bite,Data Scientist,,2025-01-23
CAND-2368,Bence,Petrov,bence.petrov@gmail.com,458.517.4527x35364,Kaunas,Lithuania,Playtika,Senior Marketing Manager,linkedin.com/in/bence-petrov-722,2024-06-19
CAND-2369,Ewelina,Lewandowski,ewelina.lewandowski@gmail.com,(770)304-1291x828,Tallinn,Estonia,SEB,Operations Manager,,2025-05-27
CAND-2370,Vladislav,Toth,vladislav.toth1@outlook.com,+1-616-812-5590,Lviv,Ukraine,Playtika,CRM Manager,linkedin.com/in/vladislav-toth-422,2024-10-14
CAND-2371,Zsuzsanna,Petrov,zsuzsanna.petrov@outlook.com,800-879-2304,Warsaw,Poland,Wargaming,Product Designer,linkedin.com/in/zsuzsanna-petrov-240,2024-06-04
CAND-2372,Krzysztof,Wozniak,krzysztof.wozniak1@outlook.com,,Berlin,Germany,Personio,Senior Analytics Engineer,,2024-07-31
CAND-2373,Aleksandra,Lewandowski,aleksandra.lewandowski@protonmail.com,,Vilnius,Lithuania,EA Games,Customer Support Manager,linkedin.com/in/aleksandra-lewandowski-908,2024-07-17
CAND-2374,Viktorija,Ambrazas,viktorija.ambrazas@protonmail.com,,Kaunas,Lithuania,Checkout.com,Product Designer,,2024-09-22
CAND-2375,Elena,Toth,elena.toth@gmail.com,,Tallinn,Estonia,Paddle,Management Accountant,,2025-04-19
CAND-2376,Greta,Grigas,greta.grigas@yahoo.com,3012283827,London,United Kingdom,CGI,Product Manager,linkedin.com/in/greta-grigas-463,2024-09-18
CAND-2377,Aiste,Radzevicius,aiste.radzevicius@gmail.com,423-229-6151,Riga,Latvia,Cognizant,Operations Manager,linkedin.com/in/aiste-radzevicius-272,2025-05-27
CAND-2378,Vilius,Jankauskas,vilius.jankauskas@protonmail.com,,Vilnius,Lithuania,EPAM Systems,Senior Compliance Manager,linkedin.com/in/vilius-jankauskas-426,2024-07-07
CAND-2379,Aiste,Gudas,aiste.gudas@yahoo.com,+1-248-650-7665x3446,Vilnius,Lithuania,Personio,Legal Manager,linkedin.com/in/aiste-gudas-555,2024-01-14
CAND-2380,Marta,Wisniewski,marta.wisniewski@protonmail.com,+1-522-276-3460x1915,Warsaw,Poland,Freelance,Senior Customer Support Specialist,,2024-09-02
CAND-2381,Mindaugas,Noreika,mindaugas.noreika1@gmail.com,(973)847-2435x861,Wroclaw,Poland,Devbridge,Senior Data Engineer,linkedin.com/in/mindaugas-noreika-459,2024-06-02
CAND-2382,Ella,Thomas,ella.thomas@gmail.com,+1-922-251-2726,Berlin,Germany,Checkout.com,Compliance Manager,linkedin.com/in/ella-thomas-687,2024-05-07
CAND-2383,Leon,Wagner,leon.wagner1@gmail.com,966.665.6224x19768,Tallinn,Estonia,Cognizant,Senior Product Lead,linkedin.com/in/leon-wagner-233,2024-03-07
CAND-2384,Kinga,Popescu,kinga.popescu@protonmail.com,,Riga,Latvia,Personio,Head of Product,linkedin.com/in/kinga-popescu-690,2024-05-03
CAND-2385,Lukas,Rimkus,lukas.rimkus@outlook.com,+1-847-371-2903x500,Kaunas,Lithuania,Freelance,Head of Product,linkedin.com/in/lukas-rimkus-690,2025-04-13
CAND-2386,Lukasz,Mazur,lukasz.mazur@outlook.com,648.897.4223x54340,Kyiv,Ukraine,,,linkedin.com/in/lukasz-mazur-659,2024-12-10
CAND-2387,Tiberiu,Smirnov,tiberiu.smirnov2@gmail.com,001-768-621-2156x4952,Riga,Latvia,DXC Technology,Compliance Specialist,linkedin.com/in/tiberiu-smirnov-223,2024-05-30
CAND-2388,Michal,Wisniewski,michal.wisniewski@gmail.com,,London,United Kingdom,Paddle,Senior Frontend Engineer,,2025-02-19
CAND-2389,Anna,Kaminski,anna.kaminski@outlook.com,001-920-564-4111,Kaunas,Lithuania,Playtika,Data Scientist,,2024-07-27
CAND-2390,Bohdan,Boyko,bohdan.boyko@gmail.com,+1-581-682-7306,Kaunas,Lithuania,Swedbank,Head of Data,,2024-07-12
CAND-2391,Julia,Hartmann,julia.hartmann@protonmail.com,659.848.8218,Lviv,Ukraine,Bite,Engineering Manager,linkedin.com/in/julia-hartmann-162,2025-06-24
CAND-2392,Kateryna,Lytovchenko,kateryna.lytovchenko@protonmail.com,,Kyiv,Ukraine,EA Games,SEO Specialist,,2024-02-05
CAND-2393,Daryna,Bondarenko,daryna.bondarenko@gmail.com,+1-206-464-0511,Tallinn,Estonia,Telia,Compliance Manager,,2024-06-29
CAND-2394,Mykhailo,Oliynyk,mykhailo.oliynyk2@gmail.com,225-343-4123,Warsaw,Poland,CGI,Talent Acquisition Specialist,linkedin.com/in/mykhailo-oliynyk-504,2025-01-04
CAND-2395,Julian,Schulz,julian.schulz@gmail.com,001-860-249-8603x721,Krakow,Poland,DXC Technology,Senior Legal Counsel,,2024-02-11
CAND-2396,Matas,Stonkus,matas.stonkus@gmail.com,2323031978,Lviv,Ukraine,Swedbank,Performance Marketing Manager,,2025-02-02
CAND-2397,Lisa,Schneider,lisa.schneider@gmail.com,,Warsaw,Poland,Wargaming,CTO,,2024-09-21
CAND-2398,Thomas,Brown,thomas.brown1@gmail.com,340-903-4713,Berlin,Germany,Tesonet,Analytics Engineer,,2025-01-11
CAND-2399,Domantas,Grigas,domantas.grigas@protonmail.com,001-619-378-6016x2590,Lviv,Ukraine,Vinted,Operations Manager,linkedin.com/in/domantas-grigas-885,2025-02-21
CAND-2400,Andriy,Oliynyk,andriy.oliynyk@outlook.com,001-547-985-5011,Kharkiv,Ukraine,Adform,Data Scientist,linkedin.com/in/andriy-oliynyk-263,2025-06-16
CAND-2401,Edvinas,Grigas,edvinas.grigas@protonmail.com,935-482-1072x88780,Warsaw,Poland,EA Games,Performance Marketing Manager,,2025-04-27
CAND-2402,Grace,Clark,grace.clark2@gmail.com,001-979-403-7161x60881,London,United Kingdom,EPAM Systems,Data Scientist,,2024-02-04
CAND-2403,Gintaras,Gudas,gintaras.gudas1@gmail.com,(539)996-4771,Kyiv,Ukraine,TransferGo,Senior Performance Marketer,linkedin.com/in/gintaras-gudas-884,2024-03-25
CAND-2404,Inga,Mockus,inga.mockus@outlook.com,730-976-8102x48085,Vilnius,Lithuania,TrueLayer,Trust and Safety Lead,linkedin.com/in/inga-mockus-588,2025-03-07
CAND-2405,Oleksiy,Boyko,oleksiy.boyko@protonmail.com,200.824.4323x62216,Kaunas,Lithuania,Atea,Management Accountant,linkedin.com/in/oleksiy-boyko-476,2025-05-16
CAND-2406,Sarah,Becker,sarah.becker@yahoo.com,+1-368-857-4670x675,Kaunas,Lithuania,Playtika,Operations Specialist,linkedin.com/in/sarah-becker-561,2024-07-21
CAND-2407,Daryna,Shevchuk,daryna.shevchuk@gmail.com,+1-413-895-2150x164,Warsaw,Poland,Adform,Senior CRM Manager,linkedin.com/in/daryna-shevchuk-717,2025-04-12
CAND-2408,Mariya,Boyko,mariya.boyko@yahoo.com,,London,United Kingdom,Pipedrive,Customer Support Specialist,linkedin.com/in/mariya-boyko-622,2025-01-18
CAND-2409,Charlotte,Davies,charlotte.davies@gmail.com,,London,United Kingdom,Playtika,Analytics Engineer,linkedin.com/in/charlotte-davies-997,2025-06-20
CAND-2410,Anna,Zielinski,anna.zielinski@protonmail.com,607-403-3508,Kharkiv,Ukraine,DXC Technology,Senior TA Specialist,,2025-06-28
CAND-2411,Filip,Kozlowski,filip.kozlowski2@yahoo.com,531-298-3924x8481,Kyiv,Ukraine,N26,Customer Support Specialist,,2025-01-25
CAND-2412,Saulius,Radzevicius,saulius.radzevicius@outlook.com,2414691053,London,United Kingdom,Devbridge,Senior Performance Marketer,linkedin.com/in/saulius-radzevicius-718,2024-09-20
CAND-2413,Yulia,Kovalenko,yulia.kovalenko1@gmail.com,851-567-5864,Kaunas,Lithuania,Devbridge,L&D Specialist,linkedin.com/in/yulia-kovalenko-581,2024-02-29
CAND-2414,Oleksiy,Shevchenko,oleksiy.shevchenko@protonmail.com,,Vilnius,Lithuania,Tesonet,Head of Compliance,linkedin.com/in/oleksiy-shevchenko-326,2024-06-20
CAND-2415,Pawel,Wojcik,pawel.wojcik@protonmail.com,795.234.8110,Vilnius,Lithuania,Delivery Hero,Senior Finance Manager,linkedin.com/in/pawel-wojcik-318,2024-03-07
CAND-2416,Michal,Kaminski,michal.kaminski@gmail.com,847-364-2789,Vilnius,Lithuania,Paddle,HR Business Partner,,2024-07-31
CAND-2417,Petra,Kovacs,petra.kovacs@gmail.com,,Berlin,Germany,Paddle,Senior CRM Manager,linkedin.com/in/petra-kovacs-471,2024-10-13
CAND-2418,Tomas,Gudas,tomas.gudas@outlook.com,473-585-5128x17751,Kaunas,Lithuania,,,linkedin.com/in/tomas-gudas-753,2024-04-20
CAND-2419,Rokas,Levinskas,rokas.levinskas@protonmail.com,001-459-878-1554,Kaunas,Lithuania,Ubisoft,FP&A Analyst,,2024-08-27
CAND-2420,Olena,Lytovchenko,olena.lytovchenko@protonmail.com,+1-609-872-3602x4465,Berlin,Germany,Ubisoft,Senior DevOps Engineer,linkedin.com/in/olena-lytovchenko-189,2024-07-14
CAND-2421,Katarzyna,Kozlowski,katarzyna.kozlowski@outlook.com,001-977-320-5171x07308,Tallinn,Estonia,Checkout.com,Head of Marketing,linkedin.com/in/katarzyna-kozlowski-370,2024-12-29
CAND-2422,Simona,Gudas,simona.gudas@yahoo.com,(664)578-3703x175,Vilnius,Lithuania,Accenture,Backend Engineer,linkedin.com/in/simona-gudas-684,2025-02-03
CAND-2423,Greta,Mockus,greta.mockus@gmail.com,402.774.1485x72602,Amsterdam,Netherlands,Atea,Senior FP&A Analyst,linkedin.com/in/greta-mockus-214,2024-07-10
CAND-2424,Charlotte,Smith,charlotte.smith@gmail.com,868-862-7288x407,Vilnius,Lithuania,TrueLayer,Mobile Engineer,linkedin.com/in/charlotte-smith-397,2025-01-25
CAND-2425,Weronika,Jankowski,weronika.jankowski1@gmail.com,820-976-3271x353,Kaunas,Lithuania,Bite,Senior Financial Analyst,linkedin.com/in/weronika-jankowski-183,2025-03-12
CAND-2426,Rytis,Petrauskas,rytis.petrauskas1@gmail.com,(625)892-3868x79060,Riga,Latvia,Swedbank,Director of Operations,,2024-03-12
CAND-2427,Olena,Kovalenko,olena.kovalenko@gmail.com,001-732-205-5340,Krakow,Poland,N26,Performance Marketing Manager,,2025-03-01
CAND-2428,Julia,Schmidt,julia.schmidt1@gmail.com,+1-289-727-3961x59764,Warsaw,Poland,Wargaming,Mobile Engineer,,2025-05-08
CAND-2429,Monika,Kazlauskas,monika.kazlauskas@gmail.com,956.770.7897,Warsaw,Poland,Atea,Legal Counsel,,2024-02-26
CAND-2430,Ewelina,Nowak,ewelina.nowak@yahoo.com,(942)561-9038x422,Krakow,Poland,EA Games,Product Designer,linkedin.com/in/ewelina-nowak-841,2025-01-17
CAND-2431,Jonas,Radzevicius,jonas.radzevicius3@gmail.com,(927)732-0222x7111,Kyiv,Ukraine,EA Games,Growth Lead,linkedin.com/in/jonas-radzevicius-183,2025-05-28
CAND-2432,Marta,Szymanski,marta.szymanski1@gmail.com,+1-776-391-7162x0429,Tallinn,Estonia,Miniclip,Senior Data Engineer,,2025-01-09
CAND-2433,Monika,Ambrazas,monika.ambrazas1@gmail.com,248-569-8305x2169,Tallinn,Estonia,Delivery Hero,Data Engineer,linkedin.com/in/monika-ambrazas-461,2024-06-16
CAND-2434,Vladislav,Popescu,vladislav.popescu@protonmail.com,001-322-602-6980,Kharkiv,Ukraine,Delivery Hero,Senior Legal Manager,,2025-04-27
CAND-2435,Monika,Zielinski,monika.zielinski@gmail.com,(364)971-0680,Warsaw,Poland,Wargaming,HR Business Partner,linkedin.com/in/monika-zielinski-285,2025-02-28
CAND-2436,Grace,Smith,grace.smith1@protonmail.com,503.516.3705x004,Vilnius,Lithuania,SEB,Senior Operations Manager,linkedin.com/in/grace-smith-789,2024-04-05
CAND-2437,Vilius,Petrauskas,vilius.petrauskas@protonmail.com,(367)924-4693,Vilnius,Lithuania,TransferGo,Data Engineering Manager,,2024-08-14
CAND-2438,Saulius,Radzevicius,saulius.radzevicius@protonmail.com,(594)276-3808,Berlin,Germany,Adform,Senior Frontend Engineer,linkedin.com/in/saulius-radzevicius-909,2024-10-18
CAND-2439,Thomas,Thomas,thomas.thomas1@protonmail.com,001-565-540-2599x8519,London,United Kingdom,Nord Security,Senior Engineering Manager,linkedin.com/in/thomas-thomas-684,2025-02-18
CAND-2440,Vladislav,Ivanov,vladislav.ivanov3@gmail.com,(372)872-8129,Vilnius,Lithuania,Tesonet,Engineering Manager,linkedin.com/in/vladislav-ivanov-225,2025-02-18
CAND-2441,Grace,Clark,grace.clark@yahoo.com,,Warsaw,Poland,Luminor,Senior Engineering Manager,linkedin.com/in/grace-clark-611,2024-04-14
CAND-2442,Kristina,Mockus,kristina.mockus1@outlook.com,850.949.6026,Warsaw,Poland,Ubisoft,Operations Analyst,linkedin.com/in/kristina-mockus-796,2024-12-06
CAND-2443,Emily,Evans,emily.evans@gmail.com,(752)272-8453x9749,Berlin,Germany,CGI,Talent Acquisition Specialist,linkedin.com/in/emily-evans-752,2024-12-22
CAND-2444,Ivan,Shevchenko,ivan.shevchenko@yahoo.com,,Vilnius,Lithuania,Tesonet,Mobile Engineer,linkedin.com/in/ivan-shevchenko-980,2025-03-29
CAND-2445,Nikita,Kuznetsov,nikita.kuznetsov1@gmail.com,408.286.4067x560,Kyiv,Ukraine,Zynga,Senior Product Lead,linkedin.com/in/nikita-kuznetsov-198,2025-02-04
CAND-2446,Kinga,Nagy,kinga.nagy2@yahoo.com,,Kaunas,Lithuania,Cognizant,Senior FP&A Analyst,,2024-11-23
CAND-2447,Viktor,Boyko,viktor.boyko@outlook.com,+1-301-792-9022,Riga,Latvia,SEB,Product Designer,linkedin.com/in/viktor-boyko-887,2025-02-12
CAND-2448,Katarzyna,Kaminski,katarzyna.kaminski@yahoo.com,001-743-590-4489x09322,Riga,Latvia,Swedbank,Senior HR Business Partner,linkedin.com/in/katarzyna-kaminski-478,2025-01-22
CAND-2449,Lina,Rimkus,lina.rimkus@gmail.com,432.702.3510,Hamburg,Germany,DXC Technology,Data Engineer,linkedin.com/in/lina-rimkus-380,2024-07-02
CAND-2450,Rafal,Petrov,rafal.petrov1@gmail.com,+1-655-501-9354x5036,Warsaw,Poland,TrueLayer,Senior Financial Analyst,linkedin.com/in/rafal-petrov-210,2025-01-05
CAND-2451,Andrei,Popescu,andrei.popescu@protonmail.com,+1-233-232-4362x962,Kyiv,Ukraine,N26,Customer Support Specialist,linkedin.com/in/andrei-popescu-221,2025-06-11
CAND-2452,Inga,Stankus,inga.stankus@yahoo.com,,Tallinn,Estonia,Devbridge,Data Engineer,,2024-05-06
CAND-2453,Matas,Radzevicius,matas.radzevicius@gmail.com,,Hamburg,Germany,N26,Group Product Manager,,2024-03-17
CAND-2454,Rokas,Kairys,rokas.kairys@gmail.com,(998)731-2441x290,Hamburg,Germany,Zalando,Senior Legal Manager,linkedin.com/in/rokas-kairys-657,2024-06-03
CAND-2455,Leon,Schmidt,leon.schmidt@gmail.com,001-596-359-9920x12376,Krakow,Poland,N26,UX Researcher,,2025-06-13
CAND-2456,Tomas,Petrauskas,tomas.petrauskas1@protonmail.com,374.595.4210x6294,Vilnius,Lithuania,EPAM Systems,Director of Data and Analytics,,2025-06-15
CAND-2457,Charlotte,Walker,charlotte.walker@gmail.com,959.719.2267x131,Kaunas,Lithuania,Cognizant,Head of Compliance,,2025-03-03
CAND-2458,Agne,Gudas,agne.gudas2@protonmail.com,,Berlin,Germany,Jam City,BI Analyst,,2024-05-11
CAND-2459,Dmytro,Melnyk,dmytro.melnyk@outlook.com,,London,United Kingdom,Wise,Frontend Engineer,linkedin.com/in/dmytro-melnyk-474,2024-08-23
CAND-2460,Daryna,Oliynyk,daryna.oliynyk1@gmail.com,862.664.7528,Warsaw,Poland,Swedbank,Senior Compliance Manager,,2025-06-29
CAND-2461,Lina,Rimkus,lina.rimkus1@gmail.com,(412)609-6173x0099,Riga,Latvia,Bite,Product Lead,linkedin.com/in/lina-rimkus-583,2024-11-16
CAND-2462,Jolanta,Zukauskas,jolanta.zukauskas@yahoo.com,324-603-2115x35505,Vilnius,Lithuania,Danske Bank,Data Analyst,linkedin.com/in/jolanta-zukauskas-135,2025-05-07
CAND-2463,Anastasia,Kovacs,anastasia.kovacs2@gmail.com,921.991.4308,Tallinn,Estonia,TransferGo,Engineering Manager,linkedin.com/in/anastasia-kovacs-393,2024-12-30
CAND-2464,Egle,Rimkus,egle.rimkus@gmail.com,001-472-447-9254,Warsaw,Poland,Delivery Hero,Brand Manager,,2024-04-09
CAND-2465,Emma,Brown,emma.brown1@gmail.com,,Hamburg,Germany,EA Games,Compliance Specialist,,2025-04-23
CAND-2466,Mantas,Gudas,mantas.gudas@protonmail.com,488-234-5819,Warsaw,Poland,Zynga,Senior Compliance Manager,,2025-02-27
CAND-2467,Daryna,Shevchuk,daryna.shevchuk1@gmail.com,,Berlin,Germany,Swedbank,Head of Engineering,linkedin.com/in/daryna-shevchuk-686,2024-06-06
CAND-2468,Pawel,Zielinski,pawel.zielinski2@gmail.com,887-770-6769x3332,Berlin,Germany,Devbridge,Head of Engineering,linkedin.com/in/pawel-zielinski-264,2024-06-20
CAND-2469,Simona,Mockus,simona.mockus2@yahoo.com,859-602-5784,Amsterdam,Netherlands,Wargaming,Senior Financial Analyst,,2025-06-21
CAND-2470,Erikas,Rimkus,erikas.rimkus@outlook.com,4857858838,Amsterdam,Netherlands,SumUp,Senior Frontend Engineer,linkedin.com/in/erikas-rimkus-520,2024-12-27
CAND-2471,Pawel,Zielinski,pawel.zielinski@protonmail.com,001-467-726-2084x672,Amsterdam,Netherlands,Paddle,Data Engineer,,2024-05-10
CAND-2472,Jolanta,Kairys,jolanta.kairys@outlook.com,,Krakow,Poland,Cognizant,Finance Manager,linkedin.com/in/jolanta-kairys-825,2024-08-08
CAND-2473,Oleksiy,Tkachenko,oleksiy.tkachenko@protonmail.com,,Tallinn,Estonia,Telia,Senior Data Analyst,,2025-02-14
CAND-2474,David,Schulz,david.schulz@gmail.com,,Vilnius,Lithuania,Zalando,Senior FP&A Analyst,linkedin.com/in/david-schulz-448,2025-06-17
CAND-2475,Andrew,Thomas,andrew.thomas@gmail.com,235-351-9628x2225,Krakow,Poland,EPAM Systems,Talent Acquisition Specialist,,2024-07-04
CAND-2476,Kristina,Daunoras,kristina.daunoras@yahoo.com,+1-825-562-4728,Berlin,Germany,Playtika,Senior Financial Analyst,,2024-09-15
CAND-2477,Natalia,Lytovchenko,natalia.lytovchenko@outlook.com,001-342-601-2234,Krakow,Poland,Danske Bank,Senior Operations Specialist,linkedin.com/in/natalia-lytovchenko-737,2024-09-09
CAND-2478,Marta,Wojcik,marta.wojcik@outlook.com,001-492-990-0966,London,United Kingdom,CGI,Compliance Specialist,linkedin.com/in/marta-wojcik-632,2025-05-19
CAND-2479,Marcin,Lewandowski,marcin.lewandowski@yahoo.com,7268604509,Vilnius,Lithuania,EPAM Systems,Senior Product Manager,linkedin.com/in/marcin-lewandowski-325,2024-01-25
CAND-2480,Mirela,Nagy,mirela.nagy1@outlook.com,,Amsterdam,Netherlands,Zalando,Senior Growth Manager,linkedin.com/in/mirela-nagy-601,2025-02-19
CAND-2481,Ruta,Paulauskas,ruta.paulauskas@gmail.com,321.274.0039,Tallinn,Estonia,CGI,Senior Financial Analyst,linkedin.com/in/ruta-paulauskas-287,2024-07-22
CAND-2482,Kamil,Jankowski,kamil.jankowski1@gmail.com,001-919-333-5389x2224,Krakow,Poland,Wargaming,Associate Product Manager,linkedin.com/in/kamil-jankowski-493,2024-09-13
CAND-2483,Emily,Taylor,emily.taylor@protonmail.com,,Tallinn,Estonia,Ubisoft,Principal Product Manager,linkedin.com/in/emily-taylor-777,2024-01-28
CAND-2484,Weronika,Zielinski,weronika.zielinski1@outlook.com,493-960-0608,Kaunas,Lithuania,Wise,Senior DevOps Engineer,linkedin.com/in/weronika-zielinski-920,2024-07-04
CAND-2485,Thomas,Taylor,thomas.taylor@gmail.com,605.564.6160x7626,Vilnius,Lithuania,Barclays Technology,Senior TA Specialist,,2024-09-30
CAND-2486,Kinga,Ionescu,kinga.ionescu1@protonmail.com,,Tallinn,Estonia,Danske Bank,Legal Manager,,2025-05-15
CAND-2487,Adam,Kowalczyk,adam.kowalczyk@protonmail.com,001-885-300-9537x234,Riga,Latvia,LMT,Senior Legal Counsel,,2025-02-27
CAND-2488,Aiste,Kairys,aiste.kairys1@gmail.com,662.331.3361x094,Krakow,Poland,Checkout.com,HR Manager,,2025-06-20
CAND-2489,Agnieszka,Lewandowski,agnieszka.lewandowski@yahoo.com,(942)831-6544x13727,Gdansk,Poland,EA Games,Finance Manager,,2025-02-24
CAND-2490,Ruta,Butkus,ruta.butkus@outlook.com,857.360.6349x42904,Berlin,Germany,DXC Technology,TA Manager,linkedin.com/in/ruta-butkus-927,2024-09-27
CAND-2491,Katharina,Bauer,katharina.bauer@outlook.com,555.418.8701x7999,Warsaw,Poland,EA Games,Head of Finance,linkedin.com/in/katharina-bauer-962,2024-09-01
CAND-2492,Gintaras,Stankus,gintaras.stankus@protonmail.com,420-524-8374x4417,Tallinn,Estonia,SumUp,Engineering Manager,linkedin.com/in/gintaras-stankus-273,2024-01-06
CAND-2493,Mykhailo,Lytovchenko,mykhailo.lytovchenko1@yahoo.com,456-753-8694x790,Warsaw,Poland,N26,Financial Analyst,linkedin.com/in/mykhailo-lytovchenko-924,2024-12-23
CAND-2494,Ruta,Grigas,ruta.grigas@yahoo.com,585-836-2689x0472,Warsaw,Poland,Delivery Hero,Growth Lead,,2024-07-12
CAND-2495,Kristina,Ambrazas,kristina.ambrazas@yahoo.com,001-441-300-9538x5574,Lviv,Ukraine,TrueLayer,Senior Mobile Engineer,,2024-01-30
CAND-2496,Mateusz,Jankowski,mateusz.jankowski@gmail.com,(643)859-9009x3781,Vilnius,Lithuania,SEB,CRM Manager,,2024-11-17
CAND-2497,Agne,Ambrazas,agne.ambrazas1@gmail.com,6476614378,Amsterdam,Netherlands,Bite,L&D Specialist,,2025-04-23
CAND-2498,Tadas,Ambrazas,tadas.ambrazas@protonmail.com,870.666.1875,Vilnius,Lithuania,Adform,Compliance Specialist,linkedin.com/in/tadas-ambrazas-443,2024-05-30
CAND-2499,Lily,Roberts,lily.roberts@gmail.com,,Vilnius,Lithuania,Pipedrive,DevOps Engineer,linkedin.com/in/lily-roberts-594,2025-06-30
CAND-2500,Simona,Paulauskas,simona.paulauskas1@outlook.com,(272)263-6815x41858,Berlin,Germany,EA Games,Senior Compliance Manager,linkedin.com/in/simona-paulauskas-301,2024-08-29
CAND-2501,Mikhail,Kovacs,mikhail.kovacs@gmail.com,(777)229-1084,Warsaw,Poland,Freelance,Fraud Analyst,linkedin.com/in/mikhail-kovacs-315,2024-12-15
CAND-2502,Vaida,Butkus,vaida.butkus@outlook.com,001-278-560-4356x605,Kyiv,Ukraine,Playtika,TA Manager,linkedin.com/in/vaida-butkus-874,2025-04-26
CAND-2503,Jonas,Butkus,jonas.butkus1@yahoo.com,001-937-546-9833x067,Hamburg,Germany,Swedbank,Senior Product Lead,linkedin.com/in/jonas-butkus-603,2025-04-17
CAND-2504,Neringa,Paulauskas,neringa.paulauskas@protonmail.com,8679182226,Vilnius,Lithuania,Contentful,Senior Compliance Manager,linkedin.com/in/neringa-paulauskas-810,2025-06-01
CAND-2505,Noah,Jones,noah.jones@gmail.com,001-841-790-8788,Kyiv,Ukraine,Freelance,Customer Support Specialist,,2024-09-30
CAND-2506,Erikas,Kairys,erikas.kairys@gmail.com,,London,United Kingdom,EPAM Systems,Senior Compliance Manager,linkedin.com/in/erikas-kairys-300,2024-01-11
CAND-2507,Vaida,Daunoras,vaida.daunoras@gmail.com,885.590.6739,Amsterdam,Netherlands,,,linkedin.com/in/vaida-daunoras-794,2024-01-08
CAND-2508,Daria,Smirnov,daria.smirnov@gmail.com,428-498-7605x5049,Tallinn,Estonia,Zalando,Senior Product Lead,,2025-02-03
CAND-2509,Ethan,Jones,ethan.jones@outlook.com,970-248-6186,Berlin,Germany,Miniclip,Senior Finance Manager,,2024-11-19
CAND-2510,Elena,Toth,elena.toth1@gmail.com,,Vilnius,Lithuania,Jam City,Partner Operations Manager,linkedin.com/in/elena-toth-734,2024-02-25
CAND-2511,Domantas,Petrauskas,domantas.petrauskas@gmail.com,(463)320-1629x07399,Tallinn,Estonia,Miniclip,Talent Acquisition Specialist,linkedin.com/in/domantas-petrauskas-714,2024-06-18
CAND-2512,Marius,Ivanov,marius.ivanov@gmail.com,,Lviv,Ukraine,Playtika,Senior Legal Counsel,,2024-10-08
CAND-2513,Lily,Williams,lily.williams@protonmail.com,+1-998-227-1826x53371,Wroclaw,Poland,Playtika,UX Researcher,linkedin.com/in/lily-williams-320,2024-04-05
CAND-2514,Olena,Kovalenko,olena.kovalenko1@gmail.com,+1-464-294-2694,Vilnius,Lithuania,Checkout.com,Senior Analytics Engineer,,2024-05-09
CAND-2515,William,Robinson,william.robinson@gmail.com,,Vilnius,Lithuania,Contentful,Senior Engineering Manager,linkedin.com/in/william-robinson-394,2025-04-04
CAND-2516,Gabija,Grigas,gabija.grigas@yahoo.com,298.331.3549,Vilnius,Lithuania,TrueLayer,BI Analyst,linkedin.com/in/gabija-grigas-435,2024-08-30
CAND-2517,Mykhailo,Melnyk,mykhailo.melnyk1@yahoo.com,959-596-7069x2195,Vilnius,Lithuania,Zalando,Data Scientist,,2024-12-29
CAND-2518,Rafal,Nagy,rafal.nagy2@gmail.com,6545982438,Berlin,Germany,Luminor,Lead UX Researcher,linkedin.com/in/rafal-nagy-349,2024-02-24
CAND-2519,Marius,Fedorov,marius.fedorov@gmail.com,,Warsaw,Poland,Barclays Technology,Senior Compliance Manager,linkedin.com/in/marius-fedorov-825,2024-10-28
CAND-2520,Artem,Melnyk,artem.melnyk1@protonmail.com,,Kyiv,Ukraine,Barclays Technology,Data Scientist,linkedin.com/in/artem-melnyk-397,2024-02-12
CAND-2521,Erikas,Ambrazas,erikas.ambrazas@yahoo.com,,Kaunas,Lithuania,Atea,CRM Manager,linkedin.com/in/erikas-ambrazas-179,2024-03-04
CAND-2522,Mariya,Shevchenko,mariya.shevchenko@outlook.com,2218781678,Warsaw,Poland,Bite,Compliance Manager,linkedin.com/in/mariya-shevchenko-688,2024-07-03
CAND-2523,Marta,Wisniewski,marta.wisniewski1@gmail.com,+1-464-331-5890x1649,Vilnius,Lithuania,Devbridge,Senior Performance Marketer,linkedin.com/in/marta-wisniewski-117,2025-05-20
CAND-2524,Rytis,Urbonas,rytis.urbonas@yahoo.com,,Krakow,Poland,EPAM Systems,Senior TA Specialist,,2024-04-18
CAND-2525,Adam,Jankowski,adam.jankowski@outlook.com,203-570-1709x26407,Berlin,Germany,Tesonet,Operations Specialist,linkedin.com/in/adam-jankowski-130,2024-06-21
CAND-2526,George,Roberts,george.roberts1@protonmail.com,,Kaunas,Lithuania,TransferGo,Senior Analytics Manager,linkedin.com/in/george-roberts-795,2025-05-09
CAND-2527,Piotr,Kowalczyk,piotr.kowalczyk@gmail.com,,London,United Kingdom,Zalando,Management Accountant,,2024-02-27
CAND-2528,Monika,Wozniak,monika.wozniak@gmail.com,,Kaunas,Lithuania,Miniclip,Customer Support Manager,,2024-07-10
CAND-2529,Bence,Toth,bence.toth@gmail.com,4884081726,Lviv,Ukraine,,,linkedin.com/in/bence-toth-981,2025-02-28
CAND-2530,Filip,Jankowski,filip.jankowski@gmail.com,+1-768-424-4850x072,Riga,Latvia,EA Games,Product Designer,,2024-02-22
CAND-2531,Lukas,Urbonas,lukas.urbonas3@gmail.com,+1-374-411-6806x9196,Krakow,Poland,Revolut,Principal Product Manager,linkedin.com/in/lukas-urbonas-328,2025-02-04
CAND-2532,Larysa,Moroz,larysa.moroz1@protonmail.com,,Amsterdam,Netherlands,,,linkedin.com/in/larysa-moroz-136,2025-06-20
CAND-2533,Daryna,Shevchuk,daryna.shevchuk@yahoo.com,966.220.8082x0391,London,United Kingdom,Pipedrive,QA Engineer,linkedin.com/in/daryna-shevchuk-180,2024-04-05
CAND-2534,Greta,Petrauskas,greta.petrauskas@gmail.com,+1-726-934-4435x9624,Vilnius,Lithuania,Miniclip,Senior CRM Manager,linkedin.com/in/greta-petrauskas-322,2025-03-19
CAND-2535,Greta,Kazlauskas,greta.kazlauskas1@protonmail.com,5128042425,Warsaw,Poland,Paddle,Senior Legal Counsel,linkedin.com/in/greta-kazlauskas-729,2024-08-04
CAND-2536,Volodymyr,Shevchuk,volodymyr.shevchuk@gmail.com,,Kaunas,Lithuania,Bite,L&D Specialist,,2024-05-18
CAND-2537,Sophie,Schulz,sophie.schulz1@protonmail.com,+1-609-912-3753x028,Warsaw,Poland,Swedbank,L&D Specialist,linkedin.com/in/sophie-schulz-935,2025-02-26
CAND-2538,Katarzyna,Szymanski,katarzyna.szymanski@protonmail.com,(603)296-7024x3652,Kyiv,Ukraine,Revolut,Senior Compliance Manager,linkedin.com/in/katarzyna-szymanski-552,2024-12-01
CAND-2539,Daryna,Oliynyk,daryna.oliynyk@outlook.com,,Warsaw,Poland,Miniclip,Analytics Engineer,linkedin.com/in/daryna-oliynyk-413,2024-09-20
CAND-2540,Ewelina,Kaminski,ewelina.kaminski1@yahoo.com,(553)864-8187x540,Warsaw,Poland,Accenture,Customer Support Manager,linkedin.com/in/ewelina-kaminski-247,2024-07-19
CAND-2541,Andriy,Boyko,andriy.boyko@outlook.com,,Krakow,Poland,Wargaming,Compensation and Benefits Analyst,linkedin.com/in/andriy-boyko-783,2025-06-15
CAND-2542,Greta,Stonkus,greta.stonkus@yahoo.com,,Vilnius,Lithuania,,,,2024-05-19
CAND-2543,Agne,Butkus,agne.butkus@gmail.com,001-748-682-1597x738,Vilnius,Lithuania,DXC Technology,FP&A Analyst,linkedin.com/in/agne-butkus-165,2024-07-27
CAND-2544,Yulia,Lytovchenko,yulia.lytovchenko@yahoo.com,,Berlin,Germany,Contentful,Senior Engineering Manager,linkedin.com/in/yulia-lytovchenko-494,2024-11-29
CAND-2545,Stefan,Richter,stefan.richter@protonmail.com,,Lviv,Ukraine,LMT,Senior HR Business Partner,linkedin.com/in/stefan-richter-461,2024-12-11
CAND-2546,Egle,Grigas,egle.grigas@protonmail.com,001-866-623-2360x667,Tallinn,Estonia,Zynga,FP&A Analyst,,2024-06-18
CAND-2547,Michal,Kowalczyk,michal.kowalczyk@outlook.com,001-412-259-4972,Hamburg,Germany,SumUp,Junior BI Analyst,linkedin.com/in/michal-kowalczyk-801,2025-06-06
CAND-2548,Michal,Mazur,michal.mazur@gmail.com,829-886-2269x920,Warsaw,Poland,Pipedrive,Lead UX Researcher,linkedin.com/in/michal-mazur-773,2024-01-23
CAND-2549,Liam,Jones,liam.jones@gmail.com,(417)599-6235x6999,Amsterdam,Netherlands,Paddle,Customer Support Specialist,linkedin.com/in/liam-jones-292,2024-07-09
CAND-2550,Ioana,Smirnov,ioana.smirnov@outlook.com,958.476.8877,Kharkiv,Ukraine,Wise,Legal Manager,,2024-05-11
CAND-2551,Inga,Zukauskas,inga.zukauskas1@gmail.com,,Kyiv,Ukraine,Barclays Technology,Group Product Manager,linkedin.com/in/inga-zukauskas-472,2024-06-03
CAND-2552,Gintaras,Urbonas,gintaras.urbonas@outlook.com,,Tallinn,Estonia,Devbridge,HR Business Partner,linkedin.com/in/gintaras-urbonas-235,2025-04-29
CAND-2553,Vilius,Paulauskas,vilius.paulauskas1@gmail.com,,Vilnius,Lithuania,Barclays Technology,Marketing Coordinator,linkedin.com/in/vilius-paulauskas-590,2025-01-10
CAND-2554,Lukas,Kazlauskas,lukas.kazlauskas@yahoo.com,,Hamburg,Germany,Adform,Principal Product Manager,linkedin.com/in/lukas-kazlauskas-922,2024-07-24
CAND-2555,Oscar,Brown,oscar.brown@gmail.com,(560)341-3482x084,Warsaw,Poland,Miniclip,Senior Data Engineer,,2024-07-02
CAND-2556,Damian,Mazur,damian.mazur1@gmail.com,639-683-9122x60001,Vilnius,Lithuania,Pipedrive,Head of Talent Acquisition,linkedin.com/in/damian-mazur-528,2024-05-29
CAND-2557,Rytis,Stonkus,rytis.stonkus@outlook.com,6763291430,Vilnius,Lithuania,Vinted,Senior Performance Marketer,,2024-05-27
CAND-2558,Jakub,Kowalski,jakub.kowalski@gmail.com,,Amsterdam,Netherlands,Telia,Legal Counsel,linkedin.com/in/jakub-kowalski-177,2024-03-13
CAND-2559,Bence,Ionescu,bence.ionescu@outlook.com,441.903.8975,London,United Kingdom,Zalando,Director of Data and Analytics,,2024-07-11
CAND-2560,Artem,Bondarenko,artem.bondarenko2@gmail.com,(409)498-6564,Kaunas,Lithuania,TrueLayer,Senior FP&A Analyst,,2025-03-04
CAND-2561,Paulina,Kaminski,paulina.kaminski@gmail.com,905-892-0823x5309,Amsterdam,Netherlands,TrueLayer,Growth Analyst,linkedin.com/in/paulina-kaminski-799,2024-09-28
CAND-2562,Monika,Dabrowska,monika.dabrowska@protonmail.com,(491)294-8962x98056,Vilnius,Lithuania,Playtika,Data Scientist,linkedin.com/in/monika-dabrowska-893,2024-03-07
CAND-2563,Mateusz,Jankowski,mateusz.jankowski1@gmail.com,375-830-7966,Tallinn,Estonia,Zalando,FP&A Analyst,,2024-08-17
CAND-2564,Nikita,Popescu,nikita.popescu2@gmail.com,001-957-624-0434,Kyiv,Ukraine,EPAM Systems,Senior Growth Manager,linkedin.com/in/nikita-popescu-939,2024-10-15
CAND-2565,Laura,Levinskas,laura.levinskas@outlook.com,,Vilnius,Lithuania,Freelance,Analytics Engineer,linkedin.com/in/laura-levinskas-864,2024-10-03
CAND-2566,Kamil,Lewandowski,kamil.lewandowski@protonmail.com,825-331-3795,Tallinn,Estonia,Paddle,Senior Marketing Manager,linkedin.com/in/kamil-lewandowski-757,2025-01-18
CAND-2567,Damian,Kaminski,damian.kaminski@outlook.com,7072773217,Kaunas,Lithuania,Nord Security,Head of Legal,,2024-09-01
CAND-2568,Ruta,Urbonas,ruta.urbonas@protonmail.com,361.592.0259,Riga,Latvia,Pipedrive,Senior HR Business Partner,linkedin.com/in/ruta-urbonas-766,2024-03-16
CAND-2569,Damian,Kowalczyk,damian.kowalczyk@protonmail.com,273.637.0342x44474,Berlin,Germany,SumUp,Accounts Assistant,,2024-10-30
CAND-2570,Daria,Ivanov,daria.ivanov@yahoo.com,760.378.6235x1076,Amsterdam,Netherlands,LMT,Senior DevOps Engineer,,2024-01-07
CAND-2571,Mykhailo,Kovalenko,mykhailo.kovalenko@outlook.com,001-391-670-8517x32895,Tallinn,Estonia,Telia,Senior Data Engineer,linkedin.com/in/mykhailo-kovalenko-694,2024-06-12
CAND-2572,Magdalena,Dabrowska,magdalena.dabrowska1@outlook.com,,Riga,Latvia,Bolt,Senior Product Manager,,2024-01-28
CAND-2573,Oksana,Petrov,oksana.petrov1@gmail.com,(763)340-9185x805,Vilnius,Lithuania,Personio,Engineering Manager,linkedin.com/in/oksana-petrov-150,2024-02-20
CAND-2574,Petra,Nagy,petra.nagy@yahoo.com,001-215-974-4965x3916,Wroclaw,Poland,,,linkedin.com/in/petra-nagy-636,2025-04-17
CAND-2575,Paulina,Jankowski,paulina.jankowski1@gmail.com,600.240.9304x5418,London,United Kingdom,LMT,Senior Data Engineer,,2024-04-12
CAND-2576,Tadas,Rimkus,tadas.rimkus@outlook.com,001-239-582-2180x39662,Berlin,Germany,Zalando,Senior Operations Manager,linkedin.com/in/tadas-rimkus-917,2024-04-24
CAND-2577,Daria,Popescu,daria.popescu1@gmail.com,,Hamburg,Germany,TransferGo,Performance Marketing Manager,,2025-04-15
CAND-2578,Lily,Hughes,lily.hughes@yahoo.com,458.786.4078x80265,Vilnius,Lithuania,DXC Technology,Operations Analyst,,2025-06-21
CAND-2579,Filip,Wozniak,filip.wozniak@gmail.com,864-469-3335,Kyiv,Ukraine,DXC Technology,Senior Compliance Manager,,2024-10-15
CAND-2580,Monika,Mazur,monika.mazur@yahoo.com,,London,United Kingdom,CGI,Financial Analyst,linkedin.com/in/monika-mazur-718,2025-04-25
CAND-2581,Jack,Walker,jack.walker1@gmail.com,,Tallinn,Estonia,Vinted,TA Manager,linkedin.com/in/jack-walker-226,2024-06-01
CAND-2582,Weronika,Nowak,weronika.nowak@yahoo.com,203.897.4408,Krakow,Poland,Zalando,Growth Manager,linkedin.com/in/weronika-nowak-178,2024-09-08
CAND-2583,Harry,Smith,harry.smith@gmail.com,308.698.7092x0199,Krakow,Poland,Barclays Technology,Senior Legal Counsel,linkedin.com/in/harry-smith-439,2024-07-01
CAND-2584,Bartosz,Kaminski,bartosz.kaminski@protonmail.com,711.632.6611,Krakow,Poland,DXC Technology,Senior Financial Analyst,linkedin.com/in/bartosz-kaminski-671,2024-06-10
CAND-2585,Weronika,Wojcik,weronika.wojcik@gmail.com,+1-358-305-2632,Vilnius,Lithuania,N26,Data Engineering Manager,linkedin.com/in/weronika-wojcik-184,2025-03-27
CAND-2586,Tetyana,Kovalenko,tetyana.kovalenko1@gmail.com,+1-260-947-2205x397,Warsaw,Poland,Bite,Operations Manager,linkedin.com/in/tetyana-kovalenko-593,2025-05-21
CAND-2587,Jana,Schmidt,jana.schmidt@outlook.com,645.844.7082x3171,Vilnius,Lithuania,Adform,Management Accountant,linkedin.com/in/jana-schmidt-458,2024-09-10
CAND-2588,Natalia,Lytovchenko,natalia.lytovchenko@gmail.com,001-819-495-3946x7662,Vilnius,Lithuania,EA Games,Senior Analytics Manager,linkedin.com/in/natalia-lytovchenko-733,2024-10-05
CAND-2589,Iryna,Kovalchuk,iryna.kovalchuk1@yahoo.com,859.360.5302,Kaunas,Lithuania,Freelance,Head of Operations,,2024-09-19
CAND-2590,Aiste,Noreika,aiste.noreika@outlook.com,,Riga,Latvia,Wargaming,Fraud Analyst,linkedin.com/in/aiste-noreika-378,2024-08-21
CAND-2591,Ella,Taylor,ella.taylor@gmail.com,,Vilnius,Lithuania,Bolt,DevOps Engineer,,2025-04-30
CAND-2592,Gintaras,Radzevicius,gintaras.radzevicius@gmail.com,001-884-202-5787x0368,Gdansk,Poland,Nord Security,Principal Product Manager,linkedin.com/in/gintaras-radzevicius-737,2024-04-26
CAND-2593,Edvinas,Urbonas,edvinas.urbonas@outlook.com,,Warsaw,Poland,TrueLayer,Finance Manager,linkedin.com/in/edvinas-urbonas-432,2025-05-26
CAND-2594,Erikas,Urbonas,erikas.urbonas@outlook.com,306-830-6636x05028,Vilnius,Lithuania,Luminor,Finance Manager,linkedin.com/in/erikas-urbonas-409,2024-12-08
CAND-2595,Andrei,Popescu,andrei.popescu4@gmail.com,,Riga,Latvia,CGI,Finance Manager,linkedin.com/in/andrei-popescu-355,2024-10-18
CAND-2596,Viktorija,Daunoras,viktorija.daunoras@gmail.com,409-289-1039x091,Warsaw,Poland,SEB,Senior HR Manager,,2024-09-22
CAND-2597,Mateusz,Zielinski,mateusz.zielinski@gmail.com,,Warsaw,Poland,Ubisoft,UX Researcher,,2025-01-01
CAND-2598,Matas,Jankauskas,matas.jankauskas2@gmail.com,001-730-925-2094x5237,Kyiv,Ukraine,Wise,Senior Engineering Manager,linkedin.com/in/matas-jankauskas-209,2025-05-14
CAND-2599,Mateusz,Kaminski,mateusz.kaminski@gmail.com,001-895-231-9260x098,London,United Kingdom,Pipedrive,Operations Specialist,linkedin.com/in/mateusz-kaminski-301,2025-03-21
CAND-2600,Anna,Wisniewski,anna.wisniewski@yahoo.com,(475)274-5449,Wroclaw,Poland,Bolt,Customer Support Manager,linkedin.com/in/anna-wisniewski-549,2024-04-11
CAND-2601,Lea,Schneider,lea.schneider@yahoo.com,348-894-4538x11808,Warsaw,Poland,EPAM Systems,Data Analyst,linkedin.com/in/lea-schneider-205,2024-10-16
CAND-2602,Laura,Kairys,laura.kairys@gmail.com,(758)434-4566x229,Warsaw,Poland,Pipedrive,Growth Lead,linkedin.com/in/laura-kairys-506,2024-07-13
CAND-2603,Andriy,Kovalchuk,andriy.kovalchuk@gmail.com,579-870-5660,Hamburg,Germany,Revolut,Mobile Engineer,,2024-06-04
CAND-2604,Neringa,Rimkus,neringa.rimkus@outlook.com,662-948-6070,Berlin,Germany,TrueLayer,L&D Specialist,linkedin.com/in/neringa-rimkus-807,2024-05-30
CAND-2605,Weronika,Nowak,weronika.nowak1@gmail.com,+1-326-760-2351x5850,Berlin,Germany,,,linkedin.com/in/weronika-nowak-721,2024-04-14
CAND-2606,Vladislav,Fedorov,vladislav.fedorov3@gmail.com,,Gdansk,Poland,Zalando,Senior Data Analyst,,2024-04-10
CAND-2607,Agne,Gudas,agne.gudas1@gmail.com,701.873.1671,Riga,Latvia,Checkout.com,Senior Analytics Manager,linkedin.com/in/agne-gudas-656,2024-09-13
CAND-2608,Daria,Nagy,daria.nagy1@protonmail.com,,Wroclaw,Poland,Swedbank,Director of Data and Analytics,,2024-09-05
CAND-2609,Andrei,Ivanov,andrei.ivanov2@gmail.com,,Gdansk,Poland,SumUp,Analytics Engineer,linkedin.com/in/andrei-ivanov-140,2025-04-03
CAND-2610,Bartosz,Kaminski,bartosz.kaminski1@protonmail.com,6586790522,Kharkiv,Ukraine,,,linkedin.com/in/bartosz-kaminski-869,2025-05-20
CAND-2611,Kateryna,Lytovchenko,kateryna.lytovchenko@outlook.com,,Warsaw,Poland,Checkout.com,Senior Legal Counsel,linkedin.com/in/kateryna-lytovchenko-559,2024-12-12
CAND-2612,Mantas,Kazlauskas,mantas.kazlauskas@gmail.com,,London,United Kingdom,Danske Bank,Associate Product Manager,,2024-05-28
CAND-2613,Matas,Urbonas,matas.urbonas1@gmail.com,233-895-4794,Kaunas,Lithuania,Bolt,Senior HR Business Partner,linkedin.com/in/matas-urbonas-597,2025-03-20
CAND-2614,Grace,Lewis,grace.lewis@gmail.com,353-815-7905x719,Warsaw,Poland,Wise,Senior Growth Manager,,2024-06-22
CAND-2615,Jessica,Clark,jessica.clark@outlook.com,(946)693-6561x83359,Lviv,Ukraine,Jam City,Analytics Manager,linkedin.com/in/jessica-clark-536,2025-06-12
CAND-2616,Ruta,Mockus,ruta.mockus@gmail.com,+1-387-668-0570x2377,Warsaw,Poland,LMT,Brand Manager,linkedin.com/in/ruta-mockus-692,2024-08-28
CAND-2617,Vilius,Radzevicius,vilius.radzevicius@yahoo.com,801.992.2095,Vilnius,Lithuania,Zalando,Fraud Analyst,,2024-12-20
CAND-2618,Tomas,Grigas,tomas.grigas@outlook.com,833.629.7323,London,United Kingdom,Paddle,Senior FP&A Analyst,linkedin.com/in/tomas-grigas-454,2025-04-12
CAND-2619,Rafal,Wisniewski,rafal.wisniewski3@gmail.com,402-682-5326x769,Wroclaw,Poland,Accenture,Operations Analyst,linkedin.com/in/rafal-wisniewski-857,2025-01-02
CAND-2620,Saulius,Radzevicius,saulius.radzevicius1@gmail.com,(477)239-2385,Vilnius,Lithuania,Zalando,Security Engineer,linkedin.com/in/saulius-radzevicius-401,2024-04-08
CAND-2621,Artem,Kravchenko,artem.kravchenko@gmail.com,,London,United Kingdom,Nord Security,Senior DevOps Engineer,linkedin.com/in/artem-kravchenko-209,2024-08-23
CAND-2622,Petra,Toth,petra.toth@outlook.com,,Kyiv,Ukraine,Wargaming,Senior Operations Specialist,linkedin.com/in/petra-toth-343,2025-05-23
CAND-2623,Daria,Toth,daria.toth2@gmail.com,(832)509-1401,Amsterdam,Netherlands,DXC Technology,Senior Legal Manager,,2024-07-22
CAND-2624,Daria,Toth,daria.toth1@protonmail.com,,Vilnius,Lithuania,TrueLayer,Senior Product Designer,linkedin.com/in/daria-toth-981,2024-11-10
CAND-2625,Claudia,Bauer,claudia.bauer@gmail.com,,Gdansk,Poland,TransferGo,Senior Product Lead,,2025-03-09
CAND-2626,Jolanta,Jankauskas,jolanta.jankauskas@gmail.com,328.444.2347,Amsterdam,Netherlands,Delivery Hero,VP of Marketing,,2025-07-01
CAND-2627,Mykola,Kovalenko,mykola.kovalenko@outlook.com,+1-907-755-1545x260,Warsaw,Poland,EA Games,Senior Financial Analyst,linkedin.com/in/mykola-kovalenko-933,2025-06-29
CAND-2628,Kristina,Ambrazas,kristina.ambrazas@gmail.com,(599)491-3831x00643,Kaunas,Lithuania,Pipedrive,Senior Engineering Manager,linkedin.com/in/kristina-ambrazas-256,2024-11-07
CAND-2629,Lukas,Daunoras,lukas.daunoras1@gmail.com,(562)327-7773,Warsaw,Poland,Telia,Principal Product Manager,linkedin.com/in/lukas-daunoras-756,2024-07-15
CAND-2630,Rokas,Kazlauskas,rokas.kazlauskas@gmail.com,(580)866-4707x03850,Gdansk,Poland,Personio,Senior CRM Manager,linkedin.com/in/rokas-kazlauskas-318,2024-07-28
CAND-2631,Mateusz,Zielinski,mateusz.zielinski1@gmail.com,6593529842,Vilnius,Lithuania,Playtika,Finance Manager,linkedin.com/in/mateusz-zielinski-744,2024-10-26
CAND-2632,Rytis,Urbonas,rytis.urbonas@gmail.com,,Berlin,Germany,EPAM Systems,Junior BI Analyst,,2024-05-30
CAND-2633,Alexander,Hoffmann,alexander.hoffmann@gmail.com,001-407-840-2740x6758,Amsterdam,Netherlands,LMT,Senior Analytics Engineer,linkedin.com/in/alexander-hoffmann-899,2024-03-19
CAND-2634,Jana,Klein,jana.klein@yahoo.com,,Krakow,Poland,Paddle,Senior Compliance Manager,,2025-01-14
CAND-2635,Tiberiu,Smirnov,tiberiu.smirnov@protonmail.com,562.759.0620x036,Kyiv,Ukraine,Zynga,Senior Product Designer,linkedin.com/in/tiberiu-smirnov-758,2024-06-13
CAND-2636,Kristina,Petrauskas,kristina.petrauskas@gmail.com,+1-564-361-4974x5979,Krakow,Poland,Accenture,Senior Operations Specialist,,2024-03-27
CAND-2637,Halyna,Bondarenko,halyna.bondarenko@gmail.com,239.797.9849x14986,Krakow,Poland,Playtika,Head of Compliance,,2024-02-11
CAND-2638,Monika,Urbonas,monika.urbonas@outlook.com,,Berlin,Germany,Miniclip,Senior Marketing Manager,,2024-11-29
CAND-2639,Matas,Petrauskas,matas.petrauskas@gmail.com,,Riga,Latvia,Zynga,Marketing Manager,linkedin.com/in/matas-petrauskas-790,2024-11-19
CAND-2640,Kristina,Kairys,kristina.kairys@gmail.com,,Hamburg,Germany,Wargaming,Director of Data and Analytics,,2024-03-17
CAND-2641,William,Hughes,william.hughes@gmail.com,604-893-2664x32239,London,United Kingdom,Atea,Senior Operations Specialist,,2024-08-12
CAND-2642,Felix,Becker,felix.becker@yahoo.com,721-628-9811,London,United Kingdom,LMT,Legal Manager,linkedin.com/in/felix-becker-847,2024-05-18
CAND-2643,Elena,Popescu,elena.popescu@outlook.com,,London,United Kingdom,Wargaming,Accounts Assistant,linkedin.com/in/elena-popescu-169,2024-05-07
CAND-2644,Oliver,Lewis,oliver.lewis@outlook.com,+1-853-440-0127,Berlin,Germany,Wargaming,Financial Analyst,,2024-11-14
CAND-2645,Dmytro,Shevchuk,dmytro.shevchuk@outlook.com,(739)884-7422,Warsaw,Poland,Telia,Analytics Manager,,2025-05-24
CAND-2646,Vilius,Grigas,vilius.grigas@gmail.com,001-978-271-8882x237,Vilnius,Lithuania,TransferGo,Senior Legal Counsel,linkedin.com/in/vilius-grigas-260,2024-11-30
CAND-2647,Lukasz,Dabrowska,lukasz.dabrowska1@gmail.com,684-916-8061x34956,Kyiv,Ukraine,LMT,SEO Specialist,linkedin.com/in/lukasz-dabrowska-891,2025-06-26
CAND-2648,Svitlana,Boyko,svitlana.boyko@gmail.com,001-899-584-6058x6794,Riga,Latvia,Vinted,Senior Growth Manager,linkedin.com/in/svitlana-boyko-333,2025-06-09
CAND-2649,Kinga,Fedorov,kinga.fedorov@yahoo.com,,Berlin,Germany,EA Games,Data Engineer,linkedin.com/in/kinga-fedorov-122,2024-10-16
CAND-2650,Nikita,Popescu,nikita.popescu3@gmail.com,+1-483-809-7236x10809,Kyiv,Ukraine,Devbridge,Growth Manager,,2024-12-31
CAND-2651,Anna,Schulz,anna.schulz1@gmail.com,766-920-1655,Kaunas,Lithuania,Pipedrive,Legal Counsel,linkedin.com/in/anna-schulz-877,2025-04-16
CAND-2652,Agne,Urbonas,agne.urbonas@outlook.com,,Berlin,Germany,Playtika,Operations Specialist,linkedin.com/in/agne-urbonas-996,2024-06-07
CAND-2653,Rytis,Mockus,rytis.mockus1@gmail.com,+1-486-645-7865x55751,Vilnius,Lithuania,Playtika,Junior Data Analyst,linkedin.com/in/rytis-mockus-353,2025-02-15
CAND-2654,Viktor,Kovalenko,viktor.kovalenko@gmail.com,,Vilnius,Lithuania,EPAM Systems,FP&A Analyst,,2025-03-24
CAND-2655,Nicole,Koch,nicole.koch@gmail.com,,Krakow,Poland,,,linkedin.com/in/nicole-koch-893,2025-03-10
CAND-2656,Monika,Stankus,monika.stankus@protonmail.com,,Krakow,Poland,Miniclip,Financial Analyst,linkedin.com/in/monika-stankus-818,2024-03-28
CAND-2657,Tetyana,Kravchenko,tetyana.kravchenko1@gmail.com,464.600.0687x5868,Kyiv,Ukraine,Accenture,Senior Data Engineer,,2025-01-12
CAND-2658,Mindaugas,Petrauskas,mindaugas.petrauskas@gmail.com,,Vilnius,Lithuania,Atea,Senior Operations Specialist,linkedin.com/in/mindaugas-petrauskas-810,2024-07-30
CAND-2659,Zsuzsanna,Nagy,zsuzsanna.nagy@yahoo.com,+1-605-316-6545x12244,Warsaw,Poland,DXC Technology,Operations Analyst,,2025-06-04
CAND-2660,Gabija,Gudas,gabija.gudas@gmail.com,001-289-597-4023x38686,Kyiv,Ukraine,Devbridge,BI Analyst,,2025-04-29
CAND-2661,Lukasz,Jankowski,lukasz.jankowski@gmail.com,570-817-0363x09442,Warsaw,Poland,EA Games,Growth Analyst,linkedin.com/in/lukasz-jankowski-154,2024-02-19
CAND-2662,Bartosz,Zielinski,bartosz.zielinski1@gmail.com,2206508983,Vilnius,Lithuania,,,linkedin.com/in/bartosz-zielinski-925,2025-01-08
CAND-2663,Mia,Brown,mia.brown@yahoo.com,001-913-449-0961x9797,Tallinn,Estonia,Devbridge,People Operations Coordinator,linkedin.com/in/mia-brown-122,2024-09-17
CAND-2664,Saulius,Mockus,saulius.mockus@gmail.com,252-684-1356x948,Tallinn,Estonia,King,Product Lead,linkedin.com/in/saulius-mockus-729,2024-08-15
CAND-2665,Laura,Daunoras,laura.daunoras@gmail.com,607-235-6748x09573,Vilnius,Lithuania,Adform,Customer Support Lead,,2024-10-30
CAND-2666,Ruta,Gudas,ruta.gudas@gmail.com,398-702-6029x44203,Tallinn,Estonia,N26,Management Accountant,linkedin.com/in/ruta-gudas-643,2024-09-21
CAND-2667,Kinga,Kuznetsov,kinga.kuznetsov@yahoo.com,392.958.4907x34203,London,United Kingdom,Contentful,Compensation and Benefits Analyst,linkedin.com/in/kinga-kuznetsov-370,2025-02-28
CAND-2668,Florian,Hoffmann,florian.hoffmann1@protonmail.com,+1-877-648-6759x51418,Kaunas,Lithuania,Miniclip,Operations Manager,linkedin.com/in/florian-hoffmann-842,2024-07-16
CAND-2669,Claudia,Weber,claudia.weber@protonmail.com,+1-382-830-8829x58684,Tallinn,Estonia,Tesonet,Legal Manager,linkedin.com/in/claudia-weber-248,2024-10-13
CAND-2670,Janos,Toth,janos.toth@outlook.com,,Hamburg,Germany,Cognizant,Compensation and Benefits Analyst,,2024-10-04
CAND-2671,Sophie,Muller,sophie.muller@gmail.com,(633)426-0586,Kaunas,Lithuania,,,linkedin.com/in/sophie-muller-182,2024-06-16
CAND-2672,Dmytro,Melnyk,dmytro.melnyk@gmail.com,467.548.3173x066,Wroclaw,Poland,Adform,Junior BI Analyst,linkedin.com/in/dmytro-melnyk-446,2024-12-31
CAND-2673,Agne,Daunoras,agne.daunoras@outlook.com,+1-715-618-1788x24265,Riga,Latvia,Wise,Senior Performance Marketer,linkedin.com/in/agne-daunoras-322,2024-08-22
CAND-2674,Jessica,Lewis,jessica.lewis1@gmail.com,(998)290-6232x72371,Krakow,Poland,Delivery Hero,HR Manager,linkedin.com/in/jessica-lewis-452,2024-05-02
CAND-2675,Tomas,Grigas,tomas.grigas1@outlook.com,,Vilnius,Lithuania,Zalando,Finance Director,,2025-01-26
CAND-2676,Zsuzsanna,Toth,zsuzsanna.toth@outlook.com,(623)979-0065,Hamburg,Germany,Cognizant,Growth Manager,linkedin.com/in/zsuzsanna-toth-104,2024-07-18
CAND-2677,Tomas,Radzevicius,tomas.radzevicius@gmail.com,9848779541,Tallinn,Estonia,N26,Senior Legal Counsel,linkedin.com/in/tomas-radzevicius-233,2025-05-02
CAND-2678,Mirela,Ionescu,mirela.ionescu@protonmail.com,955.339.8188x9073,Warsaw,Poland,Revolut,Compliance Manager,linkedin.com/in/mirela-ionescu-949,2024-01-28
CAND-2679,Artem,Kovalenko,artem.kovalenko@gmail.com,(891)457-9089x458,Berlin,Germany,Wise,Staff Engineer,linkedin.com/in/artem-kovalenko-992,2024-06-09
CAND-2680,Janos,Kovacs,janos.kovacs3@gmail.com,(283)984-8876x3802,Tallinn,Estonia,Freelance,Customer Support Lead,linkedin.com/in/janos-kovacs-314,2024-03-18
CAND-2681,Ella,Walker,ella.walker@yahoo.com,(312)439-6121x9051,Berlin,Germany,Atea,Principal Product Manager,,2024-01-31
CAND-2682,Dovydas,Noreika,dovydas.noreika2@gmail.com,,Amsterdam,Netherlands,Zynga,Senior Finance Manager,linkedin.com/in/dovydas-noreika-273,2024-10-13
CAND-2683,Tomas,Petrauskas,tomas.petrauskas@outlook.com,001-288-861-8207,Krakow,Poland,DXC Technology,Fraud Analyst,linkedin.com/in/tomas-petrauskas-799,2024-12-12
CAND-2684,Rafal,Fedorov,rafal.fedorov1@gmail.com,(490)810-7923x7298,Vilnius,Lithuania,Miniclip,Legal Counsel,linkedin.com/in/rafal-fedorov-736,2024-10-25
CAND-2685,Julian,Schulz,julian.schulz@outlook.com,,Vilnius,Lithuania,TransferGo,Finance Manager,linkedin.com/in/julian-schulz-912,2024-08-19
CAND-2686,Tobias,Klein,tobias.klein1@gmail.com,+1-993-234-8649,London,United Kingdom,Swedbank,Analytics Engineer,linkedin.com/in/tobias-klein-298,2024-10-29
CAND-2687,Bohdan,Tkachenko,bohdan.tkachenko2@gmail.com,850.567.5789,Amsterdam,Netherlands,SEB,Senior Legal Counsel,linkedin.com/in/bohdan-tkachenko-795,2025-03-05
CAND-2688,Halyna,Kravchenko,halyna.kravchenko2@yahoo.com,455.570.7731,Warsaw,Poland,Bolt,UX Researcher,,2025-03-23
CAND-2689,Rafal,Kowalczyk,rafal.kowalczyk@gmail.com,455-350-5705,Tallinn,Estonia,Freelance,Senior Compliance Manager,linkedin.com/in/rafal-kowalczyk-584,2024-02-23
CAND-2690,Domantas,Paulauskas,domantas.paulauskas@outlook.com,579.393.8444x04588,Kaunas,Lithuania,,,linkedin.com/in/domantas-paulauskas-250,2024-09-21
CAND-2691,Ioana,Popescu,ioana.popescu3@gmail.com,741-247-0123,Warsaw,Poland,Cognizant,Growth Manager,,2025-04-02
CAND-2692,Karolina,Zielinski,karolina.zielinski@protonmail.com,,Vilnius,Lithuania,Vinted,Senior CRM Manager,linkedin.com/in/karolina-zielinski-313,2024-12-16
CAND-2693,Charlie,Evans,charlie.evans@outlook.com,,Lviv,Ukraine,Tesonet,Growth Analyst,linkedin.com/in/charlie-evans-618,2024-12-23
CAND-2694,Harry,Williams,harry.williams1@protonmail.com,368.271.5689,Kaunas,Lithuania,SEB,People Operations Coordinator,,2024-12-07
CAND-2695,Oksana,Petrov,oksana.petrov@protonmail.com,001-677-697-8023,London,United Kingdom,Delivery Hero,Mobile Engineer,linkedin.com/in/oksana-petrov-351,2025-02-19
CAND-2696,Adam,Zielinski,adam.zielinski@protonmail.com,,Warsaw,Poland,Zynga,Senior Legal Manager,,2024-01-29
CAND-2697,Hannah,Muller,hannah.muller@gmail.com,(868)644-6794x036,Wroclaw,Poland,Nord Security,Finance Manager,,2024-02-02
CAND-2698,Anastasia,Smirnov,anastasia.smirnov1@gmail.com,,Warsaw,Poland,SEB,Compliance Specialist,linkedin.com/in/anastasia-smirnov-819,2025-04-14
CAND-2699,Monika,Szymanski,monika.szymanski1@protonmail.com,9165329573,Warsaw,Poland,Wargaming,Partner Operations Manager,,2025-03-23
CAND-2700,Katarzyna,Jankowski,katarzyna.jankowski@yahoo.com,959-575-7292,Warsaw,Poland,Personio,Data Scientist,,2024-03-06
CAND-2701,Lina,Butkus,lina.butkus@outlook.com,786-783-0291,Warsaw,Poland,Ubisoft,Data Engineer,linkedin.com/in/lina-butkus-830,2024-08-12
CAND-2702,Larysa,Shevchuk,larysa.shevchuk@gmail.com,001-742-633-2416x518,Krakow,Poland,Playtika,Senior Backend Engineer,linkedin.com/in/larysa-shevchuk-241,2024-01-07
CAND-2703,Dovydas,Mockus,dovydas.mockus2@gmail.com,+1-639-866-0734,Wroclaw,Poland,Cognizant,Lead UX Researcher,linkedin.com/in/dovydas-mockus-575,2025-01-23
CAND-2704,Rafal,Wozniak,rafal.wozniak1@yahoo.com,,Krakow,Poland,Nord Security,Senior TA Specialist,linkedin.com/in/rafal-wozniak-768,2025-02-14
CAND-2705,Magdalena,Szymanski,magdalena.szymanski@outlook.com,,Riga,Latvia,Telia,L&D Specialist,linkedin.com/in/magdalena-szymanski-503,2024-02-17
CAND-2706,Taras,Boyko,taras.boyko@protonmail.com,,Amsterdam,Netherlands,Adform,L&D Specialist,,2024-03-13
CAND-2707,Maciej,Wozniak,maciej.wozniak@gmail.com,346.821.5958x4174,Berlin,Germany,Tesonet,Senior Compliance Manager,linkedin.com/in/maciej-wozniak-105,2025-03-17
CAND-2708,Vaida,Petrauskas,vaida.petrauskas@outlook.com,,Vilnius,Lithuania,Checkout.com,Legal Manager,linkedin.com/in/vaida-petrauskas-542,2024-10-09
CAND-2709,Rokas,Stonkus,rokas.stonkus2@gmail.com,370-850-2218,Gdansk,Poland,Zalando,Backend Engineer,linkedin.com/in/rokas-stonkus-156,2024-07-17
CAND-2710,Kristina,Levinskas,kristina.levinskas@gmail.com,,Vilnius,Lithuania,TransferGo,Senior FP&A Analyst,linkedin.com/in/kristina-levinskas-613,2025-06-28
CAND-2711,Monika,Lewandowski,monika.lewandowski1@gmail.com,001-881-241-3447,Kaunas,Lithuania,Ubisoft,HR Business Partner,linkedin.com/in/monika-lewandowski-521,2025-04-13
CAND-2712,Bence,Toth,bence.toth1@gmail.com,001-894-683-7740x292,Berlin,Germany,Ubisoft,Senior Performance Marketer,,2024-04-01
CAND-2713,Stefan,Wagner,stefan.wagner@yahoo.com,+1-533-802-6509x96218,Amsterdam,Netherlands,,,,2024-12-29
CAND-2714,Hannah,Richter,hannah.richter1@gmail.com,(877)519-6666x1025,Tallinn,Estonia,Tesonet,Senior Operations Manager,,2024-05-05
CAND-2715,Natalia,Marchenko,natalia.marchenko@protonmail.com,320-522-2349x980,Warsaw,Poland,Telia,Senior FP&A Analyst,,2024-06-21
CAND-2716,Oleh,Boyko,oleh.boyko@yahoo.com,001-376-783-6759x0177,Kaunas,Lithuania,Danske Bank,Principal Product Manager,linkedin.com/in/oleh-boyko-592,2024-02-19
CAND-2717,Agne,Grigas,agne.grigas@gmail.com,(444)561-4409,Vilnius,Lithuania,Miniclip,Operations Manager,,2024-07-11
CAND-2718,Oksana,Melnyk,oksana.melnyk1@gmail.com,451.874.6564,Amsterdam,Netherlands,Danske Bank,Lead UX Researcher,,2025-01-26
CAND-2719,Gintaras,Ambrazas,gintaras.ambrazas@protonmail.com,3187637263,Vilnius,Lithuania,Swedbank,Operations Specialist,linkedin.com/in/gintaras-ambrazas-341,2024-08-05
CAND-2720,Bence,Nagy,bence.nagy1@gmail.com,001-669-255-9227x7641,Vilnius,Lithuania,Adform,Senior Customer Support Specialist,,2024-01-15
CAND-2721,Simona,Stankus,simona.stankus@yahoo.com,,Riga,Latvia,Bolt,Finance Manager,linkedin.com/in/simona-stankus-389,2025-06-25
CAND-2722,Vaida,Petrauskas,vaida.petrauskas1@outlook.com,5386502551,Vilnius,Lithuania,Zynga,Marketing Manager,,2025-06-11
CAND-2723,Gabija,Kazlauskas,gabija.kazlauskas@gmail.com,001-944-586-7228x83904,Vilnius,Lithuania,Zalando,UX Researcher,linkedin.com/in/gabija-kazlauskas-595,2024-04-08
CAND-2724,Tobias,Bauer,tobias.bauer@protonmail.com,614.554.6157,Wroclaw,Poland,DXC Technology,Legal Manager,linkedin.com/in/tobias-bauer-463,2024-12-17
CAND-2725,Erikas,Stonkus,erikas.stonkus@outlook.com,(951)714-9788,Wroclaw,Poland,CGI,Senior Customer Support Specialist,linkedin.com/in/erikas-stonkus-199,2024-07-03
CAND-2726,Mikhail,Ivanov,mikhail.ivanov1@protonmail.com,512.904.0954,Vilnius,Lithuania,Ubisoft,Senior Data Engineer,linkedin.com/in/mikhail-ivanov-152,2024-05-22
CAND-2727,Mikhail,Toth,mikhail.toth1@gmail.com,,Warsaw,Poland,Contentful,Senior DevOps Engineer,linkedin.com/in/mikhail-toth-858,2024-12-04
CAND-2728,Larysa,Oliynyk,larysa.oliynyk@outlook.com,966.518.3085x8001,London,United Kingdom,Ubisoft,Senior Product Lead,linkedin.com/in/larysa-oliynyk-214,2024-04-22
CAND-2729,Edvinas,Radzevicius,edvinas.radzevicius@protonmail.com,,Warsaw,Poland,,,,2024-10-21
CAND-2730,Ethan,Jones,ethan.jones1@outlook.com,,Vilnius,Lithuania,Wise,Engineering Manager,,2024-11-29
CAND-2731,Artem,Tkachenko,artem.tkachenko@gmail.com,543-891-5114,Warsaw,Poland,Delivery Hero,L&D Specialist,linkedin.com/in/artem-tkachenko-264,2025-03-04
CAND-2732,Andriy,Lytovchenko,andriy.lytovchenko@protonmail.com,886.721.0781x8710,Vilnius,Lithuania,Jam City,Analytics Engineer,linkedin.com/in/andriy-lytovchenko-612,2024-09-01
CAND-2733,Mateusz,Mazur,mateusz.mazur@protonmail.com,(342)757-0680x26933,Hamburg,Germany,Bite,Customer Support Lead,linkedin.com/in/mateusz-mazur-323,2024-07-11
CAND-2734,Oleksiy,Kovalenko,oleksiy.kovalenko@gmail.com,823-706-0023x028,Hamburg,Germany,,,linkedin.com/in/oleksiy-kovalenko-749,2024-05-23
CAND-2735,Natalia,Dabrowska,natalia.dabrowska@outlook.com,,Hamburg,Germany,Devbridge,Compensation and Benefits Analyst,linkedin.com/in/natalia-dabrowska-269,2024-11-12
CAND-2736,Oksana,Kovacs,oksana.kovacs@gmail.com,,Tallinn,Estonia,N26,Senior Analytics Engineer,linkedin.com/in/oksana-kovacs-907,2025-02-27
CAND-2737,Anastasia,Ivanov,anastasia.ivanov2@gmail.com,+1-850-952-2411x4206,Kyiv,Ukraine,CGI,Principal Product Manager,linkedin.com/in/anastasia-ivanov-874,2024-03-10
CAND-2738,Sophie,Walker,sophie.walker@protonmail.com,,Berlin,Germany,Ubisoft,L&D Specialist,,2025-02-22
CAND-2739,Mateusz,Jankowski,mateusz.jankowski@protonmail.com,,Hamburg,Germany,N26,Senior Performance Marketer,linkedin.com/in/mateusz-jankowski-683,2025-02-08
CAND-2740,Katharina,Schneider,katharina.schneider1@gmail.com,2153145992,Vilnius,Lithuania,Adform,Operations Analyst,linkedin.com/in/katharina-schneider-591,2025-01-12
CAND-2741,Andrei,Toth,andrei.toth@outlook.com,(563)438-2222x4005,Vilnius,Lithuania,Bolt,FP&A Analyst,linkedin.com/in/andrei-toth-158,2024-07-08
CAND-2742,Taras,Melnyk,taras.melnyk@gmail.com,,Vilnius,Lithuania,EA Games,Data Engineer,linkedin.com/in/taras-melnyk-875,2024-06-01
CAND-2743,Agnieszka,Kaminski,agnieszka.kaminski3@gmail.com,(220)356-2019,Tallinn,Estonia,King,Group Product Manager,linkedin.com/in/agnieszka-kaminski-236,2024-09-23
CAND-2744,Simona,Gudas,simona.gudas1@yahoo.com,534-584-3391,Krakow,Poland,Checkout.com,Senior CRM Manager,linkedin.com/in/simona-gudas-610,2025-02-16
CAND-2745,Anna,Szymanski,anna.szymanski2@yahoo.com,+1-825-628-6132x3945,Warsaw,Poland,Telia,L&D Specialist,linkedin.com/in/anna-szymanski-327,2025-03-17
CAND-2746,Mirela,Toth,mirela.toth@yahoo.com,623-842-8644x97602,Vilnius,Lithuania,Atea,Senior Mobile Engineer,linkedin.com/in/mirela-toth-442,2025-03-13
CAND-2747,Arnas,Zukauskas,arnas.zukauskas@outlook.com,(734)420-9536x77349,Amsterdam,Netherlands,Delivery Hero,Data Engineer,linkedin.com/in/arnas-zukauskas-747,2024-11-07
CAND-2748,Lea,Hartmann,lea.hartmann@protonmail.com,+1-373-656-1526x655,Vilnius,Lithuania,Vinted,Senior Financial Analyst,,2024-09-03
CAND-2749,Vilius,Ambrazas,vilius.ambrazas@outlook.com,962.753.8096x6414,Kaunas,Lithuania,EPAM Systems,HR Business Partner,,2025-06-09
CAND-2750,Aleksandra,Zielinski,aleksandra.zielinski@protonmail.com,836.895.2474,London,United Kingdom,Cognizant,BI Analyst,linkedin.com/in/aleksandra-zielinski-360,2024-01-20
CAND-2751,Lily,Walker,lily.walker@protonmail.com,001-453-653-8962x9853,Tallinn,Estonia,Pipedrive,Senior TA Specialist,linkedin.com/in/lily-walker-188,2024-08-23
CAND-2752,Alexander,Bauer,alexander.bauer@protonmail.com,367.492.4157,Vilnius,Lithuania,Contentful,QA Engineer,,2024-10-01
CAND-2753,Ewelina,Wisniewski,ewelina.wisniewski@protonmail.com,,Hamburg,Germany,DXC Technology,Legal Manager,linkedin.com/in/ewelina-wisniewski-724,2024-01-03
CAND-2754,Greta,Butkus,greta.butkus2@gmail.com,+1-876-538-3543x4685,Vilnius,Lithuania,Barclays Technology,Customer Support Specialist,linkedin.com/in/greta-butkus-346,2024-04-11
CAND-2755,Marcin,Wojcik,marcin.wojcik1@outlook.com,+1-390-861-6824x97939,London,United Kingdom,Bolt,Finance Manager,linkedin.com/in/marcin-wojcik-596,2024-02-16
CAND-2756,Vilius,Grigas,vilius.grigas1@gmail.com,953-381-1683,Vilnius,Lithuania,Miniclip,Customer Support Lead,linkedin.com/in/vilius-grigas-891,2025-04-12
CAND-2757,Jakub,Kowalski,jakub.kowalski@protonmail.com,9304737260,Vilnius,Lithuania,EA Games,Director of Product,,2024-08-05
CAND-2758,George,Robinson,george.robinson@gmail.com,001-501-348-9678x08264,Warsaw,Poland,Delivery Hero,Legal Counsel,linkedin.com/in/george-robinson-836,2025-05-19
CAND-2759,Marta,Szymanski,marta.szymanski@protonmail.com,(414)763-9476,London,United Kingdom,Paddle,Compliance Specialist,linkedin.com/in/marta-szymanski-290,2024-02-03
CAND-2760,Janos,Toth,janos.toth@protonmail.com,,London,United Kingdom,Wargaming,Brand Manager,linkedin.com/in/janos-toth-283,2024-07-28
CAND-2761,Tomas,Kazlauskas,tomas.kazlauskas@gmail.com,,Amsterdam,Netherlands,Delivery Hero,Data Analyst,linkedin.com/in/tomas-kazlauskas-242,2024-12-24
CAND-2762,Arnas,Urbonas,arnas.urbonas@gmail.com,+1-942-492-6456x3391,Vilnius,Lithuania,Revolut,Product Manager,linkedin.com/in/arnas-urbonas-677,2024-12-20
CAND-2763,Tim,Schneider,tim.schneider@outlook.com,001-899-840-3694x8112,Vilnius,Lithuania,Pipedrive,HR Business Partner,linkedin.com/in/tim-schneider-543,2025-04-24
CAND-2764,Charlotte,Lewis,charlotte.lewis@gmail.com,,Vilnius,Lithuania,Accenture,Principal Product Manager,,2024-06-22
CAND-2765,Jakub,Wisniewski,jakub.wisniewski@gmail.com,001-549-771-9670x683,Krakow,Poland,Pipedrive,Compliance Manager,linkedin.com/in/jakub-wisniewski-977,2024-01-24
CAND-2766,Vaida,Gudas,vaida.gudas@gmail.com,291.301.6125,Warsaw,Poland,Bolt,Senior Backend Engineer,linkedin.com/in/vaida-gudas-914,2024-11-23
CAND-2767,Rytis,Butkus,rytis.butkus@yahoo.com,(539)994-9013x3344,Wroclaw,Poland,Bite,DevOps Engineer,linkedin.com/in/rytis-butkus-546,2025-04-07
CAND-2768,Oleksiy,Shevchuk,oleksiy.shevchuk1@protonmail.com,+1-367-834-8140x98410,Kharkiv,Ukraine,Freelance,Senior Compliance Manager,,2024-12-13
CAND-2769,Rafal,Popescu,rafal.popescu@gmail.com,393.201.4811x6049,Vilnius,Lithuania,Revolut,Compliance Manager,linkedin.com/in/rafal-popescu-842,2024-05-20
CAND-2770,Natalia,Lytovchenko,natalia.lytovchenko@yahoo.com,,Vilnius,Lithuania,Danske Bank,Product Manager,linkedin.com/in/natalia-lytovchenko-297,2024-09-18
CAND-2771,Egle,Noreika,egle.noreika@gmail.com,3428028866,Tallinn,Estonia,King,Operations Analyst,linkedin.com/in/egle-noreika-422,2024-03-06
CAND-2772,Gintaras,Grigas,gintaras.grigas@gmail.com,+1-301-599-0342,Berlin,Germany,,,linkedin.com/in/gintaras-grigas-653,2024-12-26
CAND-2773,Petra,Kuznetsov,petra.kuznetsov@yahoo.com,885-248-4203x531,Vilnius,Lithuania,,,linkedin.com/in/petra-kuznetsov-904,2024-09-17
CAND-2774,Liam,Roberts,liam.roberts@gmail.com,001-779-917-9138x601,Warsaw,Poland,Pipedrive,Senior CRM Manager,linkedin.com/in/liam-roberts-691,2024-03-04
CAND-2775,Vladislav,Ivanov,vladislav.ivanov@protonmail.com,217-413-2194,Riga,Latvia,Swedbank,Senior Legal Counsel,linkedin.com/in/vladislav-ivanov-446,2024-05-12
CAND-2776,Tomas,Paulauskas,tomas.paulauskas@outlook.com,670-728-8141x1287,Vilnius,Lithuania,Nord Security,Senior Compliance Manager,linkedin.com/in/tomas-paulauskas-594,2025-04-22
CAND-2777,Andrew,Williams,andrew.williams@protonmail.com,(971)893-6785,Vilnius,Lithuania,Atea,Brand Manager,,2025-03-26
CAND-2778,Marcin,Kozlowski,marcin.kozlowski1@gmail.com,863-391-3810x7491,Hamburg,Germany,Jam City,Senior Analytics Engineer,,2025-01-04
CAND-2779,Lena,Schneider,lena.schneider@yahoo.com,001-342-532-1540,Wroclaw,Poland,Delivery Hero,Trust and Safety Lead,linkedin.com/in/lena-schneider-267,2024-09-18
CAND-2780,Kristina,Radzevicius,kristina.radzevicius2@yahoo.com,853-350-6962,Kaunas,Lithuania,Zynga,FP&A Manager,linkedin.com/in/kristina-radzevicius-372,2024-05-18
CAND-2781,Alexander,Meyer,alexander.meyer@protonmail.com,,Riga,Latvia,Atea,Senior Data Analyst,linkedin.com/in/alexander-meyer-666,2025-03-02
CAND-2782,Leon,Becker,leon.becker@gmail.com,(684)955-2527x41025,Lviv,Ukraine,N26,Senior Marketing Manager,,2024-06-10
CAND-2783,Vilius,Gudas,vilius.gudas3@gmail.com,001-617-598-9948x8566,Vilnius,Lithuania,SumUp,Analytics Engineer,linkedin.com/in/vilius-gudas-361,2024-12-17
CAND-2784,Jolanta,Zukauskas,jolanta.zukauskas1@gmail.com,,Krakow,Poland,Luminor,Senior Analytics Manager,linkedin.com/in/jolanta-zukauskas-132,2024-10-17
CAND-2785,Jonas,Rimkus,jonas.rimkus1@gmail.com,8055195675,Warsaw,Poland,Tesonet,Product Designer,linkedin.com/in/jonas-rimkus-689,2024-09-28
CAND-2786,Lina,Rimkus,lina.rimkus2@gmail.com,,Vilnius,Lithuania,Paddle,Management Accountant,,2025-01-22
CAND-2787,Saulius,Jankauskas,saulius.jankauskas1@gmail.com,(458)742-2717x266,Vilnius,Lithuania,Luminor,Finance Manager,,2025-01-31
CAND-2788,Gabija,Butkus,gabija.butkus@gmail.com,(550)246-0700x1441,Vilnius,Lithuania,Delivery Hero,Senior Legal Counsel,linkedin.com/in/gabija-butkus-974,2024-01-03
CAND-2789,Jonas,Mockus,jonas.mockus@gmail.com,,Tallinn,Estonia,TrueLayer,Senior Marketing Manager,,2024-06-30
CAND-2790,Elena,Ivanov,elena.ivanov1@outlook.com,,Krakow,Poland,SumUp,Customer Support Lead,linkedin.com/in/elena-ivanov-615,2024-04-03
CAND-2791,Mindaugas,Levinskas,mindaugas.levinskas@protonmail.com,(286)624-0871x0066,Tallinn,Estonia,SEB,Data Analyst,,2024-03-13
CAND-2792,Elena,Petrov,elena.petrov@outlook.com,001-717-428-2076x23811,Tallinn,Estonia,TransferGo,QA Engineer,linkedin.com/in/elena-petrov-348,2025-04-01
CAND-2793,Daria,Ionescu,daria.ionescu1@yahoo.com,,Tallinn,Estonia,Jam City,Backend Engineer,linkedin.com/in/daria-ionescu-969,2024-09-29
CAND-2794,Jakub,Nowak,jakub.nowak@gmail.com,,Warsaw,Poland,Adform,Growth Manager,linkedin.com/in/jakub-nowak-360,2024-02-23
CAND-2795,Vilius,Kairys,vilius.kairys@gmail.com,(632)282-2282,Vilnius,Lithuania,Wise,Senior Backend Engineer,linkedin.com/in/vilius-kairys-818,2024-10-29
CAND-2796,Erikas,Zukauskas,erikas.zukauskas@outlook.com,+1-647-252-8359,Riga,Latvia,Bite,Financial Analyst,linkedin.com/in/erikas-zukauskas-392,2024-03-27
CAND-2797,Gintaras,Zukauskas,gintaras.zukauskas@gmail.com,5417084791,Warsaw,Poland,DXC Technology,Analytics Engineer,linkedin.com/in/gintaras-zukauskas-462,2025-01-12
CAND-2798,Simona,Mockus,simona.mockus@outlook.com,,Tallinn,Estonia,Telia,Senior Marketing Manager,,2025-05-30
CAND-2799,Rytis,Stankus,rytis.stankus@outlook.com,413-450-5357,Berlin,Germany,Zynga,SEO Specialist,linkedin.com/in/rytis-stankus-419,2024-04-12
CAND-2800,Laura,Noreika,laura.noreika3@gmail.com,001-589-220-6415x78097,Kyiv,Ukraine,N26,Director of Engineering,,2025-03-20
CAND-2801,Lea,Meyer,lea.meyer@yahoo.com,(780)510-4194,Tallinn,Estonia,SEB,Senior TA Specialist,linkedin.com/in/lea-meyer-414,2025-04-24
CAND-2802,Tiberiu,Ivanov,tiberiu.ivanov3@gmail.com,,Vilnius,Lithuania,Pipedrive,Financial Analyst,linkedin.com/in/tiberiu-ivanov-488,2024-11-14
CAND-2803,Mikhail,Kuznetsov,mikhail.kuznetsov2@gmail.com,,Vilnius,Lithuania,Personio,Customer Support Lead,linkedin.com/in/mikhail-kuznetsov-905,2024-08-27
CAND-2804,Adam,Wisniewski,adam.wisniewski1@gmail.com,619-452-8144x7867,Berlin,Germany,LMT,Operations Analyst,,2025-03-03
CAND-2805,Zsuzsanna,Smirnov,zsuzsanna.smirnov1@gmail.com,+1-802-518-8930,Amsterdam,Netherlands,Paddle,Trust and Safety Lead,linkedin.com/in/zsuzsanna-smirnov-177,2024-06-23
CAND-2806,Mindaugas,Ambrazas,mindaugas.ambrazas@outlook.com,,Amsterdam,Netherlands,Vinted,Lead UX Researcher,,2024-06-10
CAND-2807,Daria,Fedorov,daria.fedorov3@gmail.com,001-957-680-3789x12139,Kyiv,Ukraine,Telia,Operations Manager,,2025-02-10
CAND-2808,Weronika,Kaminski,weronika.kaminski1@yahoo.com,769.990.5585,Vilnius,Lithuania,N26,Fraud Analyst,linkedin.com/in/weronika-kaminski-673,2024-09-25
CAND-2809,Ethan,Jones,ethan.jones@gmail.com,(899)240-8429x069,Kaunas,Lithuania,Accenture,Senior Legal Manager,,2024-12-14
CAND-2810,Egle,Levinskas,egle.levinskas1@gmail.com,001-845-728-9860x610,Warsaw,Poland,Bolt,FP&A Analyst,,2024-01-23
CAND-2811,Agne,Kazlauskas,agne.kazlauskas@outlook.com,,Vilnius,Lithuania,Luminor,UX Researcher,linkedin.com/in/agne-kazlauskas-607,2024-07-12
CAND-2812,Magdalena,Zielinski,magdalena.zielinski1@gmail.com,,Hamburg,Germany,Zalando,Senior Growth Manager,linkedin.com/in/magdalena-zielinski-828,2024-03-08
CAND-2813,Ewelina,Zielinski,ewelina.zielinski@gmail.com,,Vilnius,Lithuania,N26,Senior Mobile Engineer,linkedin.com/in/ewelina-zielinski-188,2025-06-25
CAND-2814,Michael,Muller,michael.muller@protonmail.com,(873)337-4570x16527,Vilnius,Lithuania,Zynga,SEO Specialist,,2024-02-19
CAND-2815,Anna,Muller,anna.muller@yahoo.com,768.514.9802,Kaunas,Lithuania,Luminor,Head of Compliance,linkedin.com/in/anna-muller-973,2025-03-02
CAND-2816,Natalia,Kowalczyk,natalia.kowalczyk@gmail.com,+1-608-643-7699x2964,Warsaw,Poland,Vinted,Brand Manager,linkedin.com/in/natalia-kowalczyk-438,2024-09-13
CAND-2817,Monika,Paulauskas,monika.paulauskas1@gmail.com,572.650.8423x242,Tallinn,Estonia,Ubisoft,Operations Specialist,,2024-05-18
CAND-2818,Lukas,Gudas,lukas.gudas@gmail.com,300.741.7241x55369,Lviv,Ukraine,EPAM Systems,Senior Customer Support Specialist,linkedin.com/in/lukas-gudas-246,2025-01-20
CAND-2819,Vilius,Kazlauskas,vilius.kazlauskas@outlook.com,+1-955-874-9062,London,United Kingdom,Accenture,Group Product Manager,linkedin.com/in/vilius-kazlauskas-619,2025-05-03
CAND-2820,Rafal,Kowalczyk,rafal.kowalczyk1@yahoo.com,,Kyiv,Ukraine,SumUp,Senior Analytics Engineer,linkedin.com/in/rafal-kowalczyk-278,2024-10-15
CAND-2821,Lina,Butkus,lina.butkus1@gmail.com,5244257033,Vilnius,Lithuania,N26,Operations Specialist,linkedin.com/in/lina-butkus-886,2024-04-24
CAND-2822,Laura,Kairys,laura.kairys@yahoo.com,+1-859-545-2315x828,Vilnius,Lithuania,,,,2024-11-03
CAND-2823,Mikhail,Petrov,mikhail.petrov@protonmail.com,3409296629,Tallinn,Estonia,Bolt,FP&A Analyst,linkedin.com/in/mikhail-petrov-400,2024-11-01
CAND-2824,Karolina,Wojcik,karolina.wojcik@yahoo.com,(617)342-9220,Warsaw,Poland,Danske Bank,Data Engineer,,2025-06-22
CAND-2825,Monika,Kowalczyk,monika.kowalczyk1@outlook.com,,Kyiv,Ukraine,Barclays Technology,Compliance Manager,,2024-05-07
CAND-2826,Tiberiu,Popescu,tiberiu.popescu@protonmail.com,,London,United Kingdom,N26,Senior TA Specialist,,2024-05-11
CAND-2827,Elena,Kovacs,elena.kovacs1@protonmail.com,(278)821-5392x66937,Berlin,Germany,King,Senior Compliance Manager,linkedin.com/in/elena-kovacs-354,2024-04-18
CAND-2828,Lukasz,Kowalski,lukasz.kowalski@protonmail.com,225.603.1392,Tallinn,Estonia,Pipedrive,TA Manager,linkedin.com/in/lukasz-kowalski-963,2024-06-30
CAND-2829,Kamil,Kozlowski,kamil.kozlowski@yahoo.com,+1-250-322-0619,London,United Kingdom,Zalando,Analytics Manager,linkedin.com/in/kamil-kozlowski-614,2024-12-12
CAND-2830,Elena,Petrov,elena.petrov1@outlook.com,001-933-335-9379,Berlin,Germany,Atea,Customer Support Lead,linkedin.com/in/elena-petrov-473,2025-03-01
CAND-2831,Michael,Wagner,michael.wagner@yahoo.com,,Hamburg,Germany,King,Senior CRM Manager,linkedin.com/in/michael-wagner-356,2025-02-21
CAND-2832,Oleh,Kravchenko,oleh.kravchenko1@gmail.com,+1-400-700-2956x162,Kaunas,Lithuania,Bolt,CRM Manager,linkedin.com/in/oleh-kravchenko-292,2024-07-10
CAND-2833,Viktorija,Kairys,viktorija.kairys@gmail.com,(447)518-5594x0799,Tallinn,Estonia,Bolt,Data Engineer,linkedin.com/in/viktorija-kairys-539,2025-04-06
CAND-2834,Ioana,Petrov,ioana.petrov@yahoo.com,9453323167,Warsaw,Poland,Cognizant,Senior HR Business Partner,linkedin.com/in/ioana-petrov-329,2024-02-29
CAND-2835,Anna,Kowalczyk,anna.kowalczyk@protonmail.com,556-347-4370x1945,Krakow,Poland,Wise,Data Engineering Manager,linkedin.com/in/anna-kowalczyk-236,2024-08-28
CAND-2836,Rokas,Rimkus,rokas.rimkus@outlook.com,477-966-6505,London,United Kingdom,Wargaming,Senior Product Designer,,2024-04-02
CAND-2837,Kateryna,Bondarenko,kateryna.bondarenko@outlook.com,,Tallinn,Estonia,TrueLayer,Customer Support Lead,,2024-01-05
CAND-2838,Marcin,Kowalski,marcin.kowalski1@outlook.com,+1-861-320-9281x5780,Kaunas,Lithuania,Delivery Hero,Partner Operations Manager,linkedin.com/in/marcin-kowalski-848,2024-10-23
CAND-2839,Neringa,Jankauskas,neringa.jankauskas1@gmail.com,,Amsterdam,Netherlands,King,Senior Marketing Manager,linkedin.com/in/neringa-jankauskas-118,2024-08-11
CAND-2840,William,Williams,william.williams@protonmail.com,001-890-922-3116x7870,Amsterdam,Netherlands,SEB,Growth Lead,linkedin.com/in/william-williams-842,2024-08-22
CAND-2841,Sophie,Jones,sophie.jones@yahoo.com,+1-463-353-2237x1859,Kyiv,Ukraine,Wargaming,Marketing Manager,linkedin.com/in/sophie-jones-539,2024-12-03
CAND-2842,Yaroslav,Melnyk,yaroslav.melnyk1@yahoo.com,(368)348-5637,Hamburg,Germany,,,,2024-04-15
CAND-2843,Viktorija,Daunoras,viktorija.daunoras@outlook.com,,Vilnius,Lithuania,Delivery Hero,Compensation and Benefits Analyst,linkedin.com/in/viktorija-daunoras-766,2024-11-07
CAND-2844,Magdalena,Wojcik,magdalena.wojcik@gmail.com,429-543-0003x7539,Amsterdam,Netherlands,EA Games,Financial Analyst,linkedin.com/in/magdalena-wojcik-800,2025-05-18
CAND-2845,Mariya,Boyko,mariya.boyko1@yahoo.com,001-513-424-6598x669,Kharkiv,Ukraine,N26,Senior Compliance Manager,linkedin.com/in/mariya-boyko-302,2024-04-20
CAND-2846,David,Bauer,david.bauer@gmail.com,584.417.8376x5915,London,United Kingdom,CGI,Senior HR Business Partner,linkedin.com/in/david-bauer-450,2024-02-18
CAND-2847,Grace,Brown,grace.brown@gmail.com,8116406526,Berlin,Germany,Paddle,Senior Backend Engineer,linkedin.com/in/grace-brown-978,2025-02-11
CAND-2848,Lukasz,Jankowski,lukasz.jankowski@yahoo.com,(667)735-1272,Berlin,Germany,Revolut,Senior Growth Manager,,2024-03-16
CAND-2849,Pawel,Szymanski,pawel.szymanski@outlook.com,(933)675-6569x764,Krakow,Poland,Contentful,Senior TA Specialist,,2025-03-27
CAND-2850,Kamil,Wisniewski,kamil.wisniewski@protonmail.com,,Kyiv,Ukraine,Nord Security,Trust and Safety Lead,,2024-01-25
CAND-2851,Mirela,Kuznetsov,mirela.kuznetsov1@gmail.com,001-262-624-9451,Warsaw,Poland,,,,2024-09-19
CAND-2852,Philipp,Hartmann,philipp.hartmann@outlook.com,,Vilnius,Lithuania,Contentful,L&D Specialist,linkedin.com/in/philipp-hartmann-854,2024-02-04
CAND-2853,Anna,Bauer,anna.bauer@gmail.com,(425)206-9296x56851,London,United Kingdom,Bite,Performance Marketing Manager,linkedin.com/in/anna-bauer-766,2025-01-08
CAND-2854,Oksana,Petrov,oksana.petrov2@gmail.com,,Krakow,Poland,Devbridge,Product Designer,linkedin.com/in/oksana-petrov-492,2024-04-18
CAND-2855,Mykola,Kovalchuk,mykola.kovalchuk@gmail.com,(627)667-2935x09793,Berlin,Germany,King,Legal Counsel,linkedin.com/in/mykola-kovalchuk-978,2024-08-16
CAND-2856,Ioana,Kuznetsov,ioana.kuznetsov1@gmail.com,,Vilnius,Lithuania,Ubisoft,Compensation and Benefits Analyst,linkedin.com/in/ioana-kuznetsov-325,2025-03-29
CAND-2857,Erikas,Levinskas,erikas.levinskas1@gmail.com,,Berlin,Germany,SEB,Senior Customer Support Specialist,linkedin.com/in/erikas-levinskas-203,2024-01-03
CAND-2858,Monika,Szymanski,monika.szymanski1@gmail.com,,Amsterdam,Netherlands,EA Games,Senior HR Business Partner,linkedin.com/in/monika-szymanski-500,2025-04-06
CAND-2859,Tadas,Mockus,tadas.mockus@protonmail.com,(412)491-4650,Tallinn,Estonia,CGI,Finance Director,,2024-09-03
CAND-2860,Christian,Schulz,christian.schulz@yahoo.com,947.478.0457,Vilnius,Lithuania,Revolut,Senior Customer Support Specialist,linkedin.com/in/christian-schulz-703,2024-06-29
CAND-2861,Karolina,Lewandowski,karolina.lewandowski@gmail.com,,Kyiv,Ukraine,Vinted,Security Engineer,linkedin.com/in/karolina-lewandowski-114,2024-04-02
CAND-2862,Matthew,Davies,matthew.davies@yahoo.com,,Kyiv,Ukraine,Wargaming,Junior Backend Engineer,,2024-02-05
CAND-2863,Monika,Kowalczyk,monika.kowalczyk2@outlook.com,(318)640-7033x982,Kyiv,Ukraine,N26,Senior FP&A Analyst,linkedin.com/in/monika-kowalczyk-511,2024-08-25
CAND-2864,Emily,Thomas,emily.thomas1@yahoo.com,882.933.7209x451,Vilnius,Lithuania,Ubisoft,Senior Operations Manager,linkedin.com/in/emily-thomas-636,2024-08-12
CAND-2865,Tomas,Urbonas,tomas.urbonas2@gmail.com,(370)463-6328x6301,London,United Kingdom,Jam City,Senior Financial Analyst,linkedin.com/in/tomas-urbonas-169,2024-04-16
CAND-2866,Ruta,Gudas,ruta.gudas1@gmail.com,(600)584-8426,Amsterdam,Netherlands,Wargaming,Management Accountant,linkedin.com/in/ruta-gudas-945,2024-07-04
CAND-2867,Mateusz,Kozlowski,mateusz.kozlowski@protonmail.com,836.979.6082,Kyiv,Ukraine,Contentful,Compliance Manager,linkedin.com/in/mateusz-kozlowski-540,2024-02-07
CAND-2868,Andrei,Kuznetsov,andrei.kuznetsov@yahoo.com,,Hamburg,Germany,Bolt,Growth Lead,linkedin.com/in/andrei-kuznetsov-317,2025-04-26
CAND-2869,Yulia,Tkachenko,yulia.tkachenko@protonmail.com,001-713-860-5494x6920,Vilnius,Lithuania,TrueLayer,Principal Product Manager,linkedin.com/in/yulia-tkachenko-807,2024-07-28
CAND-2870,Svitlana,Lytovchenko,svitlana.lytovchenko1@gmail.com,790-213-2495x193,Kyiv,Ukraine,Contentful,Senior Analytics Manager,linkedin.com/in/svitlana-lytovchenko-416,2024-03-22
CAND-2871,Mykola,Melnyk,mykola.melnyk@gmail.com,,Berlin,Germany,Vinted,Fraud Analyst,linkedin.com/in/mykola-melnyk-563,2025-05-20
CAND-2872,Matas,Petrauskas,matas.petrauskas1@gmail.com,+1-201-515-4617x5808,Vilnius,Lithuania,Bite,Customer Support Manager,linkedin.com/in/matas-petrauskas-615,2024-07-09
CAND-2873,Jolanta,Ambrazas,jolanta.ambrazas1@gmail.com,889.804.4104x04315,Berlin,Germany,Cognizant,Senior Product Designer,linkedin.com/in/jolanta-ambrazas-711,2025-04-28
CAND-2874,Tobias,Meyer,tobias.meyer@outlook.com,751.735.3814x83747,Wroclaw,Poland,Devbridge,Senior TA Specialist,linkedin.com/in/tobias-meyer-197,2024-11-12
CAND-2875,Kamil,Lewandowski,kamil.lewandowski@outlook.com,903.909.0168x56471,Lviv,Ukraine,EPAM Systems,Director of Data and Analytics,linkedin.com/in/kamil-lewandowski-529,2024-02-19
CAND-2876,Lisa,Schmidt,lisa.schmidt@gmail.com,,Warsaw,Poland,Telia,Senior Legal Manager,linkedin.com/in/lisa-schmidt-452,2024-03-17
CAND-2877,Rafal,Szymanski,rafal.szymanski1@gmail.com,+1-840-519-0271,Vilnius,Lithuania,Luminor,Head of Engineering,linkedin.com/in/rafal-szymanski-314,2024-03-10
CAND-2878,Marius,Ivanov,marius.ivanov@protonmail.com,916.811.5866x8611,Kyiv,Ukraine,Accenture,L&D Specialist,,2024-12-18
CAND-2879,Agnieszka,Jankowski,agnieszka.jankowski@yahoo.com,259.783.3261x705,Warsaw,Poland,Miniclip,Operations Analyst,linkedin.com/in/agnieszka-jankowski-447,2024-03-19
CAND-2880,Monika,Kozlowski,monika.kozlowski1@outlook.com,,Wroclaw,Poland,Jam City,Senior Data Analyst,,2024-07-26
CAND-2881,Chloe,Lewis,chloe.lewis@gmail.com,+1-735-834-5819,Kaunas,Lithuania,,,linkedin.com/in/chloe-lewis-787,2025-02-03
CAND-2882,Grace,Thomas,grace.thomas@protonmail.com,472-885-3533x99824,Wroclaw,Poland,SumUp,Senior Legal Counsel,,2024-08-08
CAND-2883,Yaroslav,Shevchuk,yaroslav.shevchuk@gmail.com,(821)977-5801x5846,Warsaw,Poland,Paddle,Legal Manager,linkedin.com/in/yaroslav-shevchuk-198,2024-07-12
CAND-2884,Daria,Nagy,daria.nagy2@protonmail.com,+1-930-830-2853x272,Warsaw,Poland,Wise,Growth Manager,,2025-02-05
CAND-2885,Gintaras,Paulauskas,gintaras.paulauskas1@yahoo.com,(698)834-5150x25285,Kaunas,Lithuania,Personio,Senior Product Lead,linkedin.com/in/gintaras-paulauskas-642,2024-09-01
CAND-2886,Ruta,Levinskas,ruta.levinskas@gmail.com,930-487-3089,Vilnius,Lithuania,Revolut,Senior Data Engineer,linkedin.com/in/ruta-levinskas-410,2024-01-10
CAND-2887,Damian,Lewandowski,damian.lewandowski@outlook.com,001-607-438-2777x7118,Riga,Latvia,Barclays Technology,Senior HR Business Partner,linkedin.com/in/damian-lewandowski-898,2025-01-10
CAND-2888,Vilius,Noreika,vilius.noreika1@gmail.com,227-486-3090x07121,Gdansk,Poland,Delivery Hero,Financial Analyst,linkedin.com/in/vilius-noreika-636,2024-06-28
CAND-2889,Vaida,Noreika,vaida.noreika1@outlook.com,001-942-334-4730x577,Tallinn,Estonia,Freelance,Management Accountant,linkedin.com/in/vaida-noreika-314,2024-03-20
CAND-2890,Lukasz,Zielinski,lukasz.zielinski@gmail.com,001-896-919-9716x59656,Vilnius,Lithuania,Swedbank,Senior Data Analyst,linkedin.com/in/lukasz-zielinski-312,2025-02-18
CAND-2891,Lukasz,Jankowski,lukasz.jankowski@protonmail.com,(740)499-6833x44009,Krakow,Poland,Jam City,Senior Product Designer,linkedin.com/in/lukasz-jankowski-767,2024-08-15
CAND-2892,Oksana,Ionescu,oksana.ionescu@gmail.com,(442)465-3793,London,United Kingdom,SEB,Compensation and Benefits Analyst,linkedin.com/in/oksana-ionescu-869,2024-05-27
CAND-2893,Vasyl,Tkachenko,vasyl.tkachenko@gmail.com,791-643-9070,Vilnius,Lithuania,Jam City,Fraud Analyst,linkedin.com/in/vasyl-tkachenko-688,2024-12-26
CAND-2894,Inga,Kairys,inga.kairys1@gmail.com,236.301.5791x1501,Vilnius,Lithuania,SEB,Senior HR Business Partner,linkedin.com/in/inga-kairys-498,2024-01-07
CAND-2895,Monika,Daunoras,monika.daunoras1@gmail.com,(626)900-8026x5893,Warsaw,Poland,Barclays Technology,Senior Product Lead,,2024-05-17
CAND-2896,Aleksander,Petrov,aleksander.petrov@outlook.com,497-383-3548x83571,Krakow,Poland,Devbridge,Head of Operations,,2024-05-31
CAND-2897,Aleksander,Nagy,aleksander.nagy1@protonmail.com,596-479-1463x8664,Hamburg,Germany,TrueLayer,CRM Manager,,2024-01-15
CAND-2898,Magdalena,Kowalski,magdalena.kowalski@protonmail.com,4316726652,Vilnius,Lithuania,TrueLayer,Customer Support Specialist,linkedin.com/in/magdalena-kowalski-126,2024-12-20
CAND-2899,Kateryna,Kovalchuk,kateryna.kovalchuk@outlook.com,(285)849-2724x0002,Krakow,Poland,N26,Senior Growth Manager,linkedin.com/in/kateryna-kovalchuk-182,2024-09-17
CAND-2900,Monika,Kowalczyk,monika.kowalczyk1@protonmail.com,,Vilnius,Lithuania,Paddle,Data Engineer,linkedin.com/in/monika-kowalczyk-940,2024-07-03
CAND-2901,Daryna,Melnyk,daryna.melnyk@gmail.com,,Vilnius,Lithuania,Barclays Technology,Operations Analyst,,2024-01-04
CAND-2902,Aiste,Ambrazas,aiste.ambrazas@gmail.com,+1-401-946-0519x08543,Vilnius,Lithuania,Accenture,Senior Frontend Engineer,,2024-05-19
CAND-2903,Viktorija,Levinskas,viktorija.levinskas@yahoo.com,863-503-3563,Vilnius,Lithuania,Revolut,Customer Support Specialist,linkedin.com/in/viktorija-levinskas-714,2025-02-10
CAND-2904,Jessica,Thomas,jessica.thomas1@gmail.com,5103009089,Warsaw,Poland,Vinted,Senior Performance Marketer,linkedin.com/in/jessica-thomas-315,2024-09-29
CAND-2905,Vaida,Kairys,vaida.kairys@gmail.com,+1-578-710-4802,Lviv,Ukraine,TrueLayer,Senior HR Business Partner,linkedin.com/in/vaida-kairys-521,2024-09-08
CAND-2906,Emily,Thomas,emily.thomas@gmail.com,,Warsaw,Poland,Vinted,Senior Finance Manager,linkedin.com/in/emily-thomas-442,2024-01-29
CAND-2907,Andrei,Toth,andrei.toth1@outlook.com,001-641-558-9290x930,Vilnius,Lithuania,Miniclip,Senior Mobile Engineer,linkedin.com/in/andrei-toth-686,2024-08-25
CAND-2908,Svitlana,Melnyk,svitlana.melnyk@outlook.com,,Amsterdam,Netherlands,Wargaming,Mobile Engineer,linkedin.com/in/svitlana-melnyk-640,2025-05-31
CAND-2909,Lea,Wagner,lea.wagner@gmail.com,+1-476-461-3662x8081,Berlin,Germany,Delivery Hero,Senior Compliance Manager,linkedin.com/in/lea-wagner-514,2025-01-21
CAND-2910,Nikita,Petrov,nikita.petrov@outlook.com,+1-368-215-9474x70531,Kyiv,Ukraine,Cognizant,Financial Analyst,linkedin.com/in/nikita-petrov-656,2024-01-02
CAND-2911,Jolanta,Kairys,jolanta.kairys@protonmail.com,(683)430-9673x979,Amsterdam,Netherlands,Adform,Finance Analyst,linkedin.com/in/jolanta-kairys-892,2025-01-08
CAND-2912,Tadas,Stankus,tadas.stankus@outlook.com,,Kaunas,Lithuania,Telia,Senior HR Business Partner,linkedin.com/in/tadas-stankus-858,2024-04-11
CAND-2913,Piotr,Szymanski,piotr.szymanski@gmail.com,989-814-2693,Riga,Latvia,Paddle,Product Manager,linkedin.com/in/piotr-szymanski-374,2024-06-09
CAND-2914,Daryna,Bondarenko,daryna.bondarenko@yahoo.com,001-450-516-7671x8776,Vilnius,Lithuania,Miniclip,Partner Operations Manager,linkedin.com/in/daryna-bondarenko-814,2025-02-10
CAND-2915,Vaida,Gudas,vaida.gudas1@gmail.com,(436)488-5016x27629,Krakow,Poland,LMT,Growth Manager,linkedin.com/in/vaida-gudas-360,2025-05-15
CAND-2916,Rafal,Kovacs,rafal.kovacs@protonmail.com,(466)478-8093x76165,London,United Kingdom,Freelance,Senior Legal Manager,linkedin.com/in/rafal-kovacs-702,2024-02-10
CAND-2917,Taras,Melnyk,taras.melnyk@yahoo.com,+1-598-790-7499,Riga,Latvia,SEB,Senior Operations Specialist,linkedin.com/in/taras-melnyk-494,2024-04-06
CAND-2918,Harry,Walker,harry.walker@protonmail.com,001-981-425-5977,Kaunas,Lithuania,Delivery Hero,Senior HR Business Partner,,2025-06-15
CAND-2919,Mikhail,Smirnov,mikhail.smirnov1@gmail.com,(259)376-4083x85805,Tallinn,Estonia,Delivery Hero,Staff Engineer,,2024-04-16
CAND-2920,Ioana,Smirnov,ioana.smirnov1@protonmail.com,001-341-471-6578x939,Vilnius,Lithuania,Telia,Principal Product Manager,linkedin.com/in/ioana-smirnov-520,2024-09-10
CAND-2921,Mateusz,Kowalczyk,mateusz.kowalczyk@yahoo.com,,Kaunas,Lithuania,Paddle,HR Business Partner,,2025-01-29
CAND-2922,Kamil,Wozniak,kamil.wozniak1@gmail.com,001-356-651-8871,Vilnius,Lithuania,EA Games,Product Designer,,2025-06-30
CAND-2923,Oksana,Tkachenko,oksana.tkachenko@yahoo.com,,Krakow,Poland,Miniclip,TA Coordinator,linkedin.com/in/oksana-tkachenko-812,2024-12-22
CAND-2924,Lisa,Klein,lisa.klein@gmail.com,960.905.0092x44928,London,United Kingdom,Vinted,FP&A Analyst,linkedin.com/in/lisa-klein-642,2024-11-24
CAND-2925,Maciej,Kowalski,maciej.kowalski1@outlook.com,,Kaunas,Lithuania,Miniclip,Management Accountant,,2024-04-07
CAND-2926,Tomas,Petrauskas,tomas.petrauskas2@protonmail.com,(770)230-2930x112,Vilnius,Lithuania,Bite,Operations Specialist,linkedin.com/in/tomas-petrauskas-982,2024-05-05
CAND-2927,Mantas,Daunoras,mantas.daunoras@yahoo.com,886-707-4290,Krakow,Poland,TrueLayer,BI Analyst,,2024-11-08
CAND-2928,Laura,Mockus,laura.mockus@yahoo.com,(222)833-6931,Krakow,Poland,Zynga,Senior Analytics Manager,linkedin.com/in/laura-mockus-973,2025-05-06
CAND-2929,Hannah,Richter,hannah.richter2@gmail.com,,Berlin,Germany,Danske Bank,Senior Legal Manager,,2025-05-10
CAND-2930,Zsuzsanna,Toth,zsuzsanna.toth@yahoo.com,(800)873-0242,Vilnius,Lithuania,Freelance,Engineering Manager,linkedin.com/in/zsuzsanna-toth-671,2024-11-27
CAND-2931,Jonas,Grigas,jonas.grigas@gmail.com,,London,United Kingdom,SumUp,Head of Engineering,linkedin.com/in/jonas-grigas-912,2024-03-01
CAND-2932,Jonas,Ambrazas,jonas.ambrazas@protonmail.com,(749)975-3740,Berlin,Germany,Atea,Senior Data Analyst,linkedin.com/in/jonas-ambrazas-259,2025-04-03
CAND-2933,Halyna,Oliynyk,halyna.oliynyk@gmail.com,001-914-546-9567x406,Vilnius,Lithuania,Accenture,Senior Mobile Engineer,linkedin.com/in/halyna-oliynyk-813,2025-04-14
CAND-2934,Inga,Rimkus,inga.rimkus1@gmail.com,(844)753-4514x668,Tallinn,Estonia,DXC Technology,Senior HR Business Partner,,2024-06-20
CAND-2935,Andrei,Ivanov,andrei.ivanov3@gmail.com,534.883.4835x86267,Vilnius,Lithuania,Jam City,Senior Performance Marketer,linkedin.com/in/andrei-ivanov-531,2024-10-06
CAND-2936,Marius,Popescu,marius.popescu1@gmail.com,(648)553-2077x5870,Berlin,Germany,Barclays Technology,Head of Data,linkedin.com/in/marius-popescu-546,2024-01-22
CAND-2937,Monika,Kozlowski,monika.kozlowski@protonmail.com,(769)283-4436,London,United Kingdom,Wise,Senior HR Manager,linkedin.com/in/monika-kozlowski-818,2025-04-27
CAND-2938,Agne,Petrauskas,agne.petrauskas@protonmail.com,(904)450-5092x846,Kaunas,Lithuania,Swedbank,Senior Customer Support Specialist,linkedin.com/in/agne-petrauskas-853,2024-07-02
CAND-2939,Monika,Ambrazas,monika.ambrazas@yahoo.com,001-500-973-4293x9077,Warsaw,Poland,Revolut,Senior HR Manager,linkedin.com/in/monika-ambrazas-112,2025-01-09
CAND-2940,Taras,Kovalenko,taras.kovalenko1@gmail.com,(395)845-0380,Vilnius,Lithuania,N26,TA Manager,,2025-01-29
CAND-2941,Saulius,Stonkus,saulius.stonkus@outlook.com,(658)751-5020,Vilnius,Lithuania,Bite,CTO,linkedin.com/in/saulius-stonkus-609,2024-01-09
CAND-2942,Weronika,Lewandowski,weronika.lewandowski1@gmail.com,4289143531,Krakow,Poland,Personio,Financial Analyst,linkedin.com/in/weronika-lewandowski-789,2025-03-20
CAND-2943,Lisa,Schulz,lisa.schulz@outlook.com,+1-543-737-9531x112,Amsterdam,Netherlands,Contentful,Senior Customer Support Specialist,linkedin.com/in/lisa-schulz-291,2024-12-08
CAND-2944,Max,Becker,max.becker@yahoo.com,,Berlin,Germany,Danske Bank,Senior Product Lead,linkedin.com/in/max-becker-633,2024-09-13
CAND-2945,Mykhailo,Shevchenko,mykhailo.shevchenko@outlook.com,,Warsaw,Poland,SumUp,Senior Customer Support Specialist,linkedin.com/in/mykhailo-shevchenko-739,2025-05-19
CAND-2946,Marcin,Kowalczyk,marcin.kowalczyk@outlook.com,,Kaunas,Lithuania,SEB,UX Researcher,,2025-03-17
CAND-2947,Daniel,Williams,daniel.williams@gmail.com,,Riga,Latvia,Bite,Security Engineer,linkedin.com/in/daniel-williams-102,2024-04-19
CAND-2948,Greta,Radzevicius,greta.radzevicius@protonmail.com,001-404-826-5274,Tallinn,Estonia,Checkout.com,Accounts Assistant,linkedin.com/in/greta-radzevicius-886,2024-11-05
CAND-2949,Mariya,Lytovchenko,mariya.lytovchenko@protonmail.com,,Riga,Latvia,Swedbank,Senior Product Designer,linkedin.com/in/mariya-lytovchenko-114,2025-06-17
CAND-2950,Bence,Fedorov,bence.fedorov@yahoo.com,,Warsaw,Poland,Freelance,Senior Mobile Engineer,linkedin.com/in/bence-fedorov-321,2024-10-16
CAND-2951,Felix,Schulz,felix.schulz@protonmail.com,+1-762-651-0857x38385,London,United Kingdom,Vinted,Operations Specialist,linkedin.com/in/felix-schulz-756,2025-06-14
CAND-2952,Sandra,Koch,sandra.koch@yahoo.com,714-760-9193x51174,Tallinn,Estonia,Nord Security,VP of Marketing,linkedin.com/in/sandra-koch-524,2024-11-06
CAND-2953,Magdalena,Nowak,magdalena.nowak@gmail.com,,Hamburg,Germany,Telia,Senior Legal Manager,linkedin.com/in/magdalena-nowak-217,2024-06-01
CAND-2954,Lisa,Hoffmann,lisa.hoffmann@yahoo.com,,Kaunas,Lithuania,Revolut,Senior Mobile Engineer,linkedin.com/in/lisa-hoffmann-943,2024-09-26
CAND-2955,Tetyana,Moroz,tetyana.moroz@gmail.com,,Kaunas,Lithuania,EA Games,Junior Data Analyst,linkedin.com/in/tetyana-moroz-963,2024-09-22
CAND-2956,Christian,Becker,christian.becker@protonmail.com,,Vilnius,Lithuania,Luminor,HR Business Partner,linkedin.com/in/christian-becker-392,2024-12-19
CAND-2957,Bence,Fedorov,bence.fedorov@protonmail.com,,Warsaw,Poland,Nord Security,HR Business Partner,linkedin.com/in/bence-fedorov-247,2024-11-26
CAND-2958,Agne,Levinskas,agne.levinskas2@gmail.com,937-606-2728x16733,Vilnius,Lithuania,Personio,Senior Legal Counsel,,2025-02-27
CAND-2959,Saulius,Urbonas,saulius.urbonas@outlook.com,(812)215-7562x6412,Krakow,Poland,TransferGo,Security Engineer,linkedin.com/in/saulius-urbonas-351,2024-11-15
CAND-2960,Nikita,Ivanov,nikita.ivanov1@gmail.com,548.318.7620x99069,Wroclaw,Poland,Tesonet,Senior Compliance Manager,linkedin.com/in/nikita-ivanov-622,2024-05-07
CAND-2961,Bohdan,Kovalchuk,bohdan.kovalchuk@gmail.com,+1-663-703-9951x670,Vilnius,Lithuania,Danske Bank,TA Manager,linkedin.com/in/bohdan-kovalchuk-267,2024-05-22
CAND-2962,Viktorija,Butkus,viktorija.butkus@outlook.com,5593982267,Hamburg,Germany,TransferGo,Senior CRM Manager,,2024-12-18
CAND-2963,Kinga,Kuznetsov,kinga.kuznetsov@protonmail.com,,Vilnius,Lithuania,Adform,DevOps Engineer,linkedin.com/in/kinga-kuznetsov-794,2024-01-28
CAND-2964,Monika,Mazur,monika.mazur1@gmail.com,(734)338-8804,Kaunas,Lithuania,Ubisoft,Financial Analyst,,2024-08-06
CAND-2965,Kristina,Jankauskas,kristina.jankauskas2@gmail.com,+1-442-502-5936x45028,Vilnius,Lithuania,Contentful,Senior Product Lead,,2025-03-13
CAND-2966,Elena,Petrov,elena.petrov2@outlook.com,934-427-5576,Gdansk,Poland,SumUp,Senior Legal Counsel,,2024-04-09
CAND-2967,Neringa,Kazlauskas,neringa.kazlauskas@yahoo.com,+1-591-615-4904x431,Warsaw,Poland,LMT,Data Analyst,linkedin.com/in/neringa-kazlauskas-557,2025-04-25
CAND-2968,Sandra,Meyer,sandra.meyer@protonmail.com,969.953.1029,Amsterdam,Netherlands,Devbridge,Data Engineer,linkedin.com/in/sandra-meyer-730,2024-05-12
CAND-2969,Rokas,Grigas,rokas.grigas@outlook.com,,Berlin,Germany,SumUp,Partner Operations Manager,linkedin.com/in/rokas-grigas-209,2025-06-17
CAND-2970,Dmytro,Melnyk,dmytro.melnyk1@gmail.com,415-806-2917,Kaunas,Lithuania,King,Marketing Manager,linkedin.com/in/dmytro-melnyk-696,2025-02-09
CAND-2971,Lea,Hartmann,lea.hartmann@yahoo.com,,Vilnius,Lithuania,Playtika,Senior Financial Analyst,linkedin.com/in/lea-hartmann-615,2024-11-14
CAND-2972,Damian,Kaminski,damian.kaminski@protonmail.com,,Riga,Latvia,EA Games,Senior Data Engineer,linkedin.com/in/damian-kaminski-754,2024-02-25
CAND-2973,Simona,Rimkus,simona.rimkus@outlook.com,517-432-8162x91087,Kaunas,Lithuania,,,,2025-04-30
CAND-2974,Artem,Oliynyk,artem.oliynyk1@protonmail.com,(919)583-6915,London,United Kingdom,Bolt,Compensation and Benefits Analyst,,2024-03-21
CAND-2975,Zsuzsanna,Fedorov,zsuzsanna.fedorov@protonmail.com,+1-676-771-0529x87707,Tallinn,Estonia,EA Games,Senior Data Analyst,linkedin.com/in/zsuzsanna-fedorov-673,2024-12-09
CAND-2976,Tobias,Richter,tobias.richter@gmail.com,+1-291-453-0445x002,Warsaw,Poland,Delivery Hero,Senior Compliance Manager,linkedin.com/in/tobias-richter-790,2024-07-20
CAND-2977,Kateryna,Kravchenko,kateryna.kravchenko@gmail.com,,Krakow,Poland,Miniclip,Legal Manager,,2024-06-06
CAND-2978,Emily,Smith,emily.smith1@yahoo.com,001-768-838-7890x34502,Vilnius,Lithuania,Playtika,Product Lead,linkedin.com/in/emily-smith-517,2025-03-02
CAND-2979,Vasyl,Melnyk,vasyl.melnyk@gmail.com,760.630.4093x467,Krakow,Poland,Nord Security,Finance Manager,linkedin.com/in/vasyl-melnyk-507,2025-03-31
CAND-2980,Inga,Kairys,inga.kairys2@gmail.com,+1-418-923-6881x0138,Warsaw,Poland,Atea,Head of Compliance,linkedin.com/in/inga-kairys-278,2025-05-10
CAND-2981,Mirela,Fedorov,mirela.fedorov@outlook.com,(210)351-3346,London,United Kingdom,Adform,Finance Manager,,2024-12-19
CAND-2982,Erikas,Stonkus,erikas.stonkus@protonmail.com,+1-442-720-1388,Vilnius,Lithuania,Delivery Hero,Financial Analyst,linkedin.com/in/erikas-stonkus-542,2025-04-19
CAND-2983,Maciej,Szymanski,maciej.szymanski@outlook.com,820.583.1681,Hamburg,Germany,Adform,TA Manager,linkedin.com/in/maciej-szymanski-593,2024-11-26
CAND-2984,Inga,Rimkus,inga.rimkus@protonmail.com,(603)989-1736x90789,Kaunas,Lithuania,Pipedrive,Accounts Assistant,linkedin.com/in/inga-rimkus-802,2024-07-05
CAND-2985,Marius,Ionescu,marius.ionescu1@protonmail.com,,Tallinn,Estonia,Cognizant,Finance Director,,2025-02-26
CAND-2986,Mariya,Tkachenko,mariya.tkachenko@outlook.com,(972)300-0521x41070,Amsterdam,Netherlands,Pipedrive,Legal Counsel,linkedin.com/in/mariya-tkachenko-335,2025-01-12
CAND-2987,Ewelina,Wojcik,ewelina.wojcik@protonmail.com,(734)385-0895x12370,Vilnius,Lithuania,Zalando,Senior HR Manager,,2025-01-06
CAND-2988,Damian,Szymanski,damian.szymanski@gmail.com,001-819-719-4454x56972,Vilnius,Lithuania,Paddle,Group Product Manager,linkedin.com/in/damian-szymanski-805,2024-08-17
CAND-2989,Andreas,Hartmann,andreas.hartmann@outlook.com,861-492-7671x37718,London,United Kingdom,Bolt,Senior Data Analyst,linkedin.com/in/andreas-hartmann-814,2024-07-28
CAND-2990,Sarah,Schmidt,sarah.schmidt1@yahoo.com,(739)956-1266x78305,Amsterdam,Netherlands,Bite,Partner Operations Manager,linkedin.com/in/sarah-schmidt-694,2024-02-09
CAND-2991,Bohdan,Kravchenko,bohdan.kravchenko1@outlook.com,,Kaunas,Lithuania,Playtika,Senior Frontend Engineer,linkedin.com/in/bohdan-kravchenko-828,2024-04-30
CAND-2992,Liam,Jones,liam.jones@outlook.com,471.438.8740,Berlin,Germany,LMT,Senior Engineering Manager,linkedin.com/in/liam-jones-858,2025-01-07
CAND-2993,Jessica,Robinson,jessica.robinson@protonmail.com,946.814.4662,Kyiv,Ukraine,,,linkedin.com/in/jessica-robinson-718,2025-03-01
CAND-2994,Kamil,Jankowski,kamil.jankowski@yahoo.com,630.441.1761,Kyiv,Ukraine,Swedbank,Senior Legal Counsel,linkedin.com/in/kamil-jankowski-405,2025-06-13
CAND-2995,Olena,Oliynyk,olena.oliynyk@gmail.com,,London,United Kingdom,Zynga,Senior HR Business Partner,linkedin.com/in/olena-oliynyk-820,2024-07-06
CAND-2996,Elena,Popescu,elena.popescu@protonmail.com,+1-815-624-8319x6863,Warsaw,Poland,Nord Security,Head of Marketing,linkedin.com/in/elena-popescu-299,2025-04-27
CAND-2997,Jack,Jones,jack.jones@gmail.com,504.865.6896x9870,Krakow,Poland,Checkout.com,FP&A Analyst,linkedin.com/in/jack-jones-809,2024-05-18
CAND-2998,Laura,Bauer,laura.bauer@protonmail.com,+1-583-800-4837,Vilnius,Lithuania,EA Games,Customer Support Lead,linkedin.com/in/laura-bauer-782,2025-01-08
CAND-2999,Karolina,Wojcik,karolina.wojcik@protonmail.com,001-731-559-2291x2706,Hamburg,Germany,Checkout.com,Trust and Safety Lead,linkedin.com/in/karolina-wojcik-547,2024-07-18
CAND-3000,Agne,Noreika,agne.noreika1@protonmail.com,410-440-6291x187,Wroclaw,Poland,Contentful,Senior Operations Manager,linkedin.com/in/agne-noreika-609,2024-04-16
CAND-3001,Monika,Jankowski,monika.jankowski1@yahoo.com,224.971.8301x81796,Warsaw,Poland,Revolut,Senior TA Specialist,,2025-05-25
CAND-3002,Saulius,Stankus,saulius.stankus@gmail.com,278-798-4974x99799,Vilnius,Lithuania,TrueLayer,Growth Manager,,2024-05-05
CAND-3003,Elena,Kuznetsov,elena.kuznetsov@yahoo.com,(721)871-1486,Krakow,Poland,Accenture,Senior TA Specialist,,2024-12-12
CAND-3004,Tetyana,Shevchuk,tetyana.shevchuk@gmail.com,(781)889-8106x173,Krakow,Poland,Freelance,Senior TA Specialist,,2024-09-23
CAND-3005,Domantas,Daunoras,domantas.daunoras@yahoo.com,,London,United Kingdom,Telia,Compensation and Benefits Analyst,,2024-10-29
CAND-3006,Krzysztof,Wojcik,krzysztof.wojcik@gmail.com,,Berlin,Germany,Ubisoft,Head of People,,2024-05-31
CAND-3007,Aiste,Butkus,aiste.butkus1@yahoo.com,716.931.2975,Wroclaw,Poland,Atea,DevOps Engineer,linkedin.com/in/aiste-butkus-662,2025-05-25
CAND-3008,Rytis,Butkus,rytis.butkus@gmail.com,(961)369-4963,Vilnius,Lithuania,Jam City,Frontend Engineer,,2024-01-28
CAND-3009,Mariya,Moroz,mariya.moroz@outlook.com,493-289-9906,Vilnius,Lithuania,Atea,Senior Compliance Manager,linkedin.com/in/mariya-moroz-685,2025-06-29
CAND-3010,Mia,Jones,mia.jones@yahoo.com,430-371-6753,Kaunas,Lithuania,EPAM Systems,Head of Legal,linkedin.com/in/mia-jones-473,2024-07-28
CAND-3011,Daryna,Kravchenko,daryna.kravchenko@yahoo.com,(233)261-3179x8549,Warsaw,Poland,Zynga,Customer Support Manager,linkedin.com/in/daryna-kravchenko-350,2024-04-25
CAND-3012,Amy,Taylor,amy.taylor1@gmail.com,,London,United Kingdom,SEB,Senior Product Lead,,2024-11-23
CAND-3013,Rokas,Grigas,rokas.grigas1@outlook.com,590-737-2954x5858,Kaunas,Lithuania,Revolut,UX Researcher,linkedin.com/in/rokas-grigas-566,2025-03-31
CAND-3014,Marta,Jankowski,marta.jankowski1@yahoo.com,001-463-499-8127x439,Krakow,Poland,Ubisoft,Senior Compliance Manager,linkedin.com/in/marta-jankowski-784,2024-08-14
CAND-3015,Mantas,Kazlauskas,mantas.kazlauskas1@gmail.com,451-374-1925x81476,Vilnius,Lithuania,Devbridge,Senior Operations Specialist,linkedin.com/in/mantas-kazlauskas-429,2025-01-08
CAND-3016,Lukas,Radzevicius,lukas.radzevicius1@gmail.com,001-723-660-1863x994,Wroclaw,Poland,Devbridge,Compensation and Benefits Analyst,linkedin.com/in/lukas-radzevicius-237,2024-07-11
CAND-3017,Oleh,Kovalenko,oleh.kovalenko@outlook.com,538-245-3156,Vilnius,Lithuania,Zalando,Senior Operations Specialist,linkedin.com/in/oleh-kovalenko-940,2024-01-21
CAND-3018,Taras,Shevchenko,taras.shevchenko@protonmail.com,+1-630-779-6859x096,Tallinn,Estonia,Wargaming,Senior Compliance Manager,linkedin.com/in/taras-shevchenko-616,2024-05-29
CAND-3019,Jessica,Wilson,jessica.wilson1@outlook.com,001-487-324-0899,Krakow,Poland,Cognizant,Senior Legal Counsel,,2025-01-29
CAND-3020,Magdalena,Kaminski,magdalena.kaminski@outlook.com,973.551.6681x133,Warsaw,Poland,CGI,Engineering Manager,linkedin.com/in/magdalena-kaminski-399,2024-10-11
CAND-3021,Kinga,Nagy,kinga.nagy3@yahoo.com,(470)672-1734x02422,Wroclaw,Poland,Playtika,Associate Product Manager,linkedin.com/in/kinga-nagy-827,2024-07-05
CAND-3022,Christian,Schneider,christian.schneider@outlook.com,898-730-6323,Kaunas,Lithuania,SEB,Growth Analyst,linkedin.com/in/christian-schneider-855,2024-12-25
CAND-3023,Pawel,Szymanski,pawel.szymanski@gmail.com,201-481-4442x4842,Krakow,Poland,Bite,BI Analyst,linkedin.com/in/pawel-szymanski-833,2025-04-16
CAND-3024,Julia,Becker,julia.becker@gmail.com,001-843-350-9476x511,Kyiv,Ukraine,Paddle,Platform Engineer,linkedin.com/in/julia-becker-733,2025-05-03
CAND-3025,Vaida,Petrauskas,vaida.petrauskas2@outlook.com,364-509-9414x75398,Lviv,Ukraine,Atea,Product Lead,linkedin.com/in/vaida-petrauskas-525,2025-04-04
CAND-3026,Monika,Stankus,monika.stankus@outlook.com,805.342.4519x082,Krakow,Poland,Playtika,Data Scientist,linkedin.com/in/monika-stankus-682,2024-06-08
CAND-3027,Greta,Rimkus,greta.rimkus@gmail.com,+1-410-535-6594x29920,Vilnius,Lithuania,Contentful,Senior Engineering Manager,linkedin.com/in/greta-rimkus-679,2024-02-06
CAND-3028,Hannah,Brown,hannah.brown@gmail.com,866.369.6922x9533,Warsaw,Poland,Barclays Technology,Head of Marketing,,2025-06-12
CAND-3029,Andrei,Toth,andrei.toth@yahoo.com,001-541-618-3909,Warsaw,Poland,Luminor,Senior Engineering Manager,linkedin.com/in/andrei-toth-458,2024-12-30
CAND-3030,Adam,Kowalczyk,adam.kowalczyk@gmail.com,,Warsaw,Poland,Jam City,Senior Legal Counsel,linkedin.com/in/adam-kowalczyk-112,2024-10-27
CAND-3031,Dovydas,Noreika,dovydas.noreika3@gmail.com,(542)640-6628,Krakow,Poland,Accenture,Operations Specialist,linkedin.com/in/dovydas-noreika-596,2025-05-30
CAND-3032,Rokas,Stonkus,rokas.stonkus3@gmail.com,(833)848-8933x43751,Vilnius,Lithuania,TransferGo,Engineering Manager,linkedin.com/in/rokas-stonkus-908,2025-04-23
CAND-3033,Sophie,Hoffmann,sophie.hoffmann@gmail.com,+1-840-486-5424x382,Kaunas,Lithuania,TrueLayer,Senior Product Manager,linkedin.com/in/sophie-hoffmann-750,2025-01-10
CAND-3034,Natalia,Bondarenko,natalia.bondarenko@protonmail.com,+1-755-407-4350,London,United Kingdom,Bite,Customer Support Specialist,,2024-11-15
CAND-3035,Bartosz,Wisniewski,bartosz.wisniewski1@protonmail.com,001-688-795-9470x39696,Kaunas,Lithuania,Ubisoft,Senior Engineering Manager,linkedin.com/in/bartosz-wisniewski-908,2024-11-11
CAND-3036,Yaroslav,Kravchenko,yaroslav.kravchenko@protonmail.com,959.317.6504,Hamburg,Germany,Barclays Technology,Senior Engineering Manager,,2025-02-07
CAND-3037,Mindaugas,Grigas,mindaugas.grigas@gmail.com,,Warsaw,Poland,Accenture,Senior Product Designer,linkedin.com/in/mindaugas-grigas-166,2024-10-30
CAND-3038,Mirela,Kovacs,mirela.kovacs@protonmail.com,+1-483-900-9954,Kyiv,Ukraine,Jam City,Talent Acquisition Specialist,linkedin.com/in/mirela-kovacs-136,2024-02-11
CAND-3039,Tim,Hoffmann,tim.hoffmann@protonmail.com,944.696.6866,Warsaw,Poland,Paddle,Senior HR Business Partner,,2024-04-16
CAND-3040,Natalia,Nowak,natalia.nowak@protonmail.com,906.317.0690x149,Krakow,Poland,Barclays Technology,Senior Compliance Manager,,2025-05-28
CAND-3041,Petra,Kuznetsov,petra.kuznetsov1@yahoo.com,903-784-7156,Hamburg,Germany,N26,Financial Analyst,linkedin.com/in/petra-kuznetsov-662,2024-04-08
CAND-3042,Tomasz,Lewandowski,tomasz.lewandowski2@gmail.com,,Kaunas,Lithuania,Tesonet,Senior Customer Support Specialist,linkedin.com/in/tomasz-lewandowski-457,2024-08-12
CAND-3043,Damian,Kaminski,damian.kaminski1@yahoo.com,(665)405-1886x01674,Vilnius,Lithuania,Revolut,Senior Operations Manager,linkedin.com/in/damian-kaminski-472,2024-02-08
CAND-3044,Mariya,Shevchuk,mariya.shevchuk@yahoo.com,,Vilnius,Lithuania,N26,CRM Manager,,2024-04-06
CAND-3045,Vladislav,Nagy,vladislav.nagy@outlook.com,,Riga,Latvia,SumUp,FP&A Analyst,linkedin.com/in/vladislav-nagy-968,2024-09-28
CAND-3046,Arnas,Ambrazas,arnas.ambrazas@gmail.com,243.659.6985,Kaunas,Lithuania,,,linkedin.com/in/arnas-ambrazas-748,2024-05-26
CAND-3047,Halyna,Moroz,halyna.moroz1@gmail.com,805-366-9375x40242,Kaunas,Lithuania,Pipedrive,Senior Product Lead,linkedin.com/in/halyna-moroz-360,2025-06-02
CAND-3048,Jakub,Kaminski,jakub.kaminski1@gmail.com,,Riga,Latvia,Bite,Senior Performance Marketer,,2024-11-15
CAND-3049,Petra,Popescu,petra.popescu@protonmail.com,,Warsaw,Poland,TransferGo,FP&A Analyst,linkedin.com/in/petra-popescu-274,2025-03-21
CAND-3050,Tim,Weber,tim.weber1@gmail.com,789.925.7140x2503,Kaunas,Lithuania,Pipedrive,SEO Specialist,,2024-03-31
CAND-3051,Jonas,Urbonas,jonas.urbonas@gmail.com,(226)848-1638x49368,Vilnius,Lithuania,,,linkedin.com/in/jonas-urbonas-235,2025-01-05
CAND-3052,Emma,Smith,emma.smith@gmail.com,458.953.0101,Krakow,Poland,Jam City,Senior Mobile Engineer,linkedin.com/in/emma-smith-638,2024-06-25
CAND-3053,Philipp,Schmidt,philipp.schmidt@gmail.com,+1-696-795-1930,Vilnius,Lithuania,King,Senior Data Engineer,linkedin.com/in/philipp-schmidt-207,2024-09-11
CAND-3054,Erikas,Levinskas,erikas.levinskas2@gmail.com,(877)758-6703,Kaunas,Lithuania,Bite,Head of Compliance,linkedin.com/in/erikas-levinskas-544,2024-12-09
CAND-3055,Anastasia,Fedorov,anastasia.fedorov@protonmail.com,,Kyiv,Ukraine,Checkout.com,Compliance Manager,,2024-06-03
CAND-3056,Janos,Fedorov,janos.fedorov1@gmail.com,,Vilnius,Lithuania,DXC Technology,Senior Operations Specialist,linkedin.com/in/janos-fedorov-987,2025-02-16
CAND-3057,Jakub,Dabrowska,jakub.dabrowska@gmail.com,(820)536-3444x39468,Tallinn,Estonia,Bite,Marketing Manager,linkedin.com/in/jakub-dabrowska-506,2024-05-06
CAND-3058,Oksana,Ionescu,oksana.ionescu1@outlook.com,818.312.3357,Vilnius,Lithuania,Contentful,Finance Analyst,linkedin.com/in/oksana-ionescu-646,2024-08-14
CAND-3059,Rytis,Paulauskas,rytis.paulauskas@yahoo.com,807.431.7445x7762,Kaunas,Lithuania,Personio,DevOps Engineer,linkedin.com/in/rytis-paulauskas-159,2024-05-02
CAND-3060,Bence,Fedorov,bence.fedorov1@protonmail.com,,Gdansk,Poland,Bolt,Senior Product Designer,linkedin.com/in/bence-fedorov-657,2024-04-06
CAND-3061,Piotr,Mazur,piotr.mazur@gmail.com,(636)978-5089x8977,Vilnius,Lithuania,SEB,TA Coordinator,,2024-08-29
CAND-3062,Florian,Wagner,florian.wagner@gmail.com,,Kaunas,Lithuania,Freelance,Analytics Manager,,2025-05-21
CAND-3063,Oksana,Kravchenko,oksana.kravchenko@gmail.com,001-959-644-3485x29537,Krakow,Poland,Tesonet,Head of People,,2024-09-07
CAND-3064,Karolina,Nowak,karolina.nowak1@gmail.com,2376676874,Vilnius,Lithuania,Accenture,Senior Legal Manager,,2024-01-19
CAND-3065,Aleksandra,Nowak,aleksandra.nowak1@gmail.com,(907)767-5149,Tallinn,Estonia,Freelance,Operations Analyst,linkedin.com/in/aleksandra-nowak-528,2025-01-18
CAND-3066,Aiste,Noreika,aiste.noreika@gmail.com,,Krakow,Poland,Revolut,Product Designer,,2025-04-27
CAND-3067,Tiberiu,Ionescu,tiberiu.ionescu@gmail.com,,Krakow,Poland,Zalando,Senior Frontend Engineer,linkedin.com/in/tiberiu-ionescu-153,2024-12-15
CAND-3068,Petra,Nagy,petra.nagy@outlook.com,,Berlin,Germany,Jam City,Director of Data and Analytics,linkedin.com/in/petra-nagy-625,2024-11-30
CAND-3069,Bence,Kuznetsov,bence.kuznetsov@yahoo.com,241.215.7330,Vilnius,Lithuania,Revolut,Senior Legal Counsel,,2024-06-27
CAND-3070,Jolanta,Butkus,jolanta.butkus@gmail.com,+1-609-740-6565x8234,London,United Kingdom,Wise,Senior Customer Support Specialist,linkedin.com/in/jolanta-butkus-786,2024-09-11
CAND-3071,Yulia,Oliynyk,yulia.oliynyk@gmail.com,485.865.3523,Tallinn,Estonia,Barclays Technology,TA Manager,linkedin.com/in/yulia-oliynyk-565,2024-02-23
CAND-3072,Greta,Mockus,greta.mockus@outlook.com,(700)804-7091x10349,Kaunas,Lithuania,Zynga,Senior Performance Marketer,linkedin.com/in/greta-mockus-753,2025-01-09
CAND-3073,Oleh,Kravchenko,oleh.kravchenko@yahoo.com,319-398-9965,Berlin,Germany,King,Senior Engineering Manager,,2024-02-02
CAND-3074,Mykola,Melnyk,mykola.melnyk@outlook.com,,Vilnius,Lithuania,Bolt,Marketing Manager,linkedin.com/in/mykola-melnyk-314,2024-08-30
CAND-3075,Aiste,Radzevicius,aiste.radzevicius@outlook.com,+1-315-683-7466,Vilnius,Lithuania,Pipedrive,Financial Analyst,,2024-07-23
CAND-3076,Zsuzsanna,Nagy,zsuzsanna.nagy1@gmail.com,,Kaunas,Lithuania,Wise,Talent Acquisition Specialist,linkedin.com/in/zsuzsanna-nagy-497,2024-10-09
CAND-3077,Edvinas,Levinskas,edvinas.levinskas1@gmail.com,001-847-876-1868x7047,Warsaw,Poland,Paddle,Data Analyst,linkedin.com/in/edvinas-levinskas-187,2025-04-04
CAND-3078,Neringa,Stankus,neringa.stankus2@outlook.com,,Warsaw,Poland,CGI,Lead UX Researcher,linkedin.com/in/neringa-stankus-175,2024-01-12
CAND-3079,Simona,Ambrazas,simona.ambrazas@outlook.com,,Warsaw,Poland,Atea,Data Engineering Manager,linkedin.com/in/simona-ambrazas-477,2024-03-30
CAND-3080,Filip,Wisniewski,filip.wisniewski@gmail.com,+1-268-329-0525x65995,Tallinn,Estonia,Playtika,Senior Analytics Engineer,linkedin.com/in/filip-wisniewski-200,2024-02-25
CAND-3081,Rafal,Kowalski,rafal.kowalski@gmail.com,723-630-2927x640,Vilnius,Lithuania,Zalando,Customer Support Manager,linkedin.com/in/rafal-kowalski-183,2024-11-04
CAND-3082,Dmytro,Oliynyk,dmytro.oliynyk@gmail.com,339.886.2214x0513,Vilnius,Lithuania,DXC Technology,Compliance Manager,linkedin.com/in/dmytro-oliynyk-224,2024-11-19
CAND-3083,Daryna,Moroz,daryna.moroz1@protonmail.com,,Wroclaw,Poland,Zynga,Senior Product Designer,linkedin.com/in/daryna-moroz-208,2024-11-20
CAND-3084,Mikhail,Kovacs,mikhail.kovacs1@gmail.com,(704)474-7338x9147,Vilnius,Lithuania,Devbridge,Finance Director,,2025-03-26
CAND-3085,Jolanta,Daunoras,jolanta.daunoras@gmail.com,,Berlin,Germany,SumUp,Senior Product Manager,linkedin.com/in/jolanta-daunoras-511,2024-11-24
CAND-3086,Magdalena,Kowalski,magdalena.kowalski@yahoo.com,274-442-0359x441,Kyiv,Ukraine,Wargaming,Growth Manager,linkedin.com/in/magdalena-kowalski-914,2024-04-02
CAND-3087,Mikhail,Smirnov,mikhail.smirnov2@gmail.com,001-638-373-5186x6477,Vilnius,Lithuania,King,Product Manager,linkedin.com/in/mikhail-smirnov-645,2024-08-14
CAND-3088,Ioana,Ionescu,ioana.ionescu@outlook.com,713.751.8302,Wroclaw,Poland,Accenture,Senior Compliance Manager,,2025-03-08
CAND-3089,Lukas,Stankus,lukas.stankus@gmail.com,,Kyiv,Ukraine,Vinted,Senior Legal Counsel,,2024-03-17
CAND-3090,Jolanta,Mockus,jolanta.mockus@protonmail.com,746.458.1539,Gdansk,Poland,Bolt,Product Designer,linkedin.com/in/jolanta-mockus-398,2025-02-09
CAND-3091,Bence,Nagy,bence.nagy2@gmail.com,001-617-389-5599x098,Amsterdam,Netherlands,Freelance,TA Manager,linkedin.com/in/bence-nagy-175,2024-03-22
CAND-3092,Natalia,Kowalski,natalia.kowalski@gmail.com,(786)455-8167,Wroclaw,Poland,Zynga,Trust and Safety Analyst,linkedin.com/in/natalia-kowalski-252,2024-08-31
CAND-3093,Egle,Stankus,egle.stankus@gmail.com,383.219.3489,Kyiv,Ukraine,Devbridge,Talent Acquisition Specialist,,2024-08-27
CAND-3094,Gintaras,Radzevicius,gintaras.radzevicius1@gmail.com,001-403-381-4634x2924,Vilnius,Lithuania,Accenture,Management Accountant,,2025-05-02
CAND-3095,Anastasia,Toth,anastasia.toth@protonmail.com,001-795-497-3091x218,Tallinn,Estonia,Contentful,Product Lead,,2024-02-16
CAND-3096,Alina,Boyko,alina.boyko@protonmail.com,734.511.4613x3155,Kyiv,Ukraine,Vinted,Senior Product Designer,,2024-10-07
CAND-3097,Laura,Rimkus,laura.rimkus@outlook.com,2159303044,Berlin,Germany,Contentful,Senior FP&A Analyst,,2025-04-25
CAND-3098,Lina,Petrauskas,lina.petrauskas1@gmail.com,781.910.9659x845,Berlin,Germany,Danske Bank,Analytics Manager,,2024-03-19
CAND-3099,Lena,Koch,lena.koch@gmail.com,(663)745-4182x99126,Lviv,Ukraine,Ubisoft,Senior Growth Manager,,2024-04-28
CAND-3100,Daryna,Moroz,daryna.moroz2@protonmail.com,(306)841-9106,Tallinn,Estonia,Miniclip,Customer Support Specialist,linkedin.com/in/daryna-moroz-906,2024-12-28
CAND-3101,Matas,Kairys,matas.kairys1@gmail.com,+1-469-810-0822x4216,Berlin,Germany,Tesonet,HR Business Partner,linkedin.com/in/matas-kairys-310,2024-06-25
CAND-3102,Jonas,Jankauskas,jonas.jankauskas@yahoo.com,522.617.5626x99620,Warsaw,Poland,Jam City,Compensation and Benefits Analyst,linkedin.com/in/jonas-jankauskas-726,2024-01-27
CAND-3103,Halyna,Lytovchenko,halyna.lytovchenko@protonmail.com,991.200.5932x5722,Berlin,Germany,Zalando,Product Lead,,2024-04-30
CAND-3104,Weronika,Wisniewski,weronika.wisniewski@yahoo.com,001-432-620-0748x597,Riga,Latvia,Revolut,Growth Manager,linkedin.com/in/weronika-wisniewski-499,2025-05-12
CAND-3105,Marcin,Wozniak,marcin.wozniak1@gmail.com,,Hamburg,Germany,TransferGo,Compensation and Benefits Analyst,linkedin.com/in/marcin-wozniak-367,2024-04-04
CAND-3106,Lina,Grigas,lina.grigas@gmail.com,787.412.9514,Warsaw,Poland,DXC Technology,Senior Performance Marketer,linkedin.com/in/lina-grigas-903,2024-04-13
CAND-3107,Leon,Muller,leon.muller@yahoo.com,001-205-480-2860x604,Vilnius,Lithuania,Zynga,Senior Marketing Manager,linkedin.com/in/leon-muller-765,2025-06-04
CAND-3108,Weronika,Kowalczyk,weronika.kowalczyk1@gmail.com,(840)765-4747,Lviv,Ukraine,,,linkedin.com/in/weronika-kowalczyk-680,2024-05-19
CAND-3109,Lisa,Fischer,lisa.fischer@protonmail.com,,Vilnius,Lithuania,Ubisoft,Fraud Analyst,linkedin.com/in/lisa-fischer-919,2024-08-17
CAND-3110,Karolina,Szymanski,karolina.szymanski1@gmail.com,8908418985,Kaunas,Lithuania,Tesonet,Senior CRM Manager,linkedin.com/in/karolina-szymanski-797,2024-03-14
CAND-3111,Edvinas,Stankus,edvinas.stankus@gmail.com,001-943-901-6556x238,Hamburg,Germany,Bolt,Senior Growth Manager,linkedin.com/in/edvinas-stankus-586,2024-12-02
CAND-3112,Ruta,Butkus,ruta.butkus@gmail.com,001-465-269-9313x6062,Krakow,Poland,TrueLayer,Senior Financial Analyst,linkedin.com/in/ruta-butkus-242,2024-05-09
CAND-3113,Ruta,Noreika,ruta.noreika@outlook.com,,Krakow,Poland,Accenture,Compliance Specialist,linkedin.com/in/ruta-noreika-950,2024-04-17
CAND-3114,Dovydas,Urbonas,dovydas.urbonas@yahoo.com,,Gdansk,Poland,Delivery Hero,Legal Manager,linkedin.com/in/dovydas-urbonas-214,2025-03-10
CAND-3115,Olivia,Williams,olivia.williams@outlook.com,613-986-0479,Berlin,Germany,Miniclip,Senior Performance Marketer,linkedin.com/in/olivia-williams-337,2024-03-17
CAND-3116,Mirela,Kovacs,mirela.kovacs1@protonmail.com,399-603-8035,Krakow,Poland,Contentful,Platform Engineer,linkedin.com/in/mirela-kovacs-765,2025-03-24
CAND-3117,Ioana,Ionescu,ioana.ionescu@gmail.com,295.738.2944x19147,Vilnius,Lithuania,Vinted,Senior FP&A Analyst,linkedin.com/in/ioana-ionescu-962,2025-01-10
CAND-3118,Maciej,Kowalski,maciej.kowalski@gmail.com,847.928.3951,Warsaw,Poland,Atea,Trust and Safety Lead,linkedin.com/in/maciej-kowalski-974,2024-07-28
CAND-3119,Anastasia,Ionescu,anastasia.ionescu2@yahoo.com,609.853.2670,Krakow,Poland,Wise,Senior Performance Marketer,linkedin.com/in/anastasia-ionescu-239,2025-07-01
CAND-3120,Arnas,Stankus,arnas.stankus@yahoo.com,+1-486-256-2925x8228,Kaunas,Lithuania,LMT,Chief Product Officer,,2024-04-12
CAND-3121,Agnieszka,Wojcik,agnieszka.wojcik@protonmail.com,001-618-832-3530x68856,Kyiv,Ukraine,SEB,Compensation and Benefits Analyst,linkedin.com/in/agnieszka-wojcik-778,2025-02-15
CAND-3122,Viktorija,Paulauskas,viktorija.paulauskas@yahoo.com,,Vilnius,Lithuania,Telia,Chief Product Officer,linkedin.com/in/viktorija-paulauskas-325,2024-01-27
CAND-3123,Halyna,Melnyk,halyna.melnyk@gmail.com,667.780.9645x8374,Vilnius,Lithuania,DXC Technology,Compliance Manager,linkedin.com/in/halyna-melnyk-320,2025-05-12
CAND-3124,Olena,Kovalchuk,olena.kovalchuk@gmail.com,,Krakow,Poland,Vinted,Mobile Engineer,linkedin.com/in/olena-kovalchuk-146,2025-05-03
CAND-3125,Arnas,Mockus,arnas.mockus@outlook.com,,Warsaw,Poland,EPAM Systems,Senior TA Specialist,linkedin.com/in/arnas-mockus-468,2024-11-24
CAND-3126,Rytis,Stonkus,rytis.stonkus@yahoo.com,001-975-721-3531,Vilnius,Lithuania,N26,TA Manager,linkedin.com/in/rytis-stonkus-222,2024-05-12
CAND-3127,Arnas,Petrauskas,arnas.petrauskas@yahoo.com,(359)628-9748x741,Krakow,Poland,,,,2024-01-24
CAND-3128,Rafal,Popescu,rafal.popescu@yahoo.com,562.667.5119x97645,Tallinn,Estonia,Luminor,FP&A Analyst,linkedin.com/in/rafal-popescu-820,2025-04-02
CAND-3129,Ioana,Ionescu,ioana.ionescu@protonmail.com,+1-865-551-5641x967,Warsaw,Poland,Wise,Director of Engineering,linkedin.com/in/ioana-ionescu-751,2025-01-05
CAND-3130,Zsuzsanna,Ivanov,zsuzsanna.ivanov@outlook.com,001-300-793-5820x1630,Lviv,Ukraine,Wargaming,Junior BI Analyst,linkedin.com/in/zsuzsanna-ivanov-918,2024-11-19
CAND-3131,Iryna,Kovalenko,iryna.kovalenko@gmail.com,001-572-624-2284,Hamburg,Germany,Jam City,Product Manager,linkedin.com/in/iryna-kovalenko-744,2024-02-23
CAND-3132,Piotr,Mazur,piotr.mazur1@gmail.com,,Warsaw,Poland,Telia,Partner Operations Manager,linkedin.com/in/piotr-mazur-150,2024-01-14
CAND-3133,Tomas,Rimkus,tomas.rimkus@protonmail.com,001-292-676-6809x84601,Amsterdam,Netherlands,SumUp,Senior Legal Counsel,linkedin.com/in/tomas-rimkus-648,2025-03-27
CAND-3134,Jakub,Kowalczyk,jakub.kowalczyk@yahoo.com,9335480153,Vilnius,Lithuania,Devbridge,L&D Specialist,linkedin.com/in/jakub-kowalczyk-161,2024-03-26
CAND-3135,Kinga,Fedorov,kinga.fedorov3@gmail.com,(786)567-1554x460,Vilnius,Lithuania,Barclays Technology,Product Manager,,2025-01-28
CAND-3136,Monika,Kowalski,monika.kowalski@yahoo.com,001-426-909-6746,Kaunas,Lithuania,CGI,Backend Engineer,linkedin.com/in/monika-kowalski-122,2025-03-25
CAND-3137,Anastasia,Smirnov,anastasia.smirnov2@gmail.com,(305)436-4991,Kaunas,Lithuania,Personio,Head of Compliance,,2025-01-31
CAND-3138,Anastasia,Popescu,anastasia.popescu@protonmail.com,,Warsaw,Poland,Revolut,SEO Specialist,linkedin.com/in/anastasia-popescu-159,2024-06-15
CAND-3139,Marta,Zielinski,marta.zielinski@yahoo.com,001-785-567-2850x215,Warsaw,Poland,SEB,Talent Acquisition Specialist,linkedin.com/in/marta-zielinski-415,2024-03-27
CAND-3140,Daria,Kuznetsov,daria.kuznetsov@gmail.com,,Amsterdam,Netherlands,Contentful,Compliance Manager,,2024-10-12
CAND-3141,Mia,Robinson,mia.robinson@protonmail.com,+1-330-477-5582,Krakow,Poland,Accenture,Group Product Manager,,2024-11-02
CAND-3142,Mirela,Popescu,mirela.popescu1@gmail.com,(226)943-9567x8446,Warsaw,Poland,CGI,Finance Manager,,2024-06-07
CAND-3143,Artem,Marchenko,artem.marchenko@yahoo.com,+1-390-975-1991,Vilnius,Lithuania,Cognizant,Senior CRM Manager,linkedin.com/in/artem-marchenko-924,2025-05-03
CAND-3144,Maciej,Wojcik,maciej.wojcik@outlook.com,555.312.9441x4925,Warsaw,Poland,Personio,Data Analyst,,2025-04-10
CAND-3145,Erikas,Rimkus,erikas.rimkus1@outlook.com,(849)782-8385x97477,Berlin,Germany,Telia,HR Manager,linkedin.com/in/erikas-rimkus-715,2024-07-13
CAND-3146,Vladislav,Nagy,vladislav.nagy@gmail.com,(559)807-0554x9434,Tallinn,Estonia,Delivery Hero,Principal Product Manager,,2024-01-16
CAND-3147,Viktor,Oliynyk,viktor.oliynyk1@gmail.com,+1-277-615-6922,Vilnius,Lithuania,Danske Bank,Senior HR Business Partner,,2025-03-01
CAND-3148,Katarzyna,Jankowski,katarzyna.jankowski@outlook.com,001-390-276-3415x35977,Berlin,Germany,TransferGo,Accounts Assistant,,2025-04-24
CAND-3149,Rafal,Popescu,rafal.popescu@protonmail.com,+1-601-915-4773x49431,Kaunas,Lithuania,Devbridge,Senior Financial Analyst,linkedin.com/in/rafal-popescu-903,2024-11-24
CAND-3150,Filip,Zielinski,filip.zielinski@protonmail.com,(325)557-8564,Warsaw,Poland,Personio,Management Accountant,linkedin.com/in/filip-zielinski-785,2025-04-29
CAND-3151,Ewelina,Dabrowska,ewelina.dabrowska@outlook.com,547-441-6855x73952,Riga,Latvia,Personio,Junior BI Analyst,linkedin.com/in/ewelina-dabrowska-678,2024-12-15
CAND-3152,Kinga,Nagy,kinga.nagy1@outlook.com,,Berlin,Germany,TrueLayer,Data Scientist,linkedin.com/in/kinga-nagy-669,2025-05-24
CAND-3153,Laura,Butkus,laura.butkus@protonmail.com,,Lviv,Ukraine,Swedbank,DevOps Engineer,,2024-02-01
CAND-3154,Oscar,Evans,oscar.evans@protonmail.com,,Warsaw,Poland,Wise,FP&A Analyst,linkedin.com/in/oscar-evans-593,2025-02-11
CAND-3155,Harry,Wilson,harry.wilson@outlook.com,,Berlin,Germany,TrueLayer,FP&A Analyst,linkedin.com/in/harry-wilson-394,2024-03-07
CAND-3156,Yaroslav,Kovalchuk,yaroslav.kovalchuk@yahoo.com,+1-655-958-0957,Amsterdam,Netherlands,Cognizant,Data Engineer,linkedin.com/in/yaroslav-kovalchuk-201,2025-02-01
CAND-3157,Bohdan,Oliynyk,bohdan.oliynyk@yahoo.com,(481)566-0284x136,Tallinn,Estonia,Tesonet,Growth Manager,linkedin.com/in/bohdan-oliynyk-164,2024-07-20
CAND-3158,Neringa,Radzevicius,neringa.radzevicius@gmail.com,847.904.0714,Wroclaw,Poland,Cognizant,FP&A Analyst,linkedin.com/in/neringa-radzevicius-833,2024-06-28
CAND-3159,George,Jones,george.jones@yahoo.com,+1-714-279-7341x8559,London,United Kingdom,Ubisoft,Operations Manager,linkedin.com/in/george-jones-810,2024-06-27
CAND-3160,Oleh,Tkachenko,oleh.tkachenko@gmail.com,237.345.6017x03961,Kharkiv,Ukraine,Checkout.com,Senior Data Analyst,linkedin.com/in/oleh-tkachenko-465,2024-12-23
CAND-3161,Matas,Kazlauskas,matas.kazlauskas1@gmail.com,,Krakow,Poland,Vinted,Senior Operations Specialist,,2025-03-19
CAND-3162,Mykola,Moroz,mykola.moroz2@gmail.com,,Krakow,Poland,Delivery Hero,Senior Compliance Manager,,2025-06-26
CAND-3163,Volodymyr,Lytovchenko,volodymyr.lytovchenko@outlook.com,259.900.1706x794,Tallinn,Estonia,Jam City,Customer Support Specialist,linkedin.com/in/volodymyr-lytovchenko-848,2024-07-02
CAND-3164,Andrei,Ionescu,andrei.ionescu@outlook.com,+1-469-328-5516,Riga,Latvia,Swedbank,BI Analyst,linkedin.com/in/andrei-ionescu-261,2025-03-10
CAND-3165,Katarzyna,Mazur,katarzyna.mazur@protonmail.com,001-959-538-9676x3536,London,United Kingdom,Barclays Technology,Senior Growth Manager,linkedin.com/in/katarzyna-mazur-671,2025-04-17
CAND-3166,Andrew,Brown,andrew.brown@protonmail.com,(558)696-0707x228,London,United Kingdom,Ubisoft,Finance Manager,,2025-06-23
CAND-3167,Bence,Smirnov,bence.smirnov@outlook.com,001-913-635-1390x14309,Kyiv,Ukraine,SEB,Product Manager,linkedin.com/in/bence-smirnov-821,2024-06-18
CAND-3168,Larysa,Kovalchuk,larysa.kovalchuk2@gmail.com,(974)893-6635,Kyiv,Ukraine,Nord Security,Senior Customer Support Specialist,linkedin.com/in/larysa-kovalchuk-151,2024-05-24
CAND-3169,Lukas,Kazlauskas,lukas.kazlauskas@outlook.com,,Krakow,Poland,Adform,Management Accountant,linkedin.com/in/lukas-kazlauskas-157,2024-07-03
CAND-3170,Michal,Kowalczyk,michal.kowalczyk@yahoo.com,714.480.3007x356,Riga,Latvia,Accenture,Frontend Engineer,linkedin.com/in/michal-kowalczyk-164,2024-03-22
CAND-3171,Rytis,Kairys,rytis.kairys@gmail.com,(808)825-2637x9412,Berlin,Germany,N26,Group Product Manager,linkedin.com/in/rytis-kairys-147,2024-03-08
CAND-3172,Mirela,Fedorov,mirela.fedorov1@gmail.com,001-411-722-3214,Gdansk,Poland,Danske Bank,Head of Talent Acquisition,,2024-01-07
CAND-3173,Erikas,Gudas,erikas.gudas@outlook.com,(761)619-7892,Riga,Latvia,Cognizant,Backend Engineer,linkedin.com/in/erikas-gudas-396,2024-06-24
CAND-3174,Kamil,Mazur,kamil.mazur1@gmail.com,,London,United Kingdom,SumUp,Director of Engineering,linkedin.com/in/kamil-mazur-636,2025-01-25
CAND-3175,Weronika,Zielinski,weronika.zielinski2@outlook.com,(357)344-6532x5544,Hamburg,Germany,Accenture,Director of Product,linkedin.com/in/weronika-zielinski-655,2024-02-12
CAND-3176,Anastasia,Ionescu,anastasia.ionescu3@yahoo.com,518.351.3673x80520,Vilnius,Lithuania,King,Financial Analyst,,2024-09-05
CAND-3177,Zsuzsanna,Fedorov,zsuzsanna.fedorov1@protonmail.com,001-693-876-8418x471,Riga,Latvia,Tesonet,Senior Legal Counsel,,2024-10-07
CAND-3178,Lucy,Roberts,lucy.roberts@outlook.com,+1-322-401-4833x35401,Amsterdam,Netherlands,SumUp,Partner Operations Manager,linkedin.com/in/lucy-roberts-108,2024-10-06
CAND-3179,Gintaras,Petrauskas,gintaras.petrauskas@outlook.com,928.936.0308x764,Warsaw,Poland,Barclays Technology,TA Manager,linkedin.com/in/gintaras-petrauskas-364,2024-04-18
CAND-3180,Philipp,Schmidt,philipp.schmidt1@gmail.com,9908676183,Krakow,Poland,Nord Security,HR Business Partner,,2025-05-26
CAND-3181,Lisa,Klein,lisa.klein@outlook.com,(495)307-6716,Vilnius,Lithuania,DXC Technology,TA Manager,,2024-09-25
CAND-3182,Mindaugas,Mockus,mindaugas.mockus@protonmail.com,820.548.8868x0418,Lviv,Ukraine,SumUp,Senior Analytics Engineer,,2024-01-20
CAND-3183,Vasyl,Kovalenko,vasyl.kovalenko@gmail.com,8329645649,Vilnius,Lithuania,Bite,Head of People,linkedin.com/in/vasyl-kovalenko-358,2025-03-30
CAND-3184,Lukas,Ambrazas,lukas.ambrazas@protonmail.com,219-991-6053x9064,Berlin,Germany,Devbridge,Senior Analytics Manager,linkedin.com/in/lukas-ambrazas-491,2024-03-21
CAND-3185,Rafal,Wozniak,rafal.wozniak@gmail.com,,Vilnius,Lithuania,Danske Bank,Legal Counsel,linkedin.com/in/rafal-wozniak-766,2025-04-23
CAND-3186,Magdalena,Kowalski,magdalena.kowalski@gmail.com,+1-703-342-5197x0181,Amsterdam,Netherlands,Pipedrive,Operations Analyst,linkedin.com/in/magdalena-kowalski-182,2025-04-13
CAND-3187,Joanna,Kozlowski,joanna.kozlowski@yahoo.com,,Vilnius,Lithuania,Bite,Senior Legal Counsel,linkedin.com/in/joanna-kozlowski-476,2025-01-06
CAND-3188,Rafal,Szymanski,rafal.szymanski1@outlook.com,,Kaunas,Lithuania,DXC Technology,Senior Data Engineer,,2024-06-30
CAND-3189,Bohdan,Melnyk,bohdan.melnyk@gmail.com,668.429.6707,Gdansk,Poland,EA Games,Data Engineer,linkedin.com/in/bohdan-melnyk-280,2025-01-07
CAND-3190,Iryna,Kovalchuk,iryna.kovalchuk1@outlook.com,,Warsaw,Poland,Vinted,Product Manager,linkedin.com/in/iryna-kovalchuk-698,2024-10-01
CAND-3191,Chloe,Clark,chloe.clark@outlook.com,453-819-3625,Amsterdam,Netherlands,Checkout.com,Platform Engineer,,2024-12-16
CAND-3192,Emily,Thomas,emily.thomas1@gmail.com,9227169088,Kyiv,Ukraine,Paddle,DevOps Engineer,,2024-02-09
CAND-3193,Isabelle,Hughes,isabelle.hughes@gmail.com,580-329-3358x384,Kyiv,Ukraine,Swedbank,Senior Growth Manager,,2024-12-11
CAND-3194,Alina,Melnyk,alina.melnyk1@gmail.com,7656735174,Kaunas,Lithuania,SEB,Principal Product Manager,linkedin.com/in/alina-melnyk-686,2025-02-19
CAND-3195,Ioana,Petrov,ioana.petrov@protonmail.com,(593)551-0214x0128,Amsterdam,Netherlands,Vinted,Data Engineering Manager,,2025-01-19
CAND-3196,Andriy,Marchenko,andriy.marchenko@gmail.com,295-558-9799,Vilnius,Lithuania,Personio,Trust and Safety Analyst,,2024-01-21
CAND-3197,Pawel,Wozniak,pawel.wozniak@outlook.com,,Riga,Latvia,Freelance,Head of Legal,linkedin.com/in/pawel-wozniak-394,2024-04-30
CAND-3198,Thomas,Evans,thomas.evans@gmail.com,997-217-7170x30568,Berlin,Germany,Contentful,Head of Growth,linkedin.com/in/thomas-evans-163,2024-08-18
CAND-3199,Michael,Muller,michael.muller1@protonmail.com,001-841-624-6051,London,United Kingdom,Jam City,Senior Legal Manager,linkedin.com/in/michael-muller-982,2024-09-07
CAND-3200,Anna,Kowalczyk,anna.kowalczyk1@gmail.com,+1-638-395-3376,Tallinn,Estonia,Vinted,Customer Support Lead,linkedin.com/in/anna-kowalczyk-581,2024-01-16
CAND-3201,Inga,Butkus,inga.butkus1@outlook.com,001-987-567-7600x64345,Kaunas,Lithuania,Zalando,Senior Backend Engineer,linkedin.com/in/inga-butkus-745,2024-02-21
CAND-3202,Janos,Kuznetsov,janos.kuznetsov2@gmail.com,,Warsaw,Poland,Cognizant,Senior Marketing Manager,linkedin.com/in/janos-kuznetsov-284,2025-05-11
CAND-3203,Kamil,Wozniak,kamil.wozniak2@gmail.com,,Berlin,Germany,Atea,Senior Customer Support Specialist,linkedin.com/in/kamil-wozniak-243,2025-01-04
CAND-3204,Ruta,Paulauskas,ruta.paulauskas1@gmail.com,873-903-3249,Warsaw,Poland,Pipedrive,Group Product Manager,linkedin.com/in/ruta-paulauskas-893,2024-12-19
CAND-3205,Domantas,Paulauskas,domantas.paulauskas1@yahoo.com,574-351-0484x80947,Vilnius,Lithuania,Playtika,Senior Operations Specialist,linkedin.com/in/domantas-paulauskas-122,2024-01-04
CAND-3206,Anna,Kowalczyk,anna.kowalczyk1@protonmail.com,,Vilnius,Lithuania,Telia,Performance Marketing Manager,linkedin.com/in/anna-kowalczyk-816,2024-05-28
CAND-3207,Noah,Clark,noah.clark1@yahoo.com,+1-215-960-5427,Warsaw,Poland,LMT,Marketing Coordinator,linkedin.com/in/noah-clark-282,2024-07-27
CAND-3208,Oleksiy,Kravchenko,oleksiy.kravchenko1@outlook.com,+1-995-894-7611x107,Riga,Latvia,Bite,Product Manager,linkedin.com/in/oleksiy-kravchenko-310,2024-10-31
CAND-3209,Vasyl,Shevchuk,vasyl.shevchuk@gmail.com,475-845-6572x8972,Hamburg,Germany,SEB,FP&A Manager,linkedin.com/in/vasyl-shevchuk-537,2024-12-24
CAND-3210,Florian,Klein,florian.klein@protonmail.com,,London,United Kingdom,Zynga,FP&A Analyst,linkedin.com/in/florian-klein-220,2025-01-11
CAND-3211,Simona,Paulauskas,simona.paulauskas@gmail.com,+1-893-748-5403x90984,Warsaw,Poland,Freelance,Principal Product Manager,,2024-08-21
CAND-3212,Ruta,Stonkus,ruta.stonkus@gmail.com,001-860-966-9926x1382,Vilnius,Lithuania,Delivery Hero,Marketing Manager,linkedin.com/in/ruta-stonkus-683,2025-01-30
CAND-3213,Tomas,Stonkus,tomas.stonkus@outlook.com,2975777957,Vilnius,Lithuania,EPAM Systems,Growth Lead,,2025-03-15
CAND-3214,Viktor,Oliynyk,viktor.oliynyk@protonmail.com,001-496-926-3779,Vilnius,Lithuania,Revolut,Senior Compliance Manager,,2024-07-26
CAND-3215,Marcin,Szymanski,marcin.szymanski@gmail.com,810-473-5128,Amsterdam,Netherlands,TrueLayer,Data Analyst,linkedin.com/in/marcin-szymanski-130,2024-04-05
CAND-3216,Ivan,Oliynyk,ivan.oliynyk@outlook.com,(506)582-4323,London,United Kingdom,Danske Bank,Principal Product Manager,linkedin.com/in/ivan-oliynyk-103,2025-06-03
CAND-3217,Katharina,Hartmann,katharina.hartmann@outlook.com,,Kaunas,Lithuania,TrueLayer,Senior Data Analyst,,2025-01-31
CAND-3218,Tadas,Kairys,tadas.kairys@protonmail.com,,Vilnius,Lithuania,Revolut,Senior Compliance Manager,,2024-06-16
CAND-3219,Katarzyna,Zielinski,katarzyna.zielinski@gmail.com,2238993446,Vilnius,Lithuania,Checkout.com,Product Lead,linkedin.com/in/katarzyna-zielinski-392,2024-04-13
CAND-3220,Lena,Hoffmann,lena.hoffmann@outlook.com,001-706-994-3069x523,Vilnius,Lithuania,Paddle,Senior Mobile Engineer,linkedin.com/in/lena-hoffmann-104,2024-12-20
CAND-3221,Bence,Smirnov,bence.smirnov@yahoo.com,+1-765-529-4128,Wroclaw,Poland,Personio,SEO Specialist,,2024-11-21
CAND-3222,Svitlana,Lytovchenko,svitlana.lytovchenko1@protonmail.com,500.364.4885x4875,Vilnius,Lithuania,Nord Security,Brand Manager,linkedin.com/in/svitlana-lytovchenko-532,2025-03-08
CAND-3223,Felix,Meyer,felix.meyer@protonmail.com,498-204-2554,Krakow,Poland,Jam City,Financial Analyst,linkedin.com/in/felix-meyer-842,2024-01-09
CAND-3224,Bence,Nagy,bence.nagy@protonmail.com,,London,United Kingdom,Contentful,Compliance Specialist,,2025-06-22
CAND-3225,Oleh,Melnyk,oleh.melnyk@gmail.com,,Warsaw,Poland,Checkout.com,UX Researcher,linkedin.com/in/oleh-melnyk-831,2024-03-20
CAND-3226,Jonas,Grigas,jonas.grigas2@protonmail.com,937-864-2550x78688,Lviv,Ukraine,Personio,Senior Compliance Manager,,2024-09-15
CAND-3227,Lina,Noreika,lina.noreika3@gmail.com,3209392213,London,United Kingdom,King,Trust and Safety Lead,linkedin.com/in/lina-noreika-545,2024-05-18
CAND-3228,Tomas,Daunoras,tomas.daunoras@yahoo.com,4199586639,Hamburg,Germany,SumUp,Engineering Manager,linkedin.com/in/tomas-daunoras-401,2025-02-20
CAND-3229,Janos,Fedorov,janos.fedorov@protonmail.com,001-487-628-7314,London,United Kingdom,Telia,Senior Operations Specialist,,2024-11-03
CAND-3230,Vilius,Zukauskas,vilius.zukauskas@outlook.com,001-656-629-1796,Vilnius,Lithuania,Zynga,VP of Engineering,linkedin.com/in/vilius-zukauskas-835,2025-03-06
CAND-3231,Rafal,Dabrowska,rafal.dabrowska1@gmail.com,260-933-2888,Lviv,Ukraine,SumUp,Product Manager,linkedin.com/in/rafal-dabrowska-338,2025-02-20
CAND-3232,Sarah,Hoffmann,sarah.hoffmann@gmail.com,,Riga,Latvia,,,,2025-06-21
CAND-3233,Tomasz,Zielinski,tomasz.zielinski@protonmail.com,7053102874,Kaunas,Lithuania,Ubisoft,HR Manager,linkedin.com/in/tomasz-zielinski-469,2025-02-15
CAND-3234,Mateusz,Wozniak,mateusz.wozniak@gmail.com,(702)620-1754,Tallinn,Estonia,Pipedrive,Finance Manager,linkedin.com/in/mateusz-wozniak-592,2024-08-25
CAND-3235,Serhiy,Kovalenko,serhiy.kovalenko1@gmail.com,664-887-9210,Vilnius,Lithuania,Telia,TA Manager,linkedin.com/in/serhiy-kovalenko-137,2025-03-20
CAND-3236,Ruta,Radzevicius,ruta.radzevicius2@gmail.com,(227)550-1526x97442,Tallinn,Estonia,Telia,L&D Specialist,linkedin.com/in/ruta-radzevicius-418,2024-09-11
CAND-3237,Dovydas,Mockus,dovydas.mockus@outlook.com,001-960-478-5483x3095,Kyiv,Ukraine,DXC Technology,Finance Manager,,2024-01-05
CAND-3238,Andrei,Ivanov,andrei.ivanov@protonmail.com,683.768.0601,Krakow,Poland,LMT,Performance Marketing Manager,linkedin.com/in/andrei-ivanov-521,2025-02-10
CAND-3239,Natalia,Kaminski,natalia.kaminski@gmail.com,392.932.6714x858,Berlin,Germany,Jam City,HR Manager,,2025-05-21
CAND-3240,Laura,Kazlauskas,laura.kazlauskas1@protonmail.com,9154019679,Vilnius,Lithuania,Playtika,Talent Acquisition Specialist,,2025-03-06
CAND-3241,Vladislav,Fedorov,vladislav.fedorov@protonmail.com,4927519201,London,United Kingdom,CGI,Senior Analytics Manager,linkedin.com/in/vladislav-fedorov-427,2024-07-16
CAND-3242,Laura,Jankauskas,laura.jankauskas@gmail.com,,Vilnius,Lithuania,Barclays Technology,Senior Operations Specialist,linkedin.com/in/laura-jankauskas-958,2025-05-25
CAND-3243,Aleksandra,Szymanski,aleksandra.szymanski2@gmail.com,(533)929-7049,Kyiv,Ukraine,Vinted,Senior FP&A Analyst,,2024-06-16
CAND-3244,Daria,Toth,daria.toth3@gmail.com,,Vilnius,Lithuania,Personio,Marketing Coordinator,linkedin.com/in/daria-toth-237,2025-05-21
CAND-3245,Lukasz,Wojcik,lukasz.wojcik1@gmail.com,,Lviv,Ukraine,EA Games,FP&A Analyst,linkedin.com/in/lukasz-wojcik-610,2024-10-16
CAND-3246,Tiberiu,Smirnov,tiberiu.smirnov3@gmail.com,001-758-329-1585,Tallinn,Estonia,Swedbank,Senior Finance Manager,linkedin.com/in/tiberiu-smirnov-988,2025-06-06
CAND-3247,Monika,Radzevicius,monika.radzevicius@gmail.com,263-997-1492,Tallinn,Estonia,,,,2024-01-23
CAND-3248,Neringa,Rimkus,neringa.rimkus1@gmail.com,474-714-2487x39626,Vilnius,Lithuania,Ubisoft,CRM Manager,linkedin.com/in/neringa-rimkus-231,2025-05-29
CAND-3249,Saulius,Grigas,saulius.grigas@gmail.com,,Amsterdam,Netherlands,Wise,Senior Financial Analyst,linkedin.com/in/saulius-grigas-758,2025-01-07
CAND-3250,Marta,Lewandowski,marta.lewandowski@yahoo.com,+1-818-983-1249x773,Warsaw,Poland,Atea,HR Business Partner,linkedin.com/in/marta-lewandowski-889,2024-08-16
CAND-3251,Laura,Petrauskas,laura.petrauskas@protonmail.com,,London,United Kingdom,Barclays Technology,Staff Engineer,linkedin.com/in/laura-petrauskas-851,2024-09-02
CAND-3252,Yulia,Bondarenko,yulia.bondarenko@gmail.com,,Krakow,Poland,Freelance,Finance Manager,,2024-08-02
CAND-3253,Anastasia,Nagy,anastasia.nagy@yahoo.com,424.843.4354x9787,Tallinn,Estonia,Bolt,Data Engineer,linkedin.com/in/anastasia-nagy-775,2025-06-07
CAND-3254,Rokas,Noreika,rokas.noreika@yahoo.com,(271)556-4380x299,Kyiv,Ukraine,Jam City,Legal Counsel,linkedin.com/in/rokas-noreika-128,2025-03-30
CAND-3255,Tomas,Zukauskas,tomas.zukauskas@gmail.com,680-242-4796x000,Vilnius,Lithuania,Bite,L&D Specialist,,2024-07-26
CAND-3256,Matas,Kazlauskas,matas.kazlauskas@outlook.com,+1-816-457-3762x426,Vilnius,Lithuania,DXC Technology,Security Engineer,,2024-09-04
CAND-3257,Paulina,Szymanski,paulina.szymanski@protonmail.com,(554)292-0369,London,United Kingdom,Freelance,Senior CRM Manager,linkedin.com/in/paulina-szymanski-954,2024-07-18
CAND-3258,Ewelina,Wozniak,ewelina.wozniak1@gmail.com,+1-414-401-5273x117,Warsaw,Poland,EA Games,Head of Marketing,linkedin.com/in/ewelina-wozniak-835,2024-06-06
CAND-3259,Andriy,Lytovchenko,andriy.lytovchenko@yahoo.com,(441)547-5690x0184,Kaunas,Lithuania,Atea,UX Researcher,linkedin.com/in/andriy-lytovchenko-269,2025-05-08
CAND-3260,Bence,Smirnov,bence.smirnov2@gmail.com,559.784.7422,Warsaw,Poland,N26,Head of Growth,,2025-04-01
CAND-3261,Natalia,Marchenko,natalia.marchenko1@protonmail.com,+1-866-477-1539x022,Warsaw,Poland,DXC Technology,Operations Manager,linkedin.com/in/natalia-marchenko-533,2024-04-07
CAND-3262,Aleksander,Nagy,aleksander.nagy@gmail.com,,Riga,Latvia,King,Senior Analytics Engineer,linkedin.com/in/aleksander-nagy-725,2024-12-31
CAND-3263,Kinga,Popescu,kinga.popescu1@gmail.com,001-247-236-5003x2990,Tallinn,Estonia,Accenture,Senior CRM Manager,linkedin.com/in/kinga-popescu-765,2025-03-07
CAND-3264,Inga,Stankus,inga.stankus1@gmail.com,,Riga,Latvia,SEB,Brand Manager,linkedin.com/in/inga-stankus-689,2024-06-20
CAND-3265,Lena,Weber,lena.weber@protonmail.com,,Kaunas,Lithuania,Wise,Analytics Engineer,linkedin.com/in/lena-weber-190,2024-03-19
CAND-3266,David,Koch,david.koch@gmail.com,(647)261-4427x87355,Vilnius,Lithuania,,,linkedin.com/in/david-koch-432,2025-04-01
CAND-3267,Yulia,Boyko,yulia.boyko1@gmail.com,001-942-731-6979x206,Tallinn,Estonia,TransferGo,Senior TA Specialist,,2025-01-28
CAND-3268,Domantas,Noreika,domantas.noreika@gmail.com,793-593-4396x904,Krakow,Poland,Tesonet,Senior Legal Counsel,,2025-04-06
CAND-3269,Marius,Kuznetsov,marius.kuznetsov@gmail.com,001-392-552-8783x5733,Berlin,Germany,Accenture,Senior Product Lead,linkedin.com/in/marius-kuznetsov-761,2024-05-01
CAND-3270,Sophie,Hughes,sophie.hughes@yahoo.com,407.534.5330,Vilnius,Lithuania,Playtika,Senior Legal Counsel,linkedin.com/in/sophie-hughes-948,2025-01-17
CAND-3271,Marta,Kaminski,marta.kaminski@outlook.com,,London,United Kingdom,SEB,Director of Engineering,linkedin.com/in/marta-kaminski-376,2024-08-28
CAND-3272,Lukas,Kazlauskas,lukas.kazlauskas@gmail.com,(441)222-4740x98537,Kaunas,Lithuania,LMT,Senior TA Specialist,linkedin.com/in/lukas-kazlauskas-964,2025-02-08
CAND-3273,Marcin,Kozlowski,marcin.kozlowski2@gmail.com,535.405.1602,Berlin,Germany,EPAM Systems,Group Product Manager,linkedin.com/in/marcin-kozlowski-632,2024-11-28
CAND-3274,Larysa,Lytovchenko,larysa.lytovchenko@gmail.com,610-471-5558x70940,Vilnius,Lithuania,EPAM Systems,HR Manager,linkedin.com/in/larysa-lytovchenko-819,2025-05-11
CAND-3275,Natalia,Kovalchuk,natalia.kovalchuk@gmail.com,(445)764-1199,Riga,Latvia,LMT,Marketing Manager,linkedin.com/in/natalia-kovalchuk-894,2024-10-30
CAND-3276,Lina,Kairys,lina.kairys@gmail.com,(512)753-8078x191,Riga,Latvia,Tesonet,Brand Manager,,2025-01-21
CAND-3277,Lina,Paulauskas,lina.paulauskas@gmail.com,3537494197,Vilnius,Lithuania,Zynga,DevOps Engineer,linkedin.com/in/lina-paulauskas-690,2024-03-01
CAND-3278,Rokas,Daunoras,rokas.daunoras@yahoo.com,001-675-857-1663x282,Vilnius,Lithuania,Zynga,Financial Analyst,linkedin.com/in/rokas-daunoras-736,2025-01-31
CAND-3279,Sophie,Hoffmann,sophie.hoffmann@outlook.com,,Amsterdam,Netherlands,Tesonet,Growth Analyst,linkedin.com/in/sophie-hoffmann-418,2025-04-25
CAND-3280,Aleksandra,Wozniak,aleksandra.wozniak@gmail.com,806.516.2185,Vilnius,Lithuania,Atea,Head of Talent Acquisition,linkedin.com/in/aleksandra-wozniak-541,2024-06-30
CAND-3281,Kamil,Kozlowski,kamil.kozlowski@gmail.com,820-707-6150x42059,Kyiv,Ukraine,King,Compliance Specialist,linkedin.com/in/kamil-kozlowski-933,2024-12-06
CAND-3282,Dmytro,Marchenko,dmytro.marchenko@gmail.com,,Riga,Latvia,Delivery Hero,Senior HR Business Partner,,2024-03-30
CAND-3283,Erikas,Kairys,erikas.kairys1@gmail.com,+1-269-377-1433x60809,Krakow,Poland,Checkout.com,Director of Data and Analytics,linkedin.com/in/erikas-kairys-723,2024-05-01
CAND-3284,Serhiy,Marchenko,serhiy.marchenko@gmail.com,9143610392,Warsaw,Poland,Jam City,Senior Data Engineer,linkedin.com/in/serhiy-marchenko-482,2025-02-22
CAND-3285,Taras,Melnyk,taras.melnyk1@gmail.com,+1-393-804-6163,Tallinn,Estonia,Miniclip,Senior Product Manager,,2025-01-25
CAND-3286,Emily,Taylor,emily.taylor@outlook.com,778.851.8569x05096,Warsaw,Poland,EPAM Systems,Senior Financial Analyst,,2024-03-07
CAND-3287,Agnieszka,Kaminski,agnieszka.kaminski4@gmail.com,,Berlin,Germany,Ubisoft,VP of Product,linkedin.com/in/agnieszka-kaminski-802,2024-06-13
CAND-3288,Weronika,Kowalski,weronika.kowalski2@gmail.com,001-288-326-7280x07272,Amsterdam,Netherlands,Telia,Security Engineer,linkedin.com/in/weronika-kowalski-952,2024-10-25
CAND-3289,Rafal,Mazur,rafal.mazur@protonmail.com,+1-247-523-7356x40783,Vilnius,Lithuania,LMT,Analytics Manager,linkedin.com/in/rafal-mazur-102,2025-02-23
CAND-3290,Bence,Popescu,bence.popescu2@gmail.com,3696789995,Kyiv,Ukraine,Atea,Data Analyst,linkedin.com/in/bence-popescu-763,2025-05-06
CAND-3291,Joanna,Lewandowski,joanna.lewandowski@protonmail.com,(249)883-6714x674,Warsaw,Poland,Wargaming,Frontend Engineer,linkedin.com/in/joanna-lewandowski-166,2025-06-16
CAND-3292,Rafal,Fedorov,rafal.fedorov1@yahoo.com,(688)767-5185x7116,Vilnius,Lithuania,Tesonet,Senior FP&A Analyst,linkedin.com/in/rafal-fedorov-760,2024-04-12
CAND-3293,Tetyana,Shevchuk,tetyana.shevchuk1@gmail.com,(405)295-6343x18073,Kaunas,Lithuania,Zynga,Frontend Engineer,,2025-02-17
CAND-3294,Matas,Stonkus,matas.stonkus@outlook.com,,Berlin,Germany,Cognizant,Security Engineer,linkedin.com/in/matas-stonkus-795,2024-06-18
CAND-3295,Filip,Kozlowski,filip.kozlowski@gmail.com,001-502-258-5653x3777,London,United Kingdom,SumUp,Data Analyst,linkedin.com/in/filip-kozlowski-420,2024-12-13
CAND-3296,Ewelina,Nowak,ewelina.nowak1@protonmail.com,,Amsterdam,Netherlands,Nord Security,Senior Performance Marketer,,2024-09-11
CAND-3297,Lina,Urbonas,lina.urbonas@gmail.com,+1-931-467-8719x26154,Vilnius,Lithuania,DXC Technology,CRM Manager,,2024-11-23
CAND-3298,Matas,Mockus,matas.mockus1@gmail.com,7122402545,Vilnius,Lithuania,Delivery Hero,Senior Operations Specialist,,2025-03-18
CAND-3299,Jakub,Szymanski,jakub.szymanski1@gmail.com,,Kaunas,Lithuania,Wargaming,Senior TA Specialist,,2025-06-19
CAND-3300,Greta,Rimkus,greta.rimkus1@gmail.com,+1-805-949-0809x98397,London,United Kingdom,Revolut,L&D Specialist,linkedin.com/in/greta-rimkus-866,2024-07-03
CAND-3301,Halyna,Oliynyk,halyna.oliynyk1@gmail.com,,Amsterdam,Netherlands,Revolut,Customer Support Manager,,2025-01-24
CAND-3302,Saulius,Noreika,saulius.noreika2@gmail.com,,Vilnius,Lithuania,Tesonet,Head of Growth,,2025-04-16
CAND-3303,Piotr,Lewandowski,piotr.lewandowski@gmail.com,,Tallinn,Estonia,Bite,Head of Engineering,,2024-04-07
CAND-3304,Ella,Wilson,ella.wilson@outlook.com,,Kyiv,Ukraine,Checkout.com,Compensation and Benefits Analyst,linkedin.com/in/ella-wilson-550,2025-04-28
CAND-3305,Rytis,Levinskas,rytis.levinskas1@yahoo.com,588.272.4616,Wroclaw,Poland,Paddle,Product Lead,linkedin.com/in/rytis-levinskas-895,2024-08-16
CAND-3306,Petra,Ivanov,petra.ivanov1@outlook.com,343.683.0009,Kaunas,Lithuania,Zalando,Compliance Manager,linkedin.com/in/petra-ivanov-395,2024-12-06
CAND-3307,Egle,Stonkus,egle.stonkus@gmail.com,652.394.9307,Krakow,Poland,,,linkedin.com/in/egle-stonkus-387,2025-02-21
CAND-3308,Daria,Fedorov,daria.fedorov1@yahoo.com,599.765.4662x897,Kaunas,Lithuania,Delivery Hero,Security Engineer,linkedin.com/in/daria-fedorov-485,2024-02-15
CAND-3309,Janos,Toth,janos.toth1@yahoo.com,789-862-2527,Warsaw,Poland,King,Senior HR Business Partner,linkedin.com/in/janos-toth-255,2024-05-24
CAND-3310,Dovydas,Zukauskas,dovydas.zukauskas@gmail.com,2027230234,Vilnius,Lithuania,Barclays Technology,Customer Support Lead,,2024-09-08
CAND-3311,Jakub,Lewandowski,jakub.lewandowski@outlook.com,(477)212-5158x9041,Tallinn,Estonia,Freelance,Senior HR Manager,linkedin.com/in/jakub-lewandowski-803,2025-01-27
CAND-3312,Mykola,Kravchenko,mykola.kravchenko@gmail.com,616-666-0812x39278,Krakow,Poland,EA Games,Security Engineer,,2025-06-15
CAND-3313,Ioana,Ionescu,ioana.ionescu1@gmail.com,,Vilnius,Lithuania,Nord Security,Senior Financial Analyst,,2024-07-28
CAND-3314,Michael,Schulz,michael.schulz@gmail.com,790.698.6361x5276,Warsaw,Poland,Paddle,FP&A Analyst,linkedin.com/in/michael-schulz-952,2025-05-14
CAND-3315,Domantas,Butkus,domantas.butkus@outlook.com,,London,United Kingdom,DXC Technology,Senior Legal Manager,,2024-08-17
CAND-3316,Noah,Jones,noah.jones@protonmail.com,,Vilnius,Lithuania,EPAM Systems,Senior Performance Marketer,linkedin.com/in/noah-jones-147,2025-04-25
CAND-3317,Viktor,Kovalchuk,viktor.kovalchuk@yahoo.com,542-302-2482x4886,Warsaw,Poland,TransferGo,Senior Product Manager,linkedin.com/in/viktor-kovalchuk-638,2025-04-28
CAND-3318,Lukas,Levinskas,lukas.levinskas@gmail.com,373.371.4503,Gdansk,Poland,Atea,Senior Legal Counsel,linkedin.com/in/lukas-levinskas-234,2024-08-05
CAND-3319,Dovydas,Paulauskas,dovydas.paulauskas1@outlook.com,,Vilnius,Lithuania,Wise,Senior Marketing Manager,,2025-06-22
CAND-3320,Dmytro,Shevchuk,dmytro.shevchuk@gmail.com,+1-502-866-9141,Vilnius,Lithuania,Luminor,Growth Analyst,linkedin.com/in/dmytro-shevchuk-452,2024-05-13
CAND-3321,Marius,Ionescu,marius.ionescu@yahoo.com,,Vilnius,Lithuania,Ubisoft,Senior Customer Support Specialist,linkedin.com/in/marius-ionescu-945,2024-03-12
CAND-3322,Karolina,Jankowski,karolina.jankowski1@gmail.com,3613047189,Kaunas,Lithuania,Jam City,Data Analyst,linkedin.com/in/karolina-jankowski-778,2025-04-04
CAND-3323,Janos,Kuznetsov,janos.kuznetsov3@gmail.com,,Warsaw,Poland,Bolt,FP&A Analyst,linkedin.com/in/janos-kuznetsov-821,2024-08-29
CAND-3324,Oscar,Wilson,oscar.wilson1@gmail.com,,Vilnius,Lithuania,Jam City,Management Accountant,,2024-01-08
CAND-3325,Agnieszka,Kozlowski,agnieszka.kozlowski1@protonmail.com,,Kaunas,Lithuania,Contentful,Growth Manager,,2024-07-10
CAND-3326,Piotr,Kowalski,piotr.kowalski1@gmail.com,,Krakow,Poland,SEB,Senior Product Manager,,2025-01-06
CAND-3327,Lisa,Schmidt,lisa.schmidt1@gmail.com,001-892-556-9247,Vilnius,Lithuania,EA Games,HR Business Partner,,2024-06-02
CAND-3328,Mindaugas,Jankauskas,mindaugas.jankauskas@protonmail.com,,Warsaw,Poland,Jam City,Talent Acquisition Specialist,linkedin.com/in/mindaugas-jankauskas-151,2024-08-15
CAND-3329,William,Davies,william.davies@outlook.com,310-634-1413x1811,Warsaw,Poland,Nord Security,Operations Manager,,2024-01-29
CAND-3330,Thomas,Williams,thomas.williams@protonmail.com,2516325179,Kaunas,Lithuania,Pipedrive,Financial Analyst,linkedin.com/in/thomas-williams-374,2025-02-04
CAND-3331,Ewelina,Kowalski,ewelina.kowalski2@gmail.com,670-985-6094x0671,Kyiv,Ukraine,Danske Bank,Partner Operations Manager,linkedin.com/in/ewelina-kowalski-860,2024-10-21
CAND-3332,Taras,Melnyk,taras.melnyk@protonmail.com,,Vilnius,Lithuania,Delivery Hero,Junior BI Analyst,,2024-04-17
CAND-3333,Alina,Kovalenko,alina.kovalenko1@outlook.com,931.703.1456x45722,Amsterdam,Netherlands,TransferGo,Legal Manager,linkedin.com/in/alina-kovalenko-451,2024-05-02
CAND-3334,Daria,Petrov,daria.petrov@outlook.com,+1-979-240-7403x37449,Kaunas,Lithuania,Playtika,FP&A Analyst,linkedin.com/in/daria-petrov-777,2024-05-28
CAND-3335,Katharina,Weber,katharina.weber@gmail.com,+1-633-391-3694x126,London,United Kingdom,Atea,Senior TA Specialist,,2024-06-17
CAND-3336,Laura,Noreika,laura.noreika1@outlook.com,3602326753,Vilnius,Lithuania,N26,TA Manager,linkedin.com/in/laura-noreika-599,2025-01-20
CAND-3337,George,Walker,george.walker@gmail.com,(676)831-0108x965,London,United Kingdom,Cognizant,Group Product Manager,,2024-12-11
CAND-3338,Vaida,Radzevicius,vaida.radzevicius@gmail.com,225-636-0640,Gdansk,Poland,Vinted,QA Engineer,,2025-03-12
CAND-3339,Philipp,Fischer,philipp.fischer@gmail.com,648.667.9486x989,Hamburg,Germany,Adform,Compliance Manager,linkedin.com/in/philipp-fischer-744,2024-04-05
CAND-3340,Inga,Radzevicius,inga.radzevicius@yahoo.com,,Warsaw,Poland,Vinted,Product Designer,linkedin.com/in/inga-radzevicius-552,2024-02-12
CAND-3341,Tomas,Daunoras,tomas.daunoras1@gmail.com,917.503.6100x77017,Vilnius,Lithuania,Telia,Mobile Engineer,linkedin.com/in/tomas-daunoras-430,2024-07-26
CAND-3342,David,Bauer,david.bauer1@gmail.com,+1-375-994-9330x7811,Vilnius,Lithuania,Wise,Senior Engineering Manager,linkedin.com/in/david-bauer-170,2025-05-18
CAND-3343,Marta,Zielinski,marta.zielinski@gmail.com,,Berlin,Germany,King,Senior Operations Specialist,linkedin.com/in/marta-zielinski-666,2024-04-26
CAND-3344,Agnieszka,Jankowski,agnieszka.jankowski1@yahoo.com,396-600-4902,Tallinn,Estonia,Nord Security,Engineering Manager,,2025-03-09
CAND-3345,Hannah,Schmidt,hannah.schmidt@gmail.com,,Kyiv,Ukraine,SEB,Management Accountant,linkedin.com/in/hannah-schmidt-591,2025-01-20
CAND-3346,Vaida,Zukauskas,vaida.zukauskas@gmail.com,641-855-9674x3338,Vilnius,Lithuania,SumUp,Trust and Safety Analyst,linkedin.com/in/vaida-zukauskas-987,2024-11-09
CAND-3347,Saulius,Daunoras,saulius.daunoras1@gmail.com,,Krakow,Poland,Revolut,Talent Acquisition Specialist,linkedin.com/in/saulius-daunoras-743,2024-12-08
CAND-3348,Harry,Thomas,harry.thomas1@protonmail.com,,Warsaw,Poland,CGI,Junior Data Analyst,,2025-02-23
CAND-3349,Aleksandra,Jankowski,aleksandra.jankowski@gmail.com,,Krakow,Poland,TrueLayer,Engineering Manager,linkedin.com/in/aleksandra-jankowski-310,2024-02-13
CAND-3350,Aleksander,Petrov,aleksander.petrov1@outlook.com,001-555-223-9170x335,Vilnius,Lithuania,,,linkedin.com/in/aleksander-petrov-931,2024-02-24
CAND-3351,Neringa,Kazlauskas,neringa.kazlauskas@gmail.com,001-904-999-9266x53619,Tallinn,Estonia,LMT,Senior HR Business Partner,linkedin.com/in/neringa-kazlauskas-762,2024-05-05
CAND-3352,Philipp,Klein,philipp.klein1@gmail.com,917.439.4624,Vilnius,Lithuania,Atea,Senior Compliance Manager,linkedin.com/in/philipp-klein-823,2024-10-11
CAND-3353,Jonas,Rimkus,jonas.rimkus2@gmail.com,985.886.5392,Riga,Latvia,Cognizant,Senior Performance Marketer,linkedin.com/in/jonas-rimkus-890,2024-11-21
CAND-3354,Philipp,Wagner,philipp.wagner@yahoo.com,+1-371-941-3493,Hamburg,Germany,Miniclip,Senior Data Engineer,,2024-08-20
CAND-3355,Arnas,Mockus,arnas.mockus@gmail.com,+1-767-906-0558x173,Vilnius,Lithuania,Jam City,Senior Product Manager,linkedin.com/in/arnas-mockus-515,2024-11-24
CAND-3356,Sophie,Schmidt,sophie.schmidt@protonmail.com,+1-521-716-2506x989,Vilnius,Lithuania,Bite,Senior HR Business Partner,linkedin.com/in/sophie-schmidt-691,2025-06-03
CAND-3357,Aleksandra,Nowak,aleksandra.nowak@protonmail.com,001-746-946-3989x70145,Kaunas,Lithuania,Atea,Principal Product Manager,,2024-06-12
CAND-3358,Alexander,Wagner,alexander.wagner@protonmail.com,8398342718,Warsaw,Poland,,,linkedin.com/in/alexander-wagner-355,2025-06-30
CAND-3359,Lukas,Kairys,lukas.kairys1@gmail.com,001-292-255-2905x0926,Vilnius,Lithuania,Atea,Compliance Manager,,2024-05-26
CAND-3360,Lukasz,Szymanski,lukasz.szymanski1@outlook.com,,Vilnius,Lithuania,Bite,Brand Manager,linkedin.com/in/lukasz-szymanski-910,2024-08-22
CAND-3361,David,Hartmann,david.hartmann1@gmail.com,,Riga,Latvia,Luminor,Senior Financial Analyst,linkedin.com/in/david-hartmann-200,2025-02-09
CAND-3362,Andriy,Kovalchuk,andriy.kovalchuk@outlook.com,3119015616,Tallinn,Estonia,Playtika,Staff Engineer,linkedin.com/in/andriy-kovalchuk-718,2024-10-01
CAND-3363,Jonas,Rimkus,jonas.rimkus@yahoo.com,584.249.8121,Berlin,Germany,Nord Security,Compensation and Benefits Analyst,linkedin.com/in/jonas-rimkus-642,2024-02-18
CAND-3364,Mirela,Ionescu,mirela.ionescu@yahoo.com,2888238469,Vilnius,Lithuania,,,linkedin.com/in/mirela-ionescu-391,2025-02-15
CAND-3365,William,Walker,william.walker@gmail.com,823.731.0448x1773,Berlin,Germany,SumUp,TA Coordinator,linkedin.com/in/william-walker-927,2025-03-20
CAND-3366,Janos,Toth,janos.toth1@protonmail.com,361-892-2188x22063,Vilnius,Lithuania,Bite,Data Engineering Manager,linkedin.com/in/janos-toth-107,2024-11-08
CAND-3367,Anna,Jankowski,anna.jankowski@protonmail.com,517-861-3023x6416,Kyiv,Ukraine,Personio,Principal Product Manager,linkedin.com/in/anna-jankowski-522,2024-09-18
CAND-3368,Iryna,Shevchuk,iryna.shevchuk1@protonmail.com,,Krakow,Poland,Nord Security,Senior Marketing Manager,linkedin.com/in/iryna-shevchuk-815,2024-06-14
CAND-3369,Larysa,Shevchuk,larysa.shevchuk1@gmail.com,335.599.1676x40323,Kaunas,Lithuania,Delivery Hero,Data Engineer,linkedin.com/in/larysa-shevchuk-279,2024-03-31
CAND-3370,Vilius,Petrauskas,vilius.petrauskas1@protonmail.com,+1-625-728-2671x26937,Berlin,Germany,Bolt,Compliance Manager,linkedin.com/in/vilius-petrauskas-258,2025-06-07
CAND-3371,Anna,Szymanski,anna.szymanski@gmail.com,(625)529-6444,London,United Kingdom,SumUp,Junior Product Designer,linkedin.com/in/anna-szymanski-190,2025-03-03
CAND-3372,Krzysztof,Szymanski,krzysztof.szymanski@yahoo.com,001-668-268-1114x3306,Tallinn,Estonia,Checkout.com,Operations Manager,,2024-02-29
CAND-3373,Lily,Williams,lily.williams@outlook.com,+1-280-858-7715x559,Berlin,Germany,Personio,Senior HR Business Partner,linkedin.com/in/lily-williams-350,2025-03-07
CAND-3374,Iryna,Marchenko,iryna.marchenko1@gmail.com,001-227-687-9025x912,Vilnius,Lithuania,EPAM Systems,HR Business Partner,linkedin.com/in/iryna-marchenko-918,2024-06-12
CAND-3375,Tadas,Grigas,tadas.grigas1@yahoo.com,(737)621-6266x0323,London,United Kingdom,Personio,Senior HR Business Partner,linkedin.com/in/tadas-grigas-179,2024-06-03
CAND-3376,Yulia,Oliynyk,yulia.oliynyk1@gmail.com,,Hamburg,Germany,Revolut,Head of Engineering,,2024-05-11
CAND-3377,Dovydas,Stankus,dovydas.stankus1@outlook.com,980-929-5599,Riga,Latvia,Checkout.com,Senior TA Specialist,,2024-05-13
CAND-3378,Thomas,Smith,thomas.smith@protonmail.com,001-637-993-9579x55192,Kyiv,Ukraine,Miniclip,Trust and Safety Lead,linkedin.com/in/thomas-smith-670,2024-02-20
CAND-3379,Katarzyna,Nowak,katarzyna.nowak@protonmail.com,411-717-3670x386,Krakow,Poland,Freelance,Head of Marketing,linkedin.com/in/katarzyna-nowak-825,2024-09-06
CAND-3380,Christian,Wagner,christian.wagner1@gmail.com,,Berlin,Germany,Atea,SEO Specialist,linkedin.com/in/christian-wagner-607,2025-06-21
CAND-3381,Tomasz,Lewandowski,tomasz.lewandowski@yahoo.com,(276)211-2584x2330,Vilnius,Lithuania,Barclays Technology,Senior Performance Marketer,linkedin.com/in/tomasz-lewandowski-679,2024-06-19
CAND-3382,Egle,Petrauskas,egle.petrauskas1@gmail.com,(963)508-2924x828,Warsaw,Poland,Wargaming,Analytics Engineer,linkedin.com/in/egle-petrauskas-163,2024-06-08
CAND-3383,Dovydas,Butkus,dovydas.butkus@yahoo.com,(910)578-8312,Gdansk,Poland,Paddle,Senior Product Lead,,2024-08-27
CAND-3384,Kamil,Kaminski,kamil.kaminski1@gmail.com,001-365-948-5220x720,Riga,Latvia,Barclays Technology,DevOps Engineer,linkedin.com/in/kamil-kaminski-740,2024-06-09
CAND-3385,Aleksandra,Kowalski,aleksandra.kowalski@yahoo.com,4849287416,Warsaw,Poland,TransferGo,Senior Backend Engineer,linkedin.com/in/aleksandra-kowalski-707,2025-04-18
CAND-3386,Tiberiu,Kuznetsov,tiberiu.kuznetsov1@gmail.com,+1-263-265-1295x551,Vilnius,Lithuania,Pipedrive,CRM Manager,linkedin.com/in/tiberiu-kuznetsov-792,2025-04-27
CAND-3387,Olivia,Davies,olivia.davies@gmail.com,(410)581-9484x226,Wroclaw,Poland,Danske Bank,Senior Compliance Manager,linkedin.com/in/olivia-davies-633,2025-01-22
CAND-3388,Lukas,Kazlauskas,lukas.kazlauskas@protonmail.com,,Berlin,Germany,Wargaming,Partner Operations Manager,,2025-05-05
CAND-3389,Neringa,Paulauskas,neringa.paulauskas1@gmail.com,001-400-536-0722x350,Vilnius,Lithuania,Playtika,Senior HR Manager,linkedin.com/in/neringa-paulauskas-923,2024-03-09
CAND-3390,Max,Becker,max.becker@outlook.com,3348243753,Riga,Latvia,Revolut,FP&A Analyst,linkedin.com/in/max-becker-574,2024-04-03
CAND-3391,Mykola,Marchenko,mykola.marchenko1@protonmail.com,,Riga,Latvia,Miniclip,Senior Compliance Manager,,2025-01-05
CAND-3392,Egle,Noreika,egle.noreika1@gmail.com,001-892-980-9166x31669,Kharkiv,Ukraine,Luminor,Frontend Engineer,,2024-06-10
CAND-3393,Ethan,Roberts,ethan.roberts@outlook.com,001-340-833-0454x4106,Kaunas,Lithuania,Vinted,Lead UX Researcher,linkedin.com/in/ethan-roberts-137,2024-10-22
CAND-3394,Jolanta,Ambrazas,jolanta.ambrazas2@gmail.com,,Krakow,Poland,SumUp,Trust and Safety Analyst,linkedin.com/in/jolanta-ambrazas-677,2024-09-03
CAND-3395,Daria,Nagy,daria.nagy3@protonmail.com,(749)370-0844x5801,Tallinn,Estonia,Playtika,Financial Analyst,linkedin.com/in/daria-nagy-186,2024-07-21
CAND-3396,Simona,Stankus,simona.stankus@outlook.com,364.729.6280x9241,Tallinn,Estonia,King,Compliance Specialist,linkedin.com/in/simona-stankus-972,2025-05-11
CAND-3397,Tadas,Gudas,tadas.gudas@outlook.com,5503969961,Amsterdam,Netherlands,Zalando,Compliance Manager,linkedin.com/in/tadas-gudas-906,2024-02-23
CAND-3398,Rokas,Daunoras,rokas.daunoras@outlook.com,,Kharkiv,Ukraine,Zynga,Operations Manager,,2024-05-15
CAND-3399,Lina,Gudas,lina.gudas@outlook.com,925-952-3228x05883,Kaunas,Lithuania,Accenture,Trust and Safety Lead,,2024-05-15
CAND-3400,Simona,Mockus,simona.mockus@protonmail.com,+1-743-254-0476x2539,Vilnius,Lithuania,Miniclip,Senior Finance Manager,linkedin.com/in/simona-mockus-854,2025-06-25
CAND-3401,Gabija,Zukauskas,gabija.zukauskas@yahoo.com,001-411-815-2558x62778,Vilnius,Lithuania,SEB,Senior TA Specialist,,2025-02-04
CAND-3402,Viktor,Oliynyk,viktor.oliynyk@yahoo.com,2316748903,Krakow,Poland,Pipedrive,Management Accountant,linkedin.com/in/viktor-oliynyk-698,2024-02-09
CAND-3403,Sophie,Hoffmann,sophie.hoffmann1@gmail.com,(488)509-7186x142,Kyiv,Ukraine,SumUp,Senior Compliance Manager,linkedin.com/in/sophie-hoffmann-241,2025-01-05
CAND-3404,Bartosz,Szymanski,bartosz.szymanski@yahoo.com,(754)959-2055x967,Vilnius,Lithuania,CGI,Senior Financial Analyst,linkedin.com/in/bartosz-szymanski-383,2024-02-26
CAND-3405,Michal,Kowalczyk,michal.kowalczyk1@outlook.com,,Warsaw,Poland,Checkout.com,Head of Data,linkedin.com/in/michal-kowalczyk-523,2025-06-19
CAND-3406,Anastasia,Popescu,anastasia.popescu@yahoo.com,999.811.3798x3045,Kaunas,Lithuania,DXC Technology,Senior Compliance Manager,linkedin.com/in/anastasia-popescu-208,2024-07-14
CAND-3407,Iryna,Marchenko,iryna.marchenko@yahoo.com,(774)951-1608,Lviv,Ukraine,Swedbank,Senior Legal Manager,linkedin.com/in/iryna-marchenko-411,2025-02-07
CAND-3408,Oscar,Walker,oscar.walker@outlook.com,8152221336,Kaunas,Lithuania,Luminor,Senior TA Specialist,linkedin.com/in/oscar-walker-338,2024-08-19
CAND-3409,Daniel,Thomas,daniel.thomas@gmail.com,5832476128,Wroclaw,Poland,Tesonet,Compensation and Benefits Analyst,linkedin.com/in/daniel-thomas-724,2024-09-15
CAND-3410,Tomasz,Kaminski,tomasz.kaminski1@outlook.com,+1-374-761-1399x79927,Kyiv,Ukraine,N26,Talent Acquisition Specialist,,2024-12-10
CAND-3411,Erikas,Zukauskas,erikas.zukauskas1@gmail.com,001-760-833-8788x528,Krakow,Poland,King,Product Lead,,2025-06-03
CAND-3412,Tomas,Radzevicius,tomas.radzevicius1@gmail.com,,Kaunas,Lithuania,SEB,Trust and Safety Analyst,linkedin.com/in/tomas-radzevicius-637,2025-03-12
CAND-3413,Olena,Melnyk,olena.melnyk@yahoo.com,518.943.9763x09007,Vilnius,Lithuania,Pipedrive,Operations Analyst,linkedin.com/in/olena-melnyk-378,2024-05-05
CAND-3414,Zsuzsanna,Kuznetsov,zsuzsanna.kuznetsov1@protonmail.com,001-649-699-4457,Riga,Latvia,LMT,Senior HR Business Partner,linkedin.com/in/zsuzsanna-kuznetsov-278,2025-05-06
CAND-3415,Weronika,Kozlowski,weronika.kozlowski1@gmail.com,,Warsaw,Poland,CGI,Senior HR Manager,,2024-01-21
CAND-3416,Rytis,Daunoras,rytis.daunoras1@outlook.com,,Vilnius,Lithuania,,,,2025-01-07
CAND-3417,Lukas,Kazlauskas,lukas.kazlauskas1@gmail.com,510-676-9262x654,Warsaw,Poland,Jam City,Senior Legal Manager,linkedin.com/in/lukas-kazlauskas-477,2024-05-23
CAND-3418,Aiste,Urbonas,aiste.urbonas1@protonmail.com,,Kaunas,Lithuania,Telia,UX Researcher,,2024-08-13
CAND-3419,Grace,Evans,grace.evans@outlook.com,001-775-291-6043x59839,Kaunas,Lithuania,EPAM Systems,QA Engineer,,2025-06-09
CAND-3420,Daryna,Moroz,daryna.moroz@gmail.com,,London,United Kingdom,CGI,CRM Manager,,2024-12-17
CAND-3421,Kateryna,Shevchenko,kateryna.shevchenko@yahoo.com,899.365.8578x375,Kaunas,Lithuania,Freelance,Security Engineer,linkedin.com/in/kateryna-shevchenko-876,2024-09-11
CAND-3422,Grace,Wilson,grace.wilson@gmail.com,,Warsaw,Poland,SumUp,Senior Mobile Engineer,linkedin.com/in/grace-wilson-615,2024-11-20
CAND-3423,Agne,Mockus,agne.mockus1@gmail.com,,London,United Kingdom,Accenture,FP&A Analyst,linkedin.com/in/agne-mockus-160,2025-02-15
CAND-3424,Mariya,Kovalchuk,mariya.kovalchuk@gmail.com,(978)843-4073x0717,Wroclaw,Poland,Atea,Senior Compliance Manager,linkedin.com/in/mariya-kovalchuk-344,2024-01-02
CAND-3425,Gintaras,Zukauskas,gintaras.zukauskas1@gmail.com,835-400-7883,Kyiv,Ukraine,SumUp,Finance Manager,linkedin.com/in/gintaras-zukauskas-804,2024-11-24
CAND-3426,Arnas,Gudas,arnas.gudas1@gmail.com,(833)785-4033,Wroclaw,Poland,Vinted,Senior Legal Counsel,linkedin.com/in/arnas-gudas-972,2024-12-16
CAND-3427,Claudia,Muller,claudia.muller1@gmail.com,,Tallinn,Estonia,Jam City,Head of Growth,,2024-05-25
CAND-3428,Saulius,Urbonas,saulius.urbonas@protonmail.com,(785)502-3126,Wroclaw,Poland,SEB,Senior Analytics Manager,linkedin.com/in/saulius-urbonas-480,2025-01-28
CAND-3429,Lucy,Thomas,lucy.thomas@protonmail.com,(473)655-1497,Lviv,Ukraine,N26,Senior Performance Marketer,linkedin.com/in/lucy-thomas-130,2024-12-25
CAND-3430,Vaida,Daunoras,vaida.daunoras@yahoo.com,+1-703-222-3477x146,Wroclaw,Poland,TrueLayer,Security Engineer,linkedin.com/in/vaida-daunoras-284,2025-06-05
CAND-3431,Domantas,Kazlauskas,domantas.kazlauskas@protonmail.com,,Krakow,Poland,Paddle,TA Manager,linkedin.com/in/domantas-kazlauskas-912,2024-01-19
CAND-3432,Zsuzsanna,Petrov,zsuzsanna.petrov3@gmail.com,001-235-255-5702,London,United Kingdom,SEB,Legal Counsel,,2025-04-03
CAND-3433,Gabija,Urbonas,gabija.urbonas@yahoo.com,(317)441-3644x59476,Warsaw,Poland,EA Games,Senior Backend Engineer,linkedin.com/in/gabija-urbonas-778,2024-05-09
CAND-3434,Mantas,Daunoras,mantas.daunoras@gmail.com,889-739-1270,Vilnius,Lithuania,Swedbank,Senior Finance Manager,linkedin.com/in/mantas-daunoras-606,2024-07-13
CAND-3435,Ivan,Boyko,ivan.boyko@gmail.com,,Kyiv,Ukraine,Wargaming,Senior Legal Counsel,linkedin.com/in/ivan-boyko-182,2024-01-01
CAND-3436,Domantas,Zukauskas,domantas.zukauskas@outlook.com,,Tallinn,Estonia,Freelance,Group Product Manager,,2025-03-19
CAND-3437,Egle,Ambrazas,egle.ambrazas@protonmail.com,2767122283,Berlin,Germany,Playtika,Legal Manager,linkedin.com/in/egle-ambrazas-553,2024-12-15
CAND-3438,Jakub,Wozniak,jakub.wozniak@gmail.com,(744)268-5304x5555,London,United Kingdom,Zalando,Senior Backend Engineer,,2024-03-22
CAND-3439,Oksana,Melnyk,oksana.melnyk2@gmail.com,(663)556-0777,Krakow,Poland,King,Engineering Manager,linkedin.com/in/oksana-melnyk-926,2025-01-27
CAND-3440,Mirela,Toth,mirela.toth1@gmail.com,827.263.9904,Vilnius,Lithuania,Devbridge,Senior Data Engineer,linkedin.com/in/mirela-toth-602,2024-05-23
CAND-3441,Neringa,Zukauskas,neringa.zukauskas@protonmail.com,2824369626,Warsaw,Poland,TransferGo,DevOps Engineer,linkedin.com/in/neringa-zukauskas-565,2024-08-30
CAND-3442,Kamil,Nowak,kamil.nowak@gmail.com,+1-822-909-7550x61790,Vilnius,Lithuania,Vinted,Legal Counsel,linkedin.com/in/kamil-nowak-363,2025-04-27
CAND-3443,Daryna,Lytovchenko,daryna.lytovchenko1@gmail.com,5156120039,Tallinn,Estonia,LMT,Senior DevOps Engineer,linkedin.com/in/daryna-lytovchenko-753,2025-03-14
CAND-3444,Lisa,Becker,lisa.becker@gmail.com,590-576-9721x6218,Vilnius,Lithuania,N26,SEO Specialist,,2024-11-23
CAND-3445,Yulia,Marchenko,yulia.marchenko1@outlook.com,,Lviv,Ukraine,Playtika,Growth Lead,linkedin.com/in/yulia-marchenko-652,2025-02-15
CAND-3446,Mateusz,Wozniak,mateusz.wozniak1@gmail.com,001-239-919-2969x21053,Riga,Latvia,Zalando,Finance Manager,linkedin.com/in/mateusz-wozniak-937,2024-06-27
CAND-3447,Mantas,Kazlauskas,mantas.kazlauskas2@gmail.com,522-960-0822,Gdansk,Poland,LMT,Fraud Analyst,linkedin.com/in/mantas-kazlauskas-931,2025-03-20
CAND-3448,Sophie,Evans,sophie.evans1@gmail.com,942.470.5498x578,Kaunas,Lithuania,Nord Security,Senior Legal Manager,,2024-07-26
CAND-3449,Vaida,Kairys,vaida.kairys1@gmail.com,+1-320-463-2280,Riga,Latvia,Wise,Head of People,,2024-02-24
CAND-3450,Amy,Thomas,amy.thomas@protonmail.com,,Vilnius,Lithuania,Barclays Technology,HR Manager,linkedin.com/in/amy-thomas-890,2025-01-11
CAND-3451,Artem,Bondarenko,artem.bondarenko3@gmail.com,(998)804-4665x89524,Warsaw,Poland,LMT,Legal Counsel,linkedin.com/in/artem-bondarenko-209,2025-02-18
CAND-3452,Taras,Melnyk,taras.melnyk1@protonmail.com,,Kharkiv,Ukraine,Telia,Senior Marketing Manager,linkedin.com/in/taras-melnyk-255,2025-03-04
CAND-3453,Paulina,Nowak,paulina.nowak2@gmail.com,7964064724,Kyiv,Ukraine,Swedbank,Senior TA Specialist,linkedin.com/in/paulina-nowak-855,2024-11-10
CAND-3454,Edvinas,Urbonas,edvinas.urbonas@yahoo.com,,Kaunas,Lithuania,Ubisoft,Operations Analyst,linkedin.com/in/edvinas-urbonas-290,2024-12-17
CAND-3455,Tadas,Noreika,tadas.noreika@yahoo.com,,Tallinn,Estonia,DXC Technology,Senior Legal Manager,linkedin.com/in/tadas-noreika-686,2025-01-17
CAND-3456,Egle,Petrauskas,egle.petrauskas2@gmail.com,(273)978-7477x884,Lviv,Ukraine,Freelance,Senior CRM Manager,,2024-04-12
CAND-3457,Vaida,Petrauskas,vaida.petrauskas1@protonmail.com,8943657770,Tallinn,Estonia,Bolt,Customer Support Lead,linkedin.com/in/vaida-petrauskas-489,2024-08-15
CAND-3458,Mindaugas,Grigas,mindaugas.grigas@outlook.com,(498)889-7284,London,United Kingdom,Luminor,Group Product Manager,linkedin.com/in/mindaugas-grigas-757,2024-12-18
CAND-3459,Sarah,Fischer,sarah.fischer@yahoo.com,,Vilnius,Lithuania,Adform,Security Engineer,,2025-06-05
CAND-3460,Aiste,Zukauskas,aiste.zukauskas2@gmail.com,709.528.2616x41700,Riga,Latvia,Zalando,Head of Engineering,linkedin.com/in/aiste-zukauskas-185,2025-06-18
CAND-3461,Laura,Radzevicius,laura.radzevicius@gmail.com,818.860.5668x8031,Warsaw,Poland,TrueLayer,Security Engineer,linkedin.com/in/laura-radzevicius-730,2024-09-11
CAND-3462,Gintaras,Paulauskas,gintaras.paulauskas@protonmail.com,479-751-2798x3124,Kaunas,Lithuania,Nord Security,Legal Manager,linkedin.com/in/gintaras-paulauskas-516,2024-10-19
CAND-3463,Marcin,Wisniewski,marcin.wisniewski@outlook.com,354.616.0199,London,United Kingdom,TrueLayer,Legal Counsel,linkedin.com/in/marcin-wisniewski-443,2024-04-16
CAND-3464,Mateusz,Wozniak,mateusz.wozniak2@gmail.com,+1-808-970-1708,Krakow,Poland,Tesonet,Compensation and Benefits Analyst,,2024-08-16
CAND-3465,Simona,Kairys,simona.kairys@gmail.com,652-207-7107,Kyiv,Ukraine,Paddle,Senior Compliance Manager,linkedin.com/in/simona-kairys-107,2024-09-19
CAND-3466,Isabelle,Lewis,isabelle.lewis@gmail.com,833-368-9579x6724,Lviv,Ukraine,Telia,Customer Support Lead,linkedin.com/in/isabelle-lewis-965,2025-02-14
CAND-3467,Viktor,Melnyk,viktor.melnyk@outlook.com,+1-705-211-0900x70178,Vilnius,Lithuania,Danske Bank,Senior Product Designer,linkedin.com/in/viktor-melnyk-772,2024-05-27
CAND-3468,Ivan,Boyko,ivan.boyko@outlook.com,001-420-250-2549x7239,Tallinn,Estonia,Accenture,Senior Mobile Engineer,,2025-03-26
CAND-3469,Dovydas,Petrauskas,dovydas.petrauskas@outlook.com,602-997-5997,Warsaw,Poland,LMT,Management Accountant,linkedin.com/in/dovydas-petrauskas-221,2024-07-02
CAND-3470,Krzysztof,Wojcik,krzysztof.wojcik1@gmail.com,+1-653-496-5974x42526,Krakow,Poland,Jam City,Senior Analytics Manager,linkedin.com/in/krzysztof-wojcik-945,2024-05-01
CAND-3471,Marcin,Lewandowski,marcin.lewandowski1@gmail.com,6412641537,Berlin,Germany,Atea,FP&A Analyst,linkedin.com/in/marcin-lewandowski-760,2024-04-21
CAND-3472,Erikas,Levinskas,erikas.levinskas1@yahoo.com,+1-851-333-7937x66997,London,United Kingdom,Pipedrive,Data Engineering Manager,,2024-11-16
CAND-3473,Oleh,Lytovchenko,oleh.lytovchenko@gmail.com,001-660-885-5717x4905,Vilnius,Lithuania,Cognizant,Product Designer,,2024-04-17
CAND-3474,Bence,Ivanov,bence.ivanov@gmail.com,,Tallinn,Estonia,EA Games,Group Product Manager,linkedin.com/in/bence-ivanov-683,2024-09-15
CAND-3475,Jolanta,Kazlauskas,jolanta.kazlauskas@yahoo.com,481.644.9908x03586,Vilnius,Lithuania,Ubisoft,Engineering Manager,,2025-02-02
CAND-3476,Anna,Wisniewski,anna.wisniewski@protonmail.com,001-505-474-4509x9986,Berlin,Germany,SumUp,Operations Analyst,linkedin.com/in/anna-wisniewski-668,2025-04-08
CAND-3477,Daria,Toth,daria.toth@yahoo.com,,Warsaw,Poland,Wise,People Operations Coordinator,linkedin.com/in/daria-toth-473,2024-01-27
CAND-3478,Lukas,Muller,lukas.muller@protonmail.com,753-352-7911x110,Vilnius,Lithuania,Zalando,Senior Compliance Manager,,2025-05-05
CAND-3479,Mariya,Boyko,mariya.boyko@gmail.com,+1-546-468-9859,Kyiv,Ukraine,Zalando,Senior Backend Engineer,,2024-03-05
CAND-3480,Andrei,Nagy,andrei.nagy@gmail.com,,Tallinn,Estonia,SEB,L&D Specialist,linkedin.com/in/andrei-nagy-456,2024-03-10
CAND-3481,Tiberiu,Popescu,tiberiu.popescu1@protonmail.com,,Berlin,Germany,Adform,Analytics Manager,,2024-06-07
CAND-3482,Tobias,Schulz,tobias.schulz1@gmail.com,935-596-1830,Vilnius,Lithuania,SEB,Senior CRM Manager,,2025-05-14
CAND-3483,Vasyl,Kravchenko,vasyl.kravchenko@yahoo.com,+1-448-200-2264x2597,Tallinn,Estonia,N26,Brand Manager,linkedin.com/in/vasyl-kravchenko-566,2024-06-01
CAND-3484,Mirela,Petrov,mirela.petrov@protonmail.com,954-682-9878x19214,Berlin,Germany,Zynga,Senior Product Lead,linkedin.com/in/mirela-petrov-127,2024-12-24
CAND-3485,Paulina,Lewandowski,paulina.lewandowski@gmail.com,+1-384-974-6042x937,Tallinn,Estonia,EA Games,HR Business Partner,,2024-10-31
CAND-3486,Rytis,Butkus,rytis.butkus@protonmail.com,001-284-672-1461x7275,Berlin,Germany,Barclays Technology,Product Designer,,2024-03-23
CAND-3487,Mia,Jones,mia.jones@outlook.com,(929)926-7698x897,Berlin,Germany,CGI,Senior FP&A Analyst,linkedin.com/in/mia-jones-363,2024-02-13
CAND-3488,Daria,Petrov,daria.petrov@gmail.com,444-558-4741x34019,Kyiv,Ukraine,Swedbank,Customer Support Lead,,2025-05-20
CAND-3489,Lukas,Meyer,lukas.meyer@outlook.com,,Vilnius,Lithuania,DXC Technology,FP&A Manager,linkedin.com/in/lukas-meyer-802,2024-05-30
CAND-3490,Lisa,Meyer,lisa.meyer@protonmail.com,,Amsterdam,Netherlands,Luminor,Security Engineer,linkedin.com/in/lisa-meyer-937,2024-01-14
CAND-3491,Jonas,Stonkus,jonas.stonkus1@gmail.com,(205)396-2751x93463,Vilnius,Lithuania,Wise,Senior FP&A Analyst,,2024-02-08
CAND-3492,Vaida,Paulauskas,vaida.paulauskas@yahoo.com,(748)844-7936,Kaunas,Lithuania,Freelance,Head of Compliance,linkedin.com/in/vaida-paulauskas-899,2025-03-11
CAND-3493,Lina,Grigas,lina.grigas1@gmail.com,,Krakow,Poland,DXC Technology,Senior Financial Analyst,,2024-02-25
CAND-3494,Zsuzsanna,Smirnov,zsuzsanna.smirnov2@gmail.com,215-968-6223,Tallinn,Estonia,Miniclip,Senior Product Lead,linkedin.com/in/zsuzsanna-smirnov-807,2025-03-03
CAND-3495,Neringa,Jankauskas,neringa.jankauskas@yahoo.com,3658948053,Warsaw,Poland,Adform,Senior Frontend Engineer,linkedin.com/in/neringa-jankauskas-423,2025-05-03
CAND-3496,Nikita,Petrov,nikita.petrov@yahoo.com,,Kyiv,Ukraine,Barclays Technology,Senior Compliance Manager,linkedin.com/in/nikita-petrov-465,2024-12-21
CAND-3497,Simona,Zukauskas,simona.zukauskas1@yahoo.com,9224743303,London,United Kingdom,Telia,Compensation and Benefits Analyst,linkedin.com/in/simona-zukauskas-773,2025-02-14
CAND-3498,Paulina,Nowak,paulina.nowak3@gmail.com,+1-371-486-2447x5631,Vilnius,Lithuania,CGI,Partner Operations Manager,linkedin.com/in/paulina-nowak-355,2024-09-01
CAND-3499,Vaida,Stonkus,vaida.stonkus1@yahoo.com,+1-813-380-7828x7806,Tallinn,Estonia,Barclays Technology,Financial Analyst,linkedin.com/in/vaida-stonkus-221,2024-11-14
CAND-3500,Damian,Wojcik,damian.wojcik@gmail.com,345-298-5866x35654,Kaunas,Lithuania,CGI,Senior Product Lead,linkedin.com/in/damian-wojcik-763,2024-05-03
CAND-3501,Vaida,Urbonas,vaida.urbonas@gmail.com,(888)825-2128,Vilnius,Lithuania,Ubisoft,Senior Product Designer,,2024-06-04
CAND-3502,Gabija,Daunoras,gabija.daunoras@protonmail.com,001-605-494-6998,Berlin,Germany,Nord Security,Compensation and Benefits Analyst,linkedin.com/in/gabija-daunoras-937,2024-07-17
CAND-3503,Aleksandra,Kaminski,aleksandra.kaminski1@gmail.com,,Berlin,Germany,Zynga,Data Scientist,linkedin.com/in/aleksandra-kaminski-525,2024-10-04
CAND-3504,Lukasz,Jankowski,lukasz.jankowski@outlook.com,+1-282-584-7052,Wroclaw,Poland,Checkout.com,Growth Lead,linkedin.com/in/lukasz-jankowski-747,2024-04-02
CAND-3505,Lena,Koch,lena.koch@outlook.com,532-498-8712,Gdansk,Poland,Accenture,Senior Frontend Engineer,linkedin.com/in/lena-koch-733,2025-02-28
CAND-3506,Dmytro,Lytovchenko,dmytro.lytovchenko@outlook.com,,Kyiv,Ukraine,Jam City,Engineering Manager,linkedin.com/in/dmytro-lytovchenko-237,2025-03-05
CAND-3507,Rokas,Rimkus,rokas.rimkus@gmail.com,9368686427,Tallinn,Estonia,Checkout.com,Senior Finance Manager,linkedin.com/in/rokas-rimkus-552,2025-03-09
CAND-3508,Mykhailo,Melnyk,mykhailo.melnyk@protonmail.com,(868)252-7287,Berlin,Germany,N26,Senior Frontend Engineer,linkedin.com/in/mykhailo-melnyk-314,2024-04-21
CAND-3509,Jessica,Davies,jessica.davies@yahoo.com,,Vilnius,Lithuania,Contentful,Management Accountant,linkedin.com/in/jessica-davies-280,2025-01-13
CAND-3510,Julian,Weber,julian.weber@gmail.com,001-832-408-7783x4710,Berlin,Germany,Nord Security,Head of Talent Acquisition,linkedin.com/in/julian-weber-312,2024-12-06
CAND-3511,Agne,Kairys,agne.kairys@outlook.com,+1-983-934-5573x56232,Berlin,Germany,Vinted,Analytics Engineer,linkedin.com/in/agne-kairys-134,2024-05-12
CAND-3512,Serhiy,Kovalenko,serhiy.kovalenko@protonmail.com,,Kaunas,Lithuania,Devbridge,FP&A Analyst,linkedin.com/in/serhiy-kovalenko-102,2024-07-04
CAND-3513,Halyna,Kovalchuk,halyna.kovalchuk1@gmail.com,+1-400-945-3585x9730,Kaunas,Lithuania,Personio,Product Lead,linkedin.com/in/halyna-kovalchuk-660,2025-05-22
CAND-3514,Matas,Paulauskas,matas.paulauskas1@gmail.com,622.285.7042,Amsterdam,Netherlands,Personio,Head of Growth,linkedin.com/in/matas-paulauskas-765,2024-07-21
CAND-3515,Lisa,Muller,lisa.muller@gmail.com,001-625-355-4689x39770,Riga,Latvia,EPAM Systems,Customer Support Specialist,linkedin.com/in/lisa-muller-869,2024-05-25
CAND-3516,Amy,Hughes,amy.hughes@outlook.com,667-888-1596,Vilnius,Lithuania,King,Senior Operations Manager,,2024-08-30
CAND-3517,Lukas,Paulauskas,lukas.paulauskas@gmail.com,+1-873-986-5690x4484,Vilnius,Lithuania,Danske Bank,Senior Data Engineer,linkedin.com/in/lukas-paulauskas-152,2025-06-02
CAND-3518,Natalia,Wozniak,natalia.wozniak@protonmail.com,001-933-922-9124x8955,Warsaw,Poland,Atea,L&D Specialist,linkedin.com/in/natalia-wozniak-164,2025-06-22
CAND-3519,Ella,Brown,ella.brown@yahoo.com,6064239459,Kaunas,Lithuania,TrueLayer,Senior HR Business Partner,linkedin.com/in/ella-brown-453,2025-01-03
CAND-3520,Agnieszka,Wozniak,agnieszka.wozniak@gmail.com,(540)576-0895x30120,Lviv,Ukraine,Adform,Senior HR Business Partner,linkedin.com/in/agnieszka-wozniak-395,2024-01-11
CAND-3521,Filip,Kowalski,filip.kowalski@gmail.com,001-480-513-8716,Warsaw,Poland,CGI,Senior TA Specialist,linkedin.com/in/filip-kowalski-430,2025-06-12
CAND-3522,Halyna,Kovalenko,halyna.kovalenko@protonmail.com,256.289.0581,Krakow,Poland,Swedbank,Senior Legal Manager,linkedin.com/in/halyna-kovalenko-273,2024-10-23
CAND-3523,Tomas,Petrauskas,tomas.petrauskas1@outlook.com,953-237-4356,Vilnius,Lithuania,Nord Security,Engineering Manager,,2024-04-13
CAND-3524,Alexander,Meyer,alexander.meyer@yahoo.com,(777)828-7156,London,United Kingdom,Pipedrive,Head of Finance,,2024-06-06
CAND-3525,Mykhailo,Shevchenko,mykhailo.shevchenko@gmail.com,+1-795-279-4575x95995,Kaunas,Lithuania,TransferGo,Finance Analyst,linkedin.com/in/mykhailo-shevchenko-437,2024-11-01
CAND-3526,Matas,Butkus,matas.butkus1@gmail.com,553-762-9171x48541,Vilnius,Lithuania,Adform,Junior Backend Engineer,linkedin.com/in/matas-butkus-558,2025-06-23
CAND-3527,Andrei,Kovacs,andrei.kovacs1@protonmail.com,(452)352-0788,Vilnius,Lithuania,EA Games,Senior Legal Counsel,linkedin.com/in/andrei-kovacs-877,2024-06-14
CAND-3528,Natalia,Boyko,natalia.boyko@outlook.com,,Vilnius,Lithuania,Personio,FP&A Analyst,,2024-10-19
CAND-3529,Gabija,Daunoras,gabija.daunoras@yahoo.com,,Vilnius,Lithuania,Bolt,Finance Analyst,linkedin.com/in/gabija-daunoras-576,2024-02-10
CAND-3530,Oleh,Bondarenko,oleh.bondarenko@outlook.com,(451)219-2145x7445,Berlin,Germany,Zalando,Group Product Manager,linkedin.com/in/oleh-bondarenko-959,2024-06-16
CAND-3531,Marcin,Zielinski,marcin.zielinski1@gmail.com,202.476.9473,Warsaw,Poland,Zynga,Compliance Manager,linkedin.com/in/marcin-zielinski-843,2024-07-05
CAND-3532,Leon,Schmidt,leon.schmidt1@gmail.com,503-853-2124x4029,Tallinn,Estonia,Revolut,VP of Data,linkedin.com/in/leon-schmidt-838,2024-03-25
CAND-3533,Simona,Butkus,simona.butkus@protonmail.com,240.794.1218,Warsaw,Poland,Playtika,HR Business Partner,,2024-10-25
CAND-3534,Elena,Ionescu,elena.ionescu1@gmail.com,001-625-379-5990x047,Vilnius,Lithuania,CGI,Data Engineer,linkedin.com/in/elena-ionescu-478,2025-02-01
CAND-3535,Krzysztof,Kaminski,krzysztof.kaminski@protonmail.com,(332)354-6018,Amsterdam,Netherlands,Freelance,Operations Analyst,,2024-07-12
CAND-3536,Laura,Paulauskas,laura.paulauskas@gmail.com,,Amsterdam,Netherlands,Paddle,Brand Manager,linkedin.com/in/laura-paulauskas-759,2025-01-08
CAND-3537,Andrew,Walker,andrew.walker@yahoo.com,543.848.5713,Warsaw,Poland,King,FP&A Analyst,linkedin.com/in/andrew-walker-453,2024-03-01
CAND-3538,Larysa,Oliynyk,larysa.oliynyk@gmail.com,001-327-368-6127x342,Kyiv,Ukraine,Zalando,Junior Backend Engineer,linkedin.com/in/larysa-oliynyk-994,2024-03-12
CAND-3539,Yulia,Shevchuk,yulia.shevchuk@gmail.com,(202)391-3813,Berlin,Germany,LMT,Trust and Safety Analyst,linkedin.com/in/yulia-shevchuk-660,2024-09-12
CAND-3540,Hannah,Hartmann,hannah.hartmann@gmail.com,394-880-2989x0888,Tallinn,Estonia,SEB,Senior Data Engineer,linkedin.com/in/hannah-hartmann-985,2024-01-01
CAND-3541,Leon,Richter,leon.richter@protonmail.com,+1-364-552-3191x99082,Riga,Latvia,,,,2024-04-15
CAND-3542,Emily,Clark,emily.clark@gmail.com,856.883.1723,Kaunas,Lithuania,Freelance,Head of Finance,linkedin.com/in/emily-clark-517,2025-04-01
CAND-3543,Anna,Jankowski,anna.jankowski1@protonmail.com,,Riga,Latvia,Vinted,Senior Operations Specialist,linkedin.com/in/anna-jankowski-354,2024-07-24
CAND-3544,Lukasz,Mazur,lukasz.mazur1@gmail.com,,Lviv,Ukraine,Tesonet,Senior Mobile Engineer,,2024-08-18
CAND-3545,Lukas,Rimkus,lukas.rimkus1@gmail.com,904.617.1038x9191,Vilnius,Lithuania,,,,2024-07-31
CAND-3546,Tomasz,Wojcik,tomasz.wojcik@gmail.com,6506133203,Vilnius,Lithuania,Luminor,Senior Growth Manager,linkedin.com/in/tomasz-wojcik-854,2025-01-08
CAND-3547,Viktorija,Butkus,viktorija.butkus@gmail.com,,Vilnius,Lithuania,Swedbank,Senior FP&A Analyst,linkedin.com/in/viktorija-butkus-574,2024-03-04
CAND-3548,Magdalena,Zielinski,magdalena.zielinski2@gmail.com,001-856-707-1487,Berlin,Germany,Jam City,Marketing Coordinator,linkedin.com/in/magdalena-zielinski-181,2024-02-10
CAND-3549,Anna,Schneider,anna.schneider@gmail.com,,Gdansk,Poland,TrueLayer,QA Engineer,linkedin.com/in/anna-schneider-231,2024-04-17
CAND-3550,Neringa,Radzevicius,neringa.radzevicius1@protonmail.com,3778525723,Warsaw,Poland,EA Games,Senior Product Lead,linkedin.com/in/neringa-radzevicius-815,2024-07-15
CAND-3551,Sandra,Weber,sandra.weber@yahoo.com,001-531-860-3781x10570,Vilnius,Lithuania,Ubisoft,Growth Analyst,linkedin.com/in/sandra-weber-371,2024-03-28
CAND-3552,Mantas,Mockus,mantas.mockus@protonmail.com,,Vilnius,Lithuania,Atea,Customer Support Lead,linkedin.com/in/mantas-mockus-845,2025-06-18
CAND-3553,Olena,Kovalchuk,olena.kovalchuk@outlook.com,001-830-866-7005x99469,Kaunas,Lithuania,Atea,Product Designer,linkedin.com/in/olena-kovalchuk-453,2024-03-14
CAND-3554,Filip,Nowak,filip.nowak1@gmail.com,+1-293-923-3700x71580,Wroclaw,Poland,Cognizant,Senior Backend Engineer,linkedin.com/in/filip-nowak-335,2025-02-01
CAND-3555,Monika,Paulauskas,monika.paulauskas2@gmail.com,,Kaunas,Lithuania,Cognizant,Product Designer,linkedin.com/in/monika-paulauskas-369,2024-04-24
CAND-3556,Vilius,Stankus,vilius.stankus@gmail.com,640-586-3323,Gdansk,Poland,DXC Technology,Director of Data and Analytics,linkedin.com/in/vilius-stankus-969,2024-02-06
CAND-3557,Marta,Wisniewski,marta.wisniewski2@gmail.com,5654874488,Vilnius,Lithuania,King,Management Accountant,,2024-11-03
CAND-3558,Petra,Popescu,petra.popescu1@protonmail.com,775.490.9722,London,United Kingdom,Adform,Customer Support Lead,,2025-02-21
CAND-3559,Kristina,Jankauskas,kristina.jankauskas@yahoo.com,,Wroclaw,Poland,Personio,Junior Backend Engineer,linkedin.com/in/kristina-jankauskas-836,2025-04-07
CAND-3560,Janos,Nagy,janos.nagy@protonmail.com,+1-558-654-5513x91960,Riga,Latvia,Wise,Senior Legal Manager,,2024-12-09
CAND-3561,Sophie,Hoffmann,sophie.hoffmann2@gmail.com,,Warsaw,Poland,Zalando,Senior Financial Analyst,linkedin.com/in/sophie-hoffmann-536,2024-09-23
CAND-3562,Taras,Lytovchenko,taras.lytovchenko@outlook.com,423.567.8838x73693,Amsterdam,Netherlands,Telia,Senior Financial Analyst,linkedin.com/in/taras-lytovchenko-171,2024-06-24
CAND-3563,Halyna,Oliynyk,halyna.oliynyk2@gmail.com,,Vilnius,Lithuania,Telia,Senior Legal Counsel,linkedin.com/in/halyna-oliynyk-566,2025-04-14
CAND-3564,Oleksiy,Shevchuk,oleksiy.shevchuk2@protonmail.com,,Warsaw,Poland,Vinted,Senior Growth Manager,,2024-08-12
CAND-3565,Vaida,Daunoras,vaida.daunoras1@yahoo.com,+1-600-843-6475,Krakow,Poland,,,linkedin.com/in/vaida-daunoras-542,2025-01-29
CAND-3566,Greta,Kazlauskas,greta.kazlauskas3@gmail.com,(548)367-4163x71206,Lviv,Ukraine,Tesonet,Trust and Safety Lead,linkedin.com/in/greta-kazlauskas-759,2025-02-14
CAND-3567,Aiste,Radzevicius,aiste.radzevicius1@outlook.com,,Lviv,Ukraine,Playtika,Finance Analyst,linkedin.com/in/aiste-radzevicius-860,2024-07-03
CAND-3568,Lena,Wagner,lena.wagner@outlook.com,655.229.7760x145,Kaunas,Lithuania,TrueLayer,Talent Acquisition Specialist,linkedin.com/in/lena-wagner-697,2024-12-20
CAND-3569,Tadas,Grigas,tadas.grigas@outlook.com,311.344.1572x81436,London,United Kingdom,Atea,Senior Backend Engineer,linkedin.com/in/tadas-grigas-447,2024-02-19
CAND-3570,Tim,Muller,tim.muller@outlook.com,(486)811-4603x61189,Vilnius,Lithuania,Vinted,Mobile Engineer,,2024-10-29
CAND-3571,Lukasz,Jankowski,lukasz.jankowski1@gmail.com,,Warsaw,Poland,Luminor,Lead UX Researcher,linkedin.com/in/lukasz-jankowski-284,2024-02-13
CAND-3572,Michal,Jankowski,michal.jankowski@protonmail.com,001-805-655-4654x2683,Kyiv,Ukraine,EPAM Systems,Senior CRM Manager,linkedin.com/in/michal-jankowski-114,2024-08-30
CAND-3573,Gabija,Daunoras,gabija.daunoras@gmail.com,001-737-871-4034x45459,Gdansk,Poland,Pipedrive,Group Product Manager,linkedin.com/in/gabija-daunoras-480,2024-01-24
CAND-3574,Vladislav,Toth,vladislav.toth2@outlook.com,(800)930-1196x22723,Amsterdam,Netherlands,Nord Security,Customer Support Manager,linkedin.com/in/vladislav-toth-780,2024-05-15
CAND-3575,Elena,Kuznetsov,elena.kuznetsov1@gmail.com,,Kaunas,Lithuania,Zalando,DevOps Engineer,linkedin.com/in/elena-kuznetsov-539,2025-03-28
CAND-3576,Kinga,Ivanov,kinga.ivanov1@gmail.com,,Warsaw,Poland,Bolt,Fraud Analyst,linkedin.com/in/kinga-ivanov-712,2024-05-19
CAND-3577,Karolina,Kowalski,karolina.kowalski@outlook.com,721-973-6838x509,Kyiv,Ukraine,Playtika,Senior Growth Manager,,2024-04-28
CAND-3578,Inga,Kairys,inga.kairys3@gmail.com,,Warsaw,Poland,Nord Security,People Operations Coordinator,linkedin.com/in/inga-kairys-455,2025-05-15
CAND-3579,Sandra,Meyer,sandra.meyer@gmail.com,,Kaunas,Lithuania,Ubisoft,Senior DevOps Engineer,linkedin.com/in/sandra-meyer-372,2024-02-19
CAND-3580,Neringa,Zukauskas,neringa.zukauskas1@protonmail.com,7932409916,Gdansk,Poland,Tesonet,Senior Analytics Engineer,linkedin.com/in/neringa-zukauskas-554,2024-05-15
CAND-3581,Tomasz,Jankowski,tomasz.jankowski@protonmail.com,,Wroclaw,Poland,Revolut,People Operations Coordinator,linkedin.com/in/tomasz-jankowski-409,2025-02-26
CAND-3582,Bartosz,Nowak,bartosz.nowak1@protonmail.com,+1-611-636-4034,Warsaw,Poland,Checkout.com,Senior HR Manager,,2025-04-05
CAND-3583,Janos,Ionescu,janos.ionescu@yahoo.com,777.700.6279,Warsaw,Poland,Devbridge,Senior Compliance Manager,linkedin.com/in/janos-ionescu-329,2024-08-17
CAND-3584,Sarah,Wagner,sarah.wagner@protonmail.com,001-714-629-5449x669,Tallinn,Estonia,Vinted,Operations Specialist,,2025-04-24
CAND-3585,Viktor,Bondarenko,viktor.bondarenko1@gmail.com,(217)256-2752,Vilnius,Lithuania,SumUp,Senior Data Analyst,linkedin.com/in/viktor-bondarenko-392,2024-06-18
CAND-3586,Larysa,Kravchenko,larysa.kravchenko@gmail.com,,Warsaw,Poland,,,linkedin.com/in/larysa-kravchenko-171,2024-06-12
CAND-3587,Lina,Zukauskas,lina.zukauskas@protonmail.com,661-773-4479,Krakow,Poland,Zynga,People Operations Coordinator,linkedin.com/in/lina-zukauskas-537,2024-11-20
CAND-3588,Daryna,Boyko,daryna.boyko1@gmail.com,001-423-851-6383,Vilnius,Lithuania,Danske Bank,Talent Acquisition Specialist,,2024-08-11
CAND-3589,Artem,Boyko,artem.boyko@gmail.com,389-471-0017x078,Warsaw,Poland,Devbridge,Customer Support Specialist,,2025-02-12
CAND-3590,Jolanta,Mockus,jolanta.mockus@outlook.com,,Kharkiv,Ukraine,Zynga,Senior Mobile Engineer,linkedin.com/in/jolanta-mockus-643,2025-02-04
CAND-3591,Marius,Ivanov,marius.ivanov1@gmail.com,+1-394-657-6130x49484,Krakow,Poland,N26,Senior Product Designer,linkedin.com/in/marius-ivanov-117,2025-04-22
CAND-3592,Anastasia,Fedorov,anastasia.fedorov2@gmail.com,,London,United Kingdom,DXC Technology,Senior HR Manager,linkedin.com/in/anastasia-fedorov-627,2024-08-19
CAND-3593,Vladislav,Ivanov,vladislav.ivanov4@gmail.com,(435)952-8337,Krakow,Poland,Zynga,Financial Analyst,linkedin.com/in/vladislav-ivanov-304,2025-05-23
CAND-3594,Yaroslav,Oliynyk,yaroslav.oliynyk@protonmail.com,001-856-679-8130x265,Hamburg,Germany,Playtika,Senior Legal Manager,linkedin.com/in/yaroslav-oliynyk-964,2024-05-16
CAND-3595,Saulius,Petrauskas,saulius.petrauskas@protonmail.com,+1-677-311-5882x1870,Vilnius,Lithuania,Barclays Technology,L&D Specialist,linkedin.com/in/saulius-petrauskas-135,2024-11-24
CAND-3596,Lina,Zukauskas,lina.zukauskas1@protonmail.com,001-807-391-1611x4644,Vilnius,Lithuania,Bite,SEO Specialist,linkedin.com/in/lina-zukauskas-285,2024-09-16
CAND-3597,Filip,Jankowski,filip.jankowski1@gmail.com,,Kyiv,Ukraine,Tesonet,Senior Customer Support Specialist,linkedin.com/in/filip-jankowski-620,2024-06-09
CAND-3598,Nikita,Petrov,nikita.petrov1@gmail.com,498-630-9754,Vilnius,Lithuania,TrueLayer,Data Scientist,,2025-04-30
CAND-3599,Viktorija,Mockus,viktorija.mockus@outlook.com,238.285.2377x4877,Berlin,Germany,SumUp,Lead UX Researcher,linkedin.com/in/viktorija-mockus-843,2024-03-02
CAND-3600,Agne,Stankus,agne.stankus@outlook.com,288.412.5325x1218,Riga,Latvia,CGI,TA Manager,linkedin.com/in/agne-stankus-740,2025-04-30
CAND-3601,Tomasz,Kowalski,tomasz.kowalski@gmail.com,001-826-779-9096x66028,Wroclaw,Poland,Cognizant,Product Manager,,2025-04-07
CAND-3602,Agne,Noreika,agne.noreika2@protonmail.com,,Kaunas,Lithuania,Atea,Head of People,linkedin.com/in/agne-noreika-783,2025-01-20
CAND-3603,Pawel,Lewandowski,pawel.lewandowski@gmail.com,001-338-239-5716x4682,Riga,Latvia,Wargaming,Marketing Manager,linkedin.com/in/pawel-lewandowski-469,2025-01-01
CAND-3604,Lukasz,Dabrowska,lukasz.dabrowska2@gmail.com,9372090703,Vilnius,Lithuania,EA Games,FP&A Analyst,linkedin.com/in/lukasz-dabrowska-366,2025-05-21
CAND-3605,Nikita,Fedorov,nikita.fedorov@protonmail.com,,London,United Kingdom,Wargaming,Director of Product,linkedin.com/in/nikita-fedorov-807,2024-06-17
CAND-3606,Nikita,Kuznetsov,nikita.kuznetsov1@yahoo.com,686.469.3207x09834,London,United Kingdom,TrueLayer,Compliance Specialist,,2025-06-14
CAND-3607,Laura,Levinskas,laura.levinskas@gmail.com,+1-667-748-7629x65074,Krakow,Poland,,,linkedin.com/in/laura-levinskas-834,2024-09-02
CAND-3608,Mykhailo,Shevchenko,mykhailo.shevchenko1@gmail.com,(357)926-7654x1982,Tallinn,Estonia,SumUp,DevOps Engineer,linkedin.com/in/mykhailo-shevchenko-494,2024-02-17
CAND-3609,Mykola,Tkachenko,mykola.tkachenko@protonmail.com,001-647-779-5003,Vilnius,Lithuania,Bite,Compliance Specialist,linkedin.com/in/mykola-tkachenko-567,2024-07-17
CAND-3610,Marta,Lewandowski,marta.lewandowski1@outlook.com,001-622-702-6269x30326,Hamburg,Germany,Revolut,Product Lead,linkedin.com/in/marta-lewandowski-585,2024-03-28
CAND-3611,Lina,Gudas,lina.gudas@gmail.com,(657)233-0907,London,United Kingdom,Delivery Hero,Senior Product Manager,linkedin.com/in/lina-gudas-525,2024-05-03
CAND-3612,Damian,Kaminski,damian.kaminski1@protonmail.com,001-963-751-6852x2476,London,United Kingdom,Freelance,Senior TA Specialist,linkedin.com/in/damian-kaminski-854,2024-03-18
CAND-3613,Volodymyr,Moroz,volodymyr.moroz@protonmail.com,225-783-7990,Vilnius,Lithuania,DXC Technology,Senior TA Specialist,linkedin.com/in/volodymyr-moroz-803,2025-04-11
CAND-3614,Viktorija,Mockus,viktorija.mockus@yahoo.com,566.593.3276,Kaunas,Lithuania,Miniclip,BI Analyst,linkedin.com/in/viktorija-mockus-296,2024-11-19
CAND-3615,Elena,Popescu,elena.popescu@yahoo.com,922-485-6283x723,Kyiv,Ukraine,N26,Senior Compliance Manager,linkedin.com/in/elena-popescu-392,2025-05-04
CAND-3616,Anastasia,Ionescu,anastasia.ionescu1@gmail.com,,Berlin,Germany,Wise,Head of Data,,2024-12-07
CAND-3617,Tomas,Daunoras,tomas.daunoras2@gmail.com,(259)231-0337,Berlin,Germany,Telia,Marketing Manager,linkedin.com/in/tomas-daunoras-912,2025-02-04
CAND-3618,Nikita,Kuznetsov,nikita.kuznetsov2@gmail.com,+1-294-623-4037,Hamburg,Germany,Revolut,Senior Customer Support Specialist,,2025-01-04
CAND-3619,Greta,Jankauskas,greta.jankauskas1@gmail.com,633.731.8838,Warsaw,Poland,EPAM Systems,Senior HR Business Partner,linkedin.com/in/greta-jankauskas-702,2025-01-01
CAND-3620,Kinga,Smirnov,kinga.smirnov@gmail.com,(712)357-8047x3719,London,United Kingdom,Cognizant,QA Engineer,linkedin.com/in/kinga-smirnov-228,2025-01-13
CAND-3621,Dmytro,Tkachenko,dmytro.tkachenko@gmail.com,369.768.0645x5442,Kaunas,Lithuania,Zalando,HR Manager,linkedin.com/in/dmytro-tkachenko-543,2024-08-28
CAND-3622,Katarzyna,Dabrowska,katarzyna.dabrowska1@gmail.com,583.879.2640x5327,Hamburg,Germany,Barclays Technology,Product Designer,,2024-07-17
CAND-3623,Isabelle,Wilson,isabelle.wilson@gmail.com,985.993.4288x39039,Tallinn,Estonia,SEB,QA Engineer,linkedin.com/in/isabelle-wilson-730,2024-05-23
CAND-3624,Matthew,Williams,matthew.williams@gmail.com,+1-883-731-5032x19859,Gdansk,Poland,Freelance,Trust and Safety Analyst,linkedin.com/in/matthew-williams-654,2024-06-22
CAND-3625,Jolanta,Kairys,jolanta.kairys1@outlook.com,(810)925-0666x860,Vilnius,Lithuania,Adform,Frontend Engineer,,2025-06-01
CAND-3626,Ruta,Paulauskas,ruta.paulauskas2@gmail.com,,Kyiv,Ukraine,Danske Bank,Senior Operations Manager,,2024-03-21
CAND-3627,Damian,Wozniak,damian.wozniak@gmail.com,,Vilnius,Lithuania,Playtika,Engineering Manager,linkedin.com/in/damian-wozniak-813,2024-10-03
CAND-3628,Anastasia,Toth,anastasia.toth1@gmail.com,,Hamburg,Germany,Delivery Hero,Senior Performance Marketer,linkedin.com/in/anastasia-toth-300,2024-07-09
CAND-3629,Monika,Urbonas,monika.urbonas@gmail.com,847.567.1499,Tallinn,Estonia,Freelance,Senior Analytics Engineer,linkedin.com/in/monika-urbonas-210,2025-01-23
CAND-3630,Janos,Ionescu,janos.ionescu1@gmail.com,(789)459-1038,Vilnius,Lithuania,Freelance,Talent Acquisition Specialist,linkedin.com/in/janos-ionescu-961,2025-01-12
CAND-3631,Nikita,Petrov,nikita.petrov2@gmail.com,,Kharkiv,Ukraine,Bolt,HR Manager,linkedin.com/in/nikita-petrov-184,2024-12-14
CAND-3632,Oksana,Petrov,oksana.petrov3@gmail.com,627-562-2155x9637,Warsaw,Poland,Zynga,Financial Analyst,linkedin.com/in/oksana-petrov-722,2025-05-19
CAND-3633,Vilius,Petrauskas,vilius.petrauskas@gmail.com,001-663-299-4959,Warsaw,Poland,Jam City,Frontend Engineer,,2024-12-18
CAND-3634,Mirela,Kuznetsov,mirela.kuznetsov@yahoo.com,789.555.4656,Krakow,Poland,Checkout.com,Engineering Manager,,2025-05-22
CAND-3635,Rytis,Stankus,rytis.stankus@gmail.com,,Vilnius,Lithuania,Swedbank,CRM Manager,linkedin.com/in/rytis-stankus-440,2025-04-06
CAND-3636,Lily,Taylor,lily.taylor@gmail.com,370-287-3002,Tallinn,Estonia,Delivery Hero,Customer Support Specialist,linkedin.com/in/lily-taylor-340,2025-06-09
CAND-3637,Halyna,Kovalchuk,halyna.kovalchuk@outlook.com,+1-527-636-6325x67322,London,United Kingdom,Miniclip,Trust and Safety Analyst,,2024-12-06
CAND-3638,Hannah,Schulz,hannah.schulz@protonmail.com,274.693.9166x01910,London,United Kingdom,Zalando,Financial Analyst,linkedin.com/in/hannah-schulz-911,2025-06-11
CAND-3639,Laura,Meyer,laura.meyer@yahoo.com,,Warsaw,Poland,Barclays Technology,Senior CRM Manager,linkedin.com/in/laura-meyer-589,2024-01-25
CAND-3640,Lukas,Stonkus,lukas.stonkus@gmail.com,+1-686-660-7326,Krakow,Poland,Paddle,Senior TA Specialist,linkedin.com/in/lukas-stonkus-310,2024-03-04
CAND-3641,Aleksandra,Nowak,aleksandra.nowak2@gmail.com,001-278-293-7859x54176,Vilnius,Lithuania,EA Games,Customer Support Lead,,2024-01-15
CAND-3642,Aleksandra,Nowak,aleksandra.nowak3@gmail.com,+1-937-516-4581x045,London,United Kingdom,Bolt,Senior Legal Manager,linkedin.com/in/aleksandra-nowak-382,2025-06-11
CAND-3643,Liam,Jones,liam.jones@protonmail.com,,Gdansk,Poland,Adform,Senior CRM Manager,,2024-01-09
CAND-3644,Zsuzsanna,Nagy,zsuzsanna.nagy2@gmail.com,001-246-769-4473x387,Warsaw,Poland,Ubisoft,L&D Specialist,linkedin.com/in/zsuzsanna-nagy-378,2024-10-02
CAND-3645,Erikas,Petrauskas,erikas.petrauskas1@gmail.com,,Vilnius,Lithuania,Zalando,Data Engineer,linkedin.com/in/erikas-petrauskas-210,2025-05-23
CAND-3646,Oliver,Clark,oliver.clark@gmail.com,(589)905-6651,Warsaw,Poland,SumUp,Staff Engineer,linkedin.com/in/oliver-clark-875,2024-05-18
CAND-3647,Mikhail,Nagy,mikhail.nagy2@gmail.com,+1-547-971-9888,Kyiv,Ukraine,Ubisoft,Senior Financial Analyst,linkedin.com/in/mikhail-nagy-165,2024-06-17
CAND-3648,Lukas,Schmidt,lukas.schmidt@outlook.com,234-850-9685x938,Riga,Latvia,CGI,Senior Operations Specialist,linkedin.com/in/lukas-schmidt-351,2024-07-10
CAND-3649,Jolanta,Zukauskas,jolanta.zukauskas1@yahoo.com,(850)623-0899,Warsaw,Poland,EPAM Systems,Financial Analyst,linkedin.com/in/jolanta-zukauskas-617,2024-01-24
CAND-3650,Felix,Meyer,felix.meyer1@gmail.com,(492)343-4354x8695,Kharkiv,Ukraine,Ubisoft,QA Engineer,linkedin.com/in/felix-meyer-729,2024-10-03
CAND-3651,Aiste,Noreika,aiste.noreika1@gmail.com,(215)260-3871,Warsaw,Poland,Bite,Legal Counsel,,2025-05-17
CAND-3652,Jonas,Petrauskas,jonas.petrauskas@gmail.com,654.269.4660,Hamburg,Germany,Atea,Head of Legal,linkedin.com/in/jonas-petrauskas-444,2024-04-03
CAND-3653,Halyna,Marchenko,halyna.marchenko@gmail.com,376.347.4769,Kaunas,Lithuania,Contentful,Customer Support Specialist,linkedin.com/in/halyna-marchenko-231,2024-11-08
CAND-3654,Lina,Butkus,lina.butkus@yahoo.com,(312)221-5039x65586,London,United Kingdom,Playtika,Senior Analytics Engineer,,2025-01-28
CAND-3655,Krzysztof,Kozlowski,krzysztof.kozlowski1@gmail.com,7414589333,Warsaw,Poland,CGI,Senior Legal Counsel,,2024-09-07
CAND-3656,Tadas,Stonkus,tadas.stonkus@protonmail.com,+1-266-201-3855,Vilnius,Lithuania,Vinted,Data Analyst,linkedin.com/in/tadas-stonkus-115,2024-04-28
CAND-3657,Vilius,Rimkus,vilius.rimkus1@gmail.com,(395)473-8010,Warsaw,Poland,LMT,Senior Legal Counsel,,2025-01-15
CAND-3658,Karolina,Kozlowski,karolina.kozlowski@gmail.com,,Gdansk,Poland,Playtika,Data Scientist,linkedin.com/in/karolina-kozlowski-509,2025-04-29
CAND-3659,Daryna,Oliynyk,daryna.oliynyk1@protonmail.com,357-518-1580x6194,Kaunas,Lithuania,EA Games,Senior TA Specialist,linkedin.com/in/daryna-oliynyk-316,2024-12-22
CAND-3660,Vilius,Rimkus,vilius.rimkus@yahoo.com,(950)355-1919x3968,Berlin,Germany,Bite,Compensation and Benefits Analyst,linkedin.com/in/vilius-rimkus-141,2025-03-29
CAND-3661,Mindaugas,Grigas,mindaugas.grigas1@gmail.com,767.217.0804x92932,Wroclaw,Poland,Atea,Data Analyst,linkedin.com/in/mindaugas-grigas-963,2025-05-10
CAND-3662,Grace,Taylor,grace.taylor@gmail.com,719.461.2933x2134,London,United Kingdom,Ubisoft,Performance Marketing Manager,linkedin.com/in/grace-taylor-665,2024-03-28
CAND-3663,Oliver,Evans,oliver.evans@gmail.com,(909)940-0371,Kaunas,Lithuania,Miniclip,Senior Compliance Manager,,2025-02-27
CAND-3664,Dmytro,Melnyk,dmytro.melnyk@yahoo.com,,Riga,Latvia,EA Games,Operations Manager,linkedin.com/in/dmytro-melnyk-605,2025-04-09
CAND-3665,Jolanta,Grigas,jolanta.grigas1@gmail.com,(388)356-2748x066,Kaunas,Lithuania,TrueLayer,TA Coordinator,linkedin.com/in/jolanta-grigas-315,2025-02-16
CAND-3666,Mirela,Ivanov,mirela.ivanov@yahoo.com,001-726-920-3069x516,Lviv,Ukraine,SEB,Senior Performance Marketer,linkedin.com/in/mirela-ivanov-664,2025-05-23
CAND-3667,Jakub,Lewandowski,jakub.lewandowski@protonmail.com,+1-512-511-8601x81123,Tallinn,Estonia,Bolt,Senior Compliance Manager,linkedin.com/in/jakub-lewandowski-161,2024-06-08
CAND-3668,Sandra,Schulz,sandra.schulz@yahoo.com,2258598792,Warsaw,Poland,N26,Legal Manager,linkedin.com/in/sandra-schulz-538,2024-02-23
CAND-3669,Egle,Daunoras,egle.daunoras1@gmail.com,(331)245-9688,Krakow,Poland,Luminor,Principal Product Manager,,2024-08-13
CAND-3670,Mindaugas,Radzevicius,mindaugas.radzevicius@outlook.com,001-261-796-8045,Berlin,Germany,Devbridge,Senior Operations Specialist,,2024-09-05
CAND-3671,Mariya,Shevchuk,mariya.shevchuk1@yahoo.com,(311)820-3608,Kaunas,Lithuania,Accenture,Financial Analyst,,2024-10-10
CAND-3672,Tetyana,Kravchenko,tetyana.kravchenko@protonmail.com,318-604-4608x197,Berlin,Germany,Playtika,Legal Manager,linkedin.com/in/tetyana-kravchenko-552,2024-02-26
CAND-3673,Zsuzsanna,Ivanov,zsuzsanna.ivanov@gmail.com,7832469544,Vilnius,Lithuania,DXC Technology,CRM Manager,linkedin.com/in/zsuzsanna-ivanov-582,2024-06-25
CAND-3674,Anastasia,Nagy,anastasia.nagy1@yahoo.com,(509)758-0627x4566,Kaunas,Lithuania,Bite,BI Analyst,linkedin.com/in/anastasia-nagy-907,2024-06-15
CAND-3675,Paulina,Szymanski,paulina.szymanski@gmail.com,001-407-242-9414,Kaunas,Lithuania,Accenture,Senior Analytics Manager,linkedin.com/in/paulina-szymanski-259,2024-10-03
CAND-3676,Dovydas,Stonkus,dovydas.stonkus1@gmail.com,895-377-6253x8476,Vilnius,Lithuania,Personio,Associate Product Manager,,2025-02-19
CAND-3677,Rytis,Butkus,rytis.butkus1@protonmail.com,+1-953-601-6472x861,Riga,Latvia,Nord Security,Senior FP&A Analyst,linkedin.com/in/rytis-butkus-521,2025-04-07
CAND-3678,Rafal,Popescu,rafal.popescu1@gmail.com,+1-868-859-0262x97611,Kharkiv,Ukraine,TransferGo,Operations Specialist,,2024-03-01
CAND-3679,Filip,Kowalski,filip.kowalski@outlook.com,,Kaunas,Lithuania,Jam City,Group Product Manager,,2025-06-16
CAND-3680,Agne,Gudas,agne.gudas@outlook.com,(486)660-3498,Hamburg,Germany,Bolt,Senior Product Lead,,2024-06-23
CAND-3681,Lina,Zukauskas,lina.zukauskas2@protonmail.com,(689)267-0165x6277,Vilnius,Lithuania,Luminor,Data Engineer,linkedin.com/in/lina-zukauskas-471,2024-05-02
CAND-3682,Lisa,Schmidt,lisa.schmidt@yahoo.com,(415)672-3125,Tallinn,Estonia,Wise,TA Coordinator,linkedin.com/in/lisa-schmidt-182,2024-10-04
CAND-3683,Julian,Schneider,julian.schneider@gmail.com,(735)625-6008,Vilnius,Lithuania,Devbridge,Growth Manager,,2025-04-13
CAND-3684,Erikas,Mockus,erikas.mockus@yahoo.com,,Tallinn,Estonia,CGI,Growth Lead,,2024-06-17
CAND-3685,Dmytro,Oliynyk,dmytro.oliynyk@outlook.com,,London,United Kingdom,Cognizant,Head of Legal,linkedin.com/in/dmytro-oliynyk-165,2024-07-30
CAND-3686,Matas,Gudas,matas.gudas@yahoo.com,+1-561-772-1505x205,Wroclaw,Poland,Revolut,Analytics Engineer,linkedin.com/in/matas-gudas-376,2024-10-20
CAND-3687,Charlotte,Hughes,charlotte.hughes@gmail.com,713.518.4560,Warsaw,Poland,Paddle,Senior TA Specialist,linkedin.com/in/charlotte-hughes-964,2024-04-22
CAND-3688,Petra,Ionescu,petra.ionescu1@outlook.com,523-322-1091x2944,Kaunas,Lithuania,Jam City,Management Accountant,linkedin.com/in/petra-ionescu-774,2025-04-25
CAND-3689,Mindaugas,Zukauskas,mindaugas.zukauskas@gmail.com,414-608-7834x377,Tallinn,Estonia,King,Senior FP&A Analyst,linkedin.com/in/mindaugas-zukauskas-252,2025-03-13
CAND-3690,Lisa,Weber,lisa.weber@gmail.com,5219168231,Kyiv,Ukraine,SumUp,Senior Growth Manager,linkedin.com/in/lisa-weber-776,2025-02-28
CAND-3691,Monika,Kowalski,monika.kowalski1@gmail.com,+1-498-818-1009x624,Kyiv,Ukraine,Revolut,Head of Growth,,2024-10-07
CAND-3692,Adam,Jankowski,adam.jankowski1@outlook.com,(778)496-3558x774,Krakow,Poland,Atea,UX Researcher,linkedin.com/in/adam-jankowski-514,2024-11-23
CAND-3693,Olivia,Robinson,olivia.robinson@gmail.com,(434)788-8237x25442,Berlin,Germany,Bolt,Product Designer,linkedin.com/in/olivia-robinson-216,2024-07-03
CAND-3694,Magdalena,Szymanski,magdalena.szymanski@gmail.com,,Krakow,Poland,Swedbank,Senior Finance Manager,linkedin.com/in/magdalena-szymanski-968,2024-05-25
CAND-3695,Vladislav,Ionescu,vladislav.ionescu@yahoo.com,251.717.8828,Riga,Latvia,Cognizant,Compensation and Benefits Analyst,linkedin.com/in/vladislav-ionescu-596,2024-06-14
CAND-3696,Saulius,Kairys,saulius.kairys1@yahoo.com,,Amsterdam,Netherlands,Telia,People Operations Coordinator,linkedin.com/in/saulius-kairys-778,2024-10-16
CAND-3697,Domantas,Grigas,domantas.grigas@yahoo.com,9344553882,Amsterdam,Netherlands,TransferGo,Operations Manager,,2025-02-28
CAND-3698,Taras,Kovalenko,taras.kovalenko1@yahoo.com,,Berlin,Germany,Danske Bank,HR Business Partner,linkedin.com/in/taras-kovalenko-290,2024-05-26
CAND-3699,Marcin,Kozlowski,marcin.kozlowski@outlook.com,4479676660,Vilnius,Lithuania,Cognizant,Security Engineer,linkedin.com/in/marcin-kozlowski-327,2025-04-08
CAND-3700,Liam,Jones,liam.jones1@gmail.com,,Warsaw,Poland,Wise,Senior Legal Manager,linkedin.com/in/liam-jones-746,2024-05-27
CAND-3701,Claudia,Hoffmann,claudia.hoffmann@gmail.com,758-571-2075x3136,Berlin,Germany,Luminor,Senior Data Engineer,,2025-06-07
CAND-3702,Inga,Grigas,inga.grigas@gmail.com,,Berlin,Germany,Miniclip,Customer Support Lead,linkedin.com/in/inga-grigas-783,2025-03-02
CAND-3703,Elena,Fedorov,elena.fedorov@yahoo.com,,Vilnius,Lithuania,Checkout.com,QA Engineer,linkedin.com/in/elena-fedorov-503,2024-06-30
CAND-3704,Monika,Mazur,monika.mazur2@gmail.com,352-662-1074,Kaunas,Lithuania,SumUp,Data Engineer,,2025-05-10
CAND-3705,Monika,Stankus,monika.stankus@gmail.com,830-610-6144x529,Warsaw,Poland,Nord Security,Senior HR Business Partner,,2024-07-09
CAND-3706,Yulia,Kravchenko,yulia.kravchenko1@gmail.com,(774)543-3199x711,London,United Kingdom,CGI,Principal Product Manager,linkedin.com/in/yulia-kravchenko-403,2024-11-28
CAND-3707,Janos,Petrov,janos.petrov@outlook.com,,Vilnius,Lithuania,CGI,Senior Legal Counsel,linkedin.com/in/janos-petrov-515,2025-02-08
CAND-3708,Lena,Schmidt,lena.schmidt@protonmail.com,934.297.2969,Vilnius,Lithuania,Adform,Senior Frontend Engineer,,2024-05-01
CAND-3709,Ivan,Kovalchuk,ivan.kovalchuk@gmail.com,,Amsterdam,Netherlands,Luminor,Senior CRM Manager,linkedin.com/in/ivan-kovalchuk-620,2024-12-14
CAND-3710,Petra,Smirnov,petra.smirnov@protonmail.com,,Tallinn,Estonia,Danske Bank,Trust and Safety Lead,linkedin.com/in/petra-smirnov-711,2025-01-23
CAND-3711,Tiberiu,Petrov,tiberiu.petrov1@gmail.com,900-734-3449,Vilnius,Lithuania,SEB,Finance Director,linkedin.com/in/tiberiu-petrov-967,2024-10-23
CAND-3712,Laura,Gudas,laura.gudas@protonmail.com,001-285-486-1888x1786,Vilnius,Lithuania,Zynga,Senior Product Lead,linkedin.com/in/laura-gudas-222,2025-05-24
CAND-3713,Joanna,Kowalczyk,joanna.kowalczyk@gmail.com,959-892-7943,Vilnius,Lithuania,Wise,Management Accountant,linkedin.com/in/joanna-kowalczyk-833,2025-05-06
CAND-3714,Inga,Levinskas,inga.levinskas@gmail.com,382.474.9033,Vilnius,Lithuania,Accenture,Product Manager,linkedin.com/in/inga-levinskas-474,2024-08-30
CAND-3715,Tim,Fischer,tim.fischer@gmail.com,(223)695-4807,Vilnius,Lithuania,Accenture,Growth Lead,linkedin.com/in/tim-fischer-322,2024-11-21
CAND-3716,Katharina,Bauer,katharina.bauer@gmail.com,,Vilnius,Lithuania,Bite,Senior Product Manager,,2025-01-24
CAND-3717,Vaida,Mockus,vaida.mockus@outlook.com,931.648.3687x477,London,United Kingdom,SumUp,Brand Manager,,2024-06-19
CAND-3718,Rafal,Wozniak,rafal.wozniak2@yahoo.com,,London,United Kingdom,Tesonet,QA Engineer,linkedin.com/in/rafal-wozniak-760,2024-09-17
CAND-3719,Anna,Wisniewski,anna.wisniewski1@yahoo.com,,Kaunas,Lithuania,TransferGo,Senior HR Business Partner,,2025-06-10
CAND-3720,Andrei,Ivanov,andrei.ivanov4@gmail.com,2702366656,Vilnius,Lithuania,EPAM Systems,Fraud Analyst,linkedin.com/in/andrei-ivanov-305,2024-08-10
CAND-3721,Anastasia,Toth,anastasia.toth@outlook.com,+1-876-422-8212x82193,Warsaw,Poland,SEB,Principal Product Manager,,2024-11-22
CAND-3722,Tomas,Grigas,tomas.grigas@protonmail.com,,Riga,Latvia,SEB,Compliance Specialist,,2025-05-10
CAND-3723,Vaida,Levinskas,vaida.levinskas@gmail.com,784.872.6439x3304,Berlin,Germany,TrueLayer,FP&A Manager,linkedin.com/in/vaida-levinskas-561,2024-05-23
CAND-3724,Andrei,Popescu,andrei.popescu5@gmail.com,001-720-566-6048,Kaunas,Lithuania,Miniclip,Growth Manager,linkedin.com/in/andrei-popescu-554,2025-04-08
CAND-3725,Aleksandra,Zielinski,aleksandra.zielinski1@protonmail.com,323-344-3584,Gdansk,Poland,Wargaming,Senior Product Designer,linkedin.com/in/aleksandra-zielinski-452,2024-09-09
CAND-3726,Rafal,Ivanov,rafal.ivanov@gmail.com,346.951.2421x06378,Riga,Latvia,Telia,Product Manager,linkedin.com/in/rafal-ivanov-850,2024-10-05
CAND-3727,Gabija,Stonkus,gabija.stonkus1@outlook.com,001-704-783-6481x16595,Warsaw,Poland,Bite,HR Manager,linkedin.com/in/gabija-stonkus-191,2024-09-21
CAND-3728,Ruta,Urbonas,ruta.urbonas@outlook.com,001-342-519-3793,London,United Kingdom,Vinted,Senior CRM Manager,linkedin.com/in/ruta-urbonas-619,2025-06-19
CAND-3729,Domantas,Stonkus,domantas.stonkus@yahoo.com,001-963-965-9727x67687,Kaunas,Lithuania,Barclays Technology,Senior Marketing Manager,linkedin.com/in/domantas-stonkus-467,2025-01-08
CAND-3730,Bohdan,Oliynyk,bohdan.oliynyk@outlook.com,(393)758-6134x174,Berlin,Germany,Barclays Technology,Senior HR Business Partner,linkedin.com/in/bohdan-oliynyk-829,2024-10-03
CAND-3731,Jolanta,Ambrazas,jolanta.ambrazas1@outlook.com,480.588.4267,Berlin,Germany,Bolt,Senior Legal Manager,linkedin.com/in/jolanta-ambrazas-317,2024-12-16
CAND-3732,Mykola,Moroz,mykola.moroz3@gmail.com,,Riga,Latvia,Telia,Operations Specialist,linkedin.com/in/mykola-moroz-651,2025-02-26
CAND-3733,Gabija,Stonkus,gabija.stonkus@yahoo.com,299.307.6150,London,United Kingdom,Personio,Senior Product Designer,,2024-11-02
CAND-3734,Janos,Ionescu,janos.ionescu2@gmail.com,613-691-5480,Vilnius,Lithuania,SumUp,Senior Financial Analyst,linkedin.com/in/janos-ionescu-573,2025-02-02
CAND-3735,Vaida,Grigas,vaida.grigas1@gmail.com,(236)347-9214,Vilnius,Lithuania,Danske Bank,Senior Analytics Engineer,linkedin.com/in/vaida-grigas-576,2024-01-21
CAND-3736,Erikas,Ambrazas,erikas.ambrazas1@outlook.com,,Riga,Latvia,N26,Director of Engineering,linkedin.com/in/erikas-ambrazas-722,2025-05-15
CAND-3737,Anna,Kaminski,anna.kaminski1@gmail.com,6863164790,Tallinn,Estonia,Nord Security,Finance Analyst,,2024-08-21
CAND-3738,Monika,Urbonas,monika.urbonas@protonmail.com,473-280-6799x67367,Vilnius,Lithuania,Bolt,Legal Counsel,linkedin.com/in/monika-urbonas-242,2024-02-23
CAND-3739,Natalia,Marchenko,natalia.marchenko2@protonmail.com,001-661-502-3726,Vilnius,Lithuania,Wise,Trust and Safety Analyst,linkedin.com/in/natalia-marchenko-551,2024-09-19
CAND-3740,Kinga,Nagy,kinga.nagy4@yahoo.com,+1-320-758-6997x24597,London,United Kingdom,Danske Bank,Operations Analyst,linkedin.com/in/kinga-nagy-810,2024-01-29
CAND-3741,Lina,Urbonas,lina.urbonas1@outlook.com,(379)932-7701x154,Warsaw,Poland,SEB,FP&A Analyst,linkedin.com/in/lina-urbonas-315,2024-09-08
CAND-3742,Hannah,Thomas,hannah.thomas@gmail.com,,Amsterdam,Netherlands,CGI,Senior Product Manager,linkedin.com/in/hannah-thomas-397,2024-07-23
CAND-3743,Amy,Jones,amy.jones@gmail.com,+1-873-326-0968x56888,Kaunas,Lithuania,Vinted,Senior TA Specialist,linkedin.com/in/amy-jones-857,2024-09-26
CAND-3744,Charlie,Hughes,charlie.hughes1@protonmail.com,9856973586,Amsterdam,Netherlands,Devbridge,Director of Product,,2024-07-18
CAND-3745,Kristina,Petrauskas,kristina.petrauskas1@protonmail.com,,Hamburg,Germany,TransferGo,Data Engineering Manager,linkedin.com/in/kristina-petrauskas-644,2024-06-12
CAND-3746,Tomas,Ambrazas,tomas.ambrazas@protonmail.com,536.444.7026,Vilnius,Lithuania,N26,Principal Product Manager,linkedin.com/in/tomas-ambrazas-750,2025-06-17
CAND-3747,Tomas,Noreika,tomas.noreika2@gmail.com,667.665.9645x8766,Amsterdam,Netherlands,Checkout.com,Senior Marketing Manager,,2024-05-23
CAND-3748,Emma,Wilson,emma.wilson@yahoo.com,,Warsaw,Poland,Atea,HR Business Partner,,2024-07-12
CAND-3749,Paulina,Kozlowski,paulina.kozlowski1@gmail.com,215.753.4745x024,Warsaw,Poland,Ubisoft,HR Business Partner,linkedin.com/in/paulina-kozlowski-337,2025-05-29
CAND-3750,Laura,Muller,laura.muller1@gmail.com,877.729.0848,Tallinn,Estonia,Miniclip,Product Manager,linkedin.com/in/laura-muller-715,2024-01-25
CAND-3751,Lisa,Koch,lisa.koch@outlook.com,294.950.3754,Hamburg,Germany,Miniclip,Senior Growth Manager,linkedin.com/in/lisa-koch-754,2024-04-01
CAND-3752,Lina,Levinskas,lina.levinskas1@gmail.com,305.538.3385x69329,Berlin,Germany,Bite,Head of Talent Acquisition,,2024-10-29
CAND-3753,Andriy,Lytovchenko,andriy.lytovchenko@gmail.com,(396)748-0407x37304,Kaunas,Lithuania,Miniclip,BI Analyst,linkedin.com/in/andriy-lytovchenko-841,2024-12-05
CAND-3754,Lukas,Richter,lukas.richter@gmail.com,,London,United Kingdom,Danske Bank,FP&A Analyst,linkedin.com/in/lukas-richter-417,2025-05-18
CAND-3755,Ivan,Kovalenko,ivan.kovalenko@gmail.com,4638240510,London,United Kingdom,Paddle,Legal Counsel,linkedin.com/in/ivan-kovalenko-274,2024-04-15
CAND-3756,Tobias,Hoffmann,tobias.hoffmann@yahoo.com,(683)887-9633x467,Kaunas,Lithuania,SumUp,Senior Growth Manager,,2024-08-01
CAND-3757,Monika,Petrauskas,monika.petrauskas@gmail.com,666-303-3273x997,Vilnius,Lithuania,Bolt,Director of Engineering,linkedin.com/in/monika-petrauskas-449,2025-04-03
CAND-3758,Michal,Wisniewski,michal.wisniewski@outlook.com,992-309-4101x02760,Vilnius,Lithuania,Vinted,Compliance Manager,,2024-08-04
CAND-3759,Arnas,Butkus,arnas.butkus@gmail.com,+1-595-516-4849x77973,Kaunas,Lithuania,Telia,Data Engineer,linkedin.com/in/arnas-butkus-527,2024-06-13
CAND-3760,Mindaugas,Urbonas,mindaugas.urbonas@yahoo.com,,Kaunas,Lithuania,Wise,Senior Operations Manager,linkedin.com/in/mindaugas-urbonas-165,2024-06-24
CAND-3761,Alina,Kovalenko,alina.kovalenko@yahoo.com,,Krakow,Poland,EPAM Systems,Group Product Manager,linkedin.com/in/alina-kovalenko-313,2025-03-25
CAND-3762,Pawel,Jankowski,pawel.jankowski@yahoo.com,,Lviv,Ukraine,Wise,Senior Operations Manager,,2024-12-28
CAND-3763,Svitlana,Kovalchuk,svitlana.kovalchuk@outlook.com,6619443575,Hamburg,Germany,Accenture,Senior Legal Counsel,linkedin.com/in/svitlana-kovalchuk-674,2025-02-20
CAND-3764,Elena,Petrov,elena.petrov3@outlook.com,993.750.5260x27068,Kyiv,Ukraine,Luminor,Finance Manager,linkedin.com/in/elena-petrov-699,2024-01-06
CAND-3765,Adam,Zielinski,adam.zielinski@yahoo.com,(370)471-8129x23613,Warsaw,Poland,Revolut,Compensation and Benefits Analyst,linkedin.com/in/adam-zielinski-147,2024-02-18
CAND-3766,Thomas,Evans,thomas.evans1@gmail.com,377.545.9984,Tallinn,Estonia,N26,Senior Data Analyst,,2024-04-14
CAND-3767,Monika,Kowalski,monika.kowalski@protonmail.com,976.387.0580,Vilnius,Lithuania,Miniclip,Data Engineer,linkedin.com/in/monika-kowalski-884,2024-08-17
CAND-3768,Mykhailo,Boyko,mykhailo.boyko@protonmail.com,001-606-951-0640x70783,London,United Kingdom,SEB,Senior Analytics Manager,linkedin.com/in/mykhailo-boyko-836,2024-04-08
CAND-3769,Tiberiu,Kovacs,tiberiu.kovacs@yahoo.com,,Tallinn,Estonia,Accenture,UX Researcher,,2024-10-09
CAND-3770,Weronika,Wojcik,weronika.wojcik@protonmail.com,,Warsaw,Poland,Jam City,CRM Manager,linkedin.com/in/weronika-wojcik-742,2024-03-09
CAND-3771,Filip,Jankowski,filip.jankowski@protonmail.com,248.630.3485x73654,London,United Kingdom,Tesonet,Senior Analytics Engineer,linkedin.com/in/filip-jankowski-429,2024-03-22
CAND-3772,Mantas,Jankauskas,mantas.jankauskas@yahoo.com,592-872-8090x317,London,United Kingdom,Ubisoft,Senior Legal Counsel,linkedin.com/in/mantas-jankauskas-394,2025-03-09
CAND-3773,Tomas,Radzevicius,tomas.radzevicius1@yahoo.com,231-767-8598x444,Vilnius,Lithuania,Vinted,Senior Operations Specialist,linkedin.com/in/tomas-radzevicius-869,2024-11-25
CAND-3774,Mykhailo,Melnyk,mykhailo.melnyk2@yahoo.com,001-893-203-2075x6052,Hamburg,Germany,Personio,Junior QA Engineer,linkedin.com/in/mykhailo-melnyk-475,2025-06-16
CAND-3775,Neringa,Urbonas,neringa.urbonas@yahoo.com,852-830-2999,Vilnius,Lithuania,Playtika,Management Accountant,linkedin.com/in/neringa-urbonas-401,2024-04-01
CAND-3776,Marius,Ivanov,marius.ivanov2@gmail.com,630.292.3565,Riga,Latvia,Paddle,Compliance Specialist,linkedin.com/in/marius-ivanov-482,2024-11-14
CAND-3777,Mantas,Radzevicius,mantas.radzevicius@gmail.com,407.999.1540,Riga,Latvia,LMT,Director of Engineering,,2025-01-23
CAND-3778,Stefan,Schmidt,stefan.schmidt@protonmail.com,720.212.9531,Warsaw,Poland,Delivery Hero,Operations Manager,,2024-09-25
CAND-3779,Charlotte,Robinson,charlotte.robinson@yahoo.com,4422318206,Kyiv,Ukraine,Danske Bank,Operations Specialist,linkedin.com/in/charlotte-robinson-854,2024-03-04
CAND-3780,Claudia,Schneider,claudia.schneider@gmail.com,781-909-3054x8473,Riga,Latvia,TransferGo,Partner Operations Manager,linkedin.com/in/claudia-schneider-545,2024-01-22
CAND-3781,Kinga,Petrov,kinga.petrov2@gmail.com,001-779-373-9824x55381,Vilnius,Lithuania,N26,Operations Manager,linkedin.com/in/kinga-petrov-738,2024-09-22
CAND-3782,Ewelina,Zielinski,ewelina.zielinski@yahoo.com,+1-427-723-8264,Gdansk,Poland,Cognizant,Growth Lead,,2024-12-20
CAND-3783,Oksana,Toth,oksana.toth@outlook.com,385-725-5768,Amsterdam,Netherlands,Personio,UX Researcher,,2025-06-25
CAND-3784,Piotr,Dabrowska,piotr.dabrowska2@protonmail.com,990-830-8196x95448,London,United Kingdom,Pipedrive,Product Lead,,2024-11-29
CAND-3785,Oksana,Toth,oksana.toth3@gmail.com,750-248-8491,Vilnius,Lithuania,Pipedrive,Compliance Specialist,,2024-04-10
CAND-3786,Aiste,Levinskas,aiste.levinskas@gmail.com,792.744.6403x50769,Berlin,Germany,Miniclip,Engineering Manager,linkedin.com/in/aiste-levinskas-276,2024-06-25
CAND-3787,Laura,Schneider,laura.schneider1@gmail.com,(993)955-8810x822,Berlin,Germany,,,,2024-09-01
CAND-3788,Tiberiu,Kuznetsov,tiberiu.kuznetsov@yahoo.com,001-454-577-7745x92541,Hamburg,Germany,EA Games,Senior Customer Support Specialist,,2024-05-24
CAND-3789,Lukas,Muller,lukas.muller1@protonmail.com,,Tallinn,Estonia,Barclays Technology,FP&A Analyst,,2025-05-25
CAND-3790,Edvinas,Paulauskas,edvinas.paulauskas@gmail.com,672.749.3797x90070,London,United Kingdom,Delivery Hero,Finance Analyst,,2025-04-29
CAND-3791,Viktor,Boyko,viktor.boyko@gmail.com,(494)584-9674x166,Warsaw,Poland,Atea,UX Researcher,linkedin.com/in/viktor-boyko-266,2024-02-18
CAND-3792,Agne,Grigas,agne.grigas@yahoo.com,+1-995-867-1255x93502,Kaunas,Lithuania,Devbridge,HR Business Partner,linkedin.com/in/agne-grigas-562,2024-01-09
CAND-3793,Oleksiy,Shevchuk,oleksiy.shevchuk@gmail.com,,Riga,Latvia,Personio,Staff Engineer,linkedin.com/in/oleksiy-shevchuk-391,2024-12-11
CAND-3794,Leon,Hartmann,leon.hartmann@yahoo.com,849.706.4122x727,Kyiv,Ukraine,Contentful,Customer Support Specialist,linkedin.com/in/leon-hartmann-377,2024-09-19
CAND-3795,Janos,Ivanov,janos.ivanov@gmail.com,214.251.3417,Riga,Latvia,Pipedrive,Senior FP&A Analyst,linkedin.com/in/janos-ivanov-784,2024-10-11
CAND-3796,Christian,Weber,christian.weber@outlook.com,,Tallinn,Estonia,Vinted,Senior FP&A Analyst,,2024-04-20
CAND-3797,Krzysztof,Kaminski,krzysztof.kaminski1@gmail.com,345-858-3455x95562,Wroclaw,Poland,SEB,Operations Analyst,linkedin.com/in/krzysztof-kaminski-412,2025-03-06
CAND-3798,Florian,Schulz,florian.schulz@gmail.com,,Kyiv,Ukraine,Revolut,Trust and Safety Analyst,,2025-06-30
CAND-3799,Stefan,Meyer,stefan.meyer@gmail.com,,Tallinn,Estonia,Playtika,Financial Analyst,linkedin.com/in/stefan-meyer-671,2024-10-27
CAND-3800,Jonas,Levinskas,jonas.levinskas@outlook.com,+1-733-257-6680,Tallinn,Estonia,DXC Technology,Operations Specialist,linkedin.com/in/jonas-levinskas-599,2025-05-11
CAND-3801,Joanna,Nowak,joanna.nowak1@gmail.com,791-908-6043x1715,Vilnius,Lithuania,SumUp,Product Designer,,2024-01-02
CAND-3802,Katharina,Fischer,katharina.fischer@gmail.com,,Vilnius,Lithuania,Cognizant,Analytics Engineer,,2024-02-14
CAND-3803,Weronika,Szymanski,weronika.szymanski1@gmail.com,+1-852-819-7933,Berlin,Germany,Vinted,Talent Acquisition Specialist,linkedin.com/in/weronika-szymanski-718,2025-05-16
CAND-3804,Rafal,Nagy,rafal.nagy3@gmail.com,,Krakow,Poland,TrueLayer,Head of Marketing,linkedin.com/in/rafal-nagy-798,2024-07-02
CAND-3805,Daria,Ionescu,daria.ionescu2@yahoo.com,7932160898,Riga,Latvia,Danske Bank,Group Product Manager,,2025-06-12
CAND-3806,Ioana,Ionescu,ioana.ionescu2@gmail.com,,Tallinn,Estonia,Personio,Senior Analytics Engineer,,2024-08-28
CAND-3807,Inga,Ambrazas,inga.ambrazas@gmail.com,305-758-3911,Tallinn,Estonia,EA Games,Partner Operations Manager,linkedin.com/in/inga-ambrazas-390,2025-04-09
CAND-3808,Lena,Schneider,lena.schneider@protonmail.com,520.526.4009,Vilnius,Lithuania,Ubisoft,Performance Marketing Manager,linkedin.com/in/lena-schneider-300,2024-02-02
CAND-3809,Anastasia,Smirnov,anastasia.smirnov3@gmail.com,001-939-463-7902x038,Vilnius,Lithuania,Adform,Senior Financial Analyst,linkedin.com/in/anastasia-smirnov-771,2025-05-24
CAND-3810,George,Wilson,george.wilson@yahoo.com,+1-918-889-3844x7816,Krakow,Poland,Playtika,Legal Counsel,linkedin.com/in/george-wilson-271,2025-01-09
CAND-3811,Weronika,Zielinski,weronika.zielinski@yahoo.com,,Vilnius,Lithuania,EPAM Systems,Senior Product Designer,linkedin.com/in/weronika-zielinski-266,2024-10-14
CAND-3812,Greta,Petrauskas,greta.petrauskas1@outlook.com,(834)820-8348x1242,Krakow,Poland,Bolt,Trust and Safety Analyst,linkedin.com/in/greta-petrauskas-192,2025-04-19
CAND-3813,Marta,Zielinski,marta.zielinski@outlook.com,974-826-4404x7832,Hamburg,Germany,Nord Security,Mobile Engineer,linkedin.com/in/marta-zielinski-121,2024-05-27
CAND-3814,Michal,Dabrowska,michal.dabrowska1@gmail.com,(437)695-8187x74499,Kaunas,Lithuania,CGI,Senior Legal Counsel,,2024-01-20
CAND-3815,Vaida,Grigas,vaida.grigas2@gmail.com,(387)714-4693x9953,Kyiv,Ukraine,Cognizant,Senior Performance Marketer,,2024-04-03
CAND-3816,Sandra,Klein,sandra.klein@gmail.com,866-642-3940x26908,Amsterdam,Netherlands,N26,Senior Engineering Manager,linkedin.com/in/sandra-klein-924,2024-03-20
CAND-3817,Mykola,Oliynyk,mykola.oliynyk@gmail.com,001-496-666-8118x22923,Vilnius,Lithuania,Adform,Senior Frontend Engineer,,2024-03-29
CAND-3818,Edvinas,Daunoras,edvinas.daunoras1@gmail.com,(287)822-0373x3784,Kaunas,Lithuania,LMT,Senior Financial Analyst,linkedin.com/in/edvinas-daunoras-263,2024-06-05
CAND-3819,Mykhailo,Marchenko,mykhailo.marchenko@outlook.com,+1-713-786-7485x78304,Riga,Latvia,Personio,Senior Legal Counsel,linkedin.com/in/mykhailo-marchenko-194,2024-10-31
CAND-3820,Anna,Wojcik,anna.wojcik@outlook.com,001-265-276-5786,Kaunas,Lithuania,Devbridge,Data Engineering Manager,linkedin.com/in/anna-wojcik-361,2025-03-23
CAND-3821,Joanna,Mazur,joanna.mazur@gmail.com,(851)526-7644x943,Hamburg,Germany,Cognizant,L&D Specialist,linkedin.com/in/joanna-mazur-702,2024-01-13
CAND-3822,Rytis,Butkus,rytis.butkus1@gmail.com,(570)656-1465,Kyiv,Ukraine,King,Senior Operations Specialist,linkedin.com/in/rytis-butkus-250,2025-01-10
CAND-3823,Mantas,Zukauskas,mantas.zukauskas@gmail.com,320-704-2186x747,Vilnius,Lithuania,Freelance,People Operations Coordinator,linkedin.com/in/mantas-zukauskas-868,2025-06-07
CAND-3824,Iryna,Melnyk,iryna.melnyk2@gmail.com,(703)251-9198,Vilnius,Lithuania,SEB,Partner Operations Manager,linkedin.com/in/iryna-melnyk-194,2024-04-08
CAND-3825,Chloe,Davies,chloe.davies@gmail.com,,Warsaw,Poland,Pipedrive,Trust and Safety Analyst,linkedin.com/in/chloe-davies-960,2025-04-21
CAND-3826,Halyna,Shevchuk,halyna.shevchuk@outlook.com,,Vilnius,Lithuania,Barclays Technology,CRM Manager,,2025-05-29
CAND-3827,Kateryna,Tkachenko,kateryna.tkachenko@gmail.com,465-413-3585x08143,Krakow,Poland,Danske Bank,Senior Compliance Manager,linkedin.com/in/kateryna-tkachenko-457,2024-10-26
CAND-3828,Elena,Kovacs,elena.kovacs@gmail.com,001-498-576-6327x904,Vilnius,Lithuania,Cognizant,Partner Operations Manager,linkedin.com/in/elena-kovacs-606,2025-06-24
CAND-3829,Paulina,Wozniak,paulina.wozniak@protonmail.com,,Hamburg,Germany,Cognizant,Data Engineering Manager,linkedin.com/in/paulina-wozniak-623,2024-04-19
CAND-3830,Damian,Szymanski,damian.szymanski@yahoo.com,981.206.0891,Wroclaw,Poland,Zynga,Financial Analyst,,2024-08-15
CAND-3831,Sandra,Weber,sandra.weber@outlook.com,9526291845,Tallinn,Estonia,Freelance,Senior Data Engineer,linkedin.com/in/sandra-weber-208,2024-01-21
CAND-3832,Zsuzsanna,Fedorov,zsuzsanna.fedorov2@protonmail.com,001-265-499-0527,Warsaw,Poland,Paddle,Senior Legal Counsel,linkedin.com/in/zsuzsanna-fedorov-934,2024-07-04
CAND-3833,Egle,Jankauskas,egle.jankauskas1@gmail.com,(699)261-1435x830,Vilnius,Lithuania,Devbridge,FP&A Manager,,2024-04-20
CAND-3834,Artem,Moroz,artem.moroz@protonmail.com,+1-377-851-3061x0922,Tallinn,Estonia,Delivery Hero,Senior HR Business Partner,linkedin.com/in/artem-moroz-899,2024-08-15
CAND-3835,Laura,Petrauskas,laura.petrauskas@gmail.com,,Berlin,Germany,Zalando,Engineering Manager,linkedin.com/in/laura-petrauskas-570,2024-04-13
CAND-3836,Volodymyr,Moroz,volodymyr.moroz1@gmail.com,+1-997-545-3714,Berlin,Germany,N26,Senior Legal Counsel,,2024-05-26
CAND-3837,Paulina,Kowalczyk,paulina.kowalczyk@outlook.com,,Vilnius,Lithuania,Playtika,Senior TA Specialist,linkedin.com/in/paulina-kowalczyk-152,2024-01-02
CAND-3838,Dmytro,Shevchuk,dmytro.shevchuk1@gmail.com,(504)331-9274,Tallinn,Estonia,Swedbank,Senior HR Business Partner,linkedin.com/in/dmytro-shevchuk-486,2024-04-06
CAND-3839,Kristina,Daunoras,kristina.daunoras@gmail.com,(566)865-6023,Vilnius,Lithuania,Playtika,Junior Product Designer,,2024-05-15
CAND-3840,Stefan,Schulz,stefan.schulz@gmail.com,,Wroclaw,Poland,King,Trust and Safety Analyst,linkedin.com/in/stefan-schulz-952,2024-03-19
CAND-3841,Ella,Jones,ella.jones1@protonmail.com,965-758-0624,Vilnius,Lithuania,Personio,Associate Product Manager,,2025-03-22
CAND-3842,Natalia,Kovalenko,natalia.kovalenko2@gmail.com,352-267-2036x70275,Warsaw,Poland,Pipedrive,Talent Acquisition Specialist,linkedin.com/in/natalia-kovalenko-861,2024-06-04
CAND-3843,Katarzyna,Jankowski,katarzyna.jankowski@gmail.com,,Hamburg,Germany,CGI,Compensation and Benefits Analyst,linkedin.com/in/katarzyna-jankowski-164,2025-05-11
CAND-3844,Simona,Mockus,simona.mockus1@gmail.com,,Tallinn,Estonia,Accenture,Customer Support Specialist,,2024-06-09
CAND-3845,Bence,Nagy,bence.nagy3@gmail.com,,Warsaw,Poland,TrueLayer,DevOps Engineer,,2024-12-02
CAND-3846,Neringa,Stonkus,neringa.stonkus2@gmail.com,7569870690,Vilnius,Lithuania,Delivery Hero,Head of Growth,linkedin.com/in/neringa-stonkus-775,2025-04-19
CAND-3847,Volodymyr,Oliynyk,volodymyr.oliynyk@gmail.com,,Gdansk,Poland,Tesonet,DevOps Engineer,linkedin.com/in/volodymyr-oliynyk-311,2024-05-13
CAND-3848,Dovydas,Ambrazas,dovydas.ambrazas@outlook.com,512-418-1679,Kyiv,Ukraine,LMT,Financial Analyst,linkedin.com/in/dovydas-ambrazas-863,2025-05-15
CAND-3849,Iryna,Moroz,iryna.moroz1@gmail.com,653.793.3054,Riga,Latvia,EPAM Systems,Compensation and Benefits Analyst,linkedin.com/in/iryna-moroz-987,2025-04-04
CAND-3850,Noah,Evans,noah.evans1@gmail.com,465-370-7943,Wroclaw,Poland,Zynga,Senior HR Manager,,2024-03-12
CAND-3851,Mirela,Smirnov,mirela.smirnov3@gmail.com,,Warsaw,Poland,Zynga,Customer Support Manager,linkedin.com/in/mirela-smirnov-969,2024-09-28
CAND-3852,Lisa,Becker,lisa.becker@outlook.com,001-783-302-4264x685,Vilnius,Lithuania,Jam City,Legal Counsel,linkedin.com/in/lisa-becker-576,2025-05-29
CAND-3853,Julian,Schulz,julian.schulz1@outlook.com,,Vilnius,Lithuania,Wise,Compliance Manager,,2024-09-20
CAND-3854,Amy,Williams,amy.williams@outlook.com,,Kyiv,Ukraine,Devbridge,Senior TA Specialist,linkedin.com/in/amy-williams-763,2024-03-01
CAND-3855,Inga,Stonkus,inga.stonkus@protonmail.com,001-202-704-1154,Warsaw,Poland,SEB,L&D Specialist,linkedin.com/in/inga-stonkus-306,2024-06-25
CAND-3856,Nikita,Kovacs,nikita.kovacs2@gmail.com,509-833-4653,Vilnius,Lithuania,SEB,Senior HR Business Partner,,2025-06-20
CAND-3857,Kateryna,Kravchenko,kateryna.kravchenko@outlook.com,230.257.5437,Warsaw,Poland,Jam City,Senior Data Engineer,,2024-01-01
CAND-3858,Erikas,Zukauskas,erikas.zukauskas2@gmail.com,,Vilnius,Lithuania,Danske Bank,Senior Legal Counsel,linkedin.com/in/erikas-zukauskas-418,2024-04-01
CAND-3859,Dovydas,Paulauskas,dovydas.paulauskas@protonmail.com,001-284-416-4377,Vilnius,Lithuania,Bolt,Partner Operations Manager,linkedin.com/in/dovydas-paulauskas-175,2024-04-25
CAND-3860,Damian,Lewandowski,damian.lewandowski2@gmail.com,470-547-0125,Vilnius,Lithuania,Zalando,Senior Legal Manager,linkedin.com/in/damian-lewandowski-549,2024-05-20
CAND-3861,Viktorija,Petrauskas,viktorija.petrauskas@protonmail.com,,Krakow,Poland,Pipedrive,Junior QA Engineer,linkedin.com/in/viktorija-petrauskas-115,2024-02-06
CAND-3862,Matas,Kazlauskas,matas.kazlauskas@protonmail.com,397.917.8568,Kaunas,Lithuania,Devbridge,Senior Analytics Engineer,linkedin.com/in/matas-kazlauskas-666,2024-01-09
CAND-3863,Petra,Toth,petra.toth@gmail.com,,Riga,Latvia,Luminor,Senior Growth Manager,linkedin.com/in/petra-toth-352,2024-03-22
CAND-3864,Alexander,Hartmann,alexander.hartmann@yahoo.com,(397)250-5917x3930,Amsterdam,Netherlands,Cognizant,Product Designer,,2024-07-09
CAND-3865,Karolina,Kaminski,karolina.kaminski@gmail.com,+1-855-691-6983x31793,Kaunas,Lithuania,SumUp,TA Manager,,2025-06-02
CAND-3866,Nicole,Schulz,nicole.schulz@protonmail.com,+1-770-589-4406x5452,Berlin,Germany,Adform,Operations Manager,linkedin.com/in/nicole-schulz-391,2025-04-30
CAND-3867,Neringa,Grigas,neringa.grigas@gmail.com,(970)776-5094x620,Berlin,Germany,EA Games,Senior Legal Manager,linkedin.com/in/neringa-grigas-441,2025-04-14
CAND-3868,Ioana,Nagy,ioana.nagy1@gmail.com,,Warsaw,Poland,Atea,Accounts Assistant,linkedin.com/in/ioana-nagy-121,2024-01-10
CAND-3869,Egle,Paulauskas,egle.paulauskas1@gmail.com,,Riga,Latvia,Bite,Customer Support Manager,linkedin.com/in/egle-paulauskas-856,2024-02-02
CAND-3870,Stefan,Wagner,stefan.wagner1@gmail.com,,Kaunas,Lithuania,Wise,CRM Manager,,2024-01-09
CAND-3871,Agne,Urbonas,agne.urbonas@protonmail.com,(822)271-9260x26118,Vilnius,Lithuania,CGI,Analytics Manager,linkedin.com/in/agne-urbonas-311,2025-04-10
CAND-3872,Nikita,Ionescu,nikita.ionescu1@gmail.com,,Vilnius,Lithuania,Danske Bank,Senior Legal Manager,linkedin.com/in/nikita-ionescu-197,2024-04-29
CAND-3873,Rokas,Levinskas,rokas.levinskas1@protonmail.com,001-310-993-6091x9490,Krakow,Poland,Luminor,Senior Analytics Manager,linkedin.com/in/rokas-levinskas-188,2024-12-13
CAND-3874,Krzysztof,Wozniak,krzysztof.wozniak2@outlook.com,,Berlin,Germany,LMT,UX Researcher,,2024-08-08
CAND-3875,Aleksandra,Dabrowska,aleksandra.dabrowska@yahoo.com,7039276280,Vilnius,Lithuania,Atea,Senior Financial Analyst,linkedin.com/in/aleksandra-dabrowska-262,2025-05-10
CAND-3876,Gintaras,Gudas,gintaras.gudas@protonmail.com,,Amsterdam,Netherlands,Telia,Product Lead,linkedin.com/in/gintaras-gudas-731,2024-05-24
CAND-3877,Bence,Smirnov,bence.smirnov1@yahoo.com,377.301.4972x682,London,United Kingdom,Cognizant,Senior Compliance Manager,linkedin.com/in/bence-smirnov-773,2025-03-26
CAND-3878,Noah,Wilson,noah.wilson@protonmail.com,,Vilnius,Lithuania,SEB,Senior HR Business Partner,linkedin.com/in/noah-wilson-757,2024-05-11
CAND-3879,Petra,Kuznetsov,petra.kuznetsov1@gmail.com,001-956-596-4607,Warsaw,Poland,Pipedrive,Talent Acquisition Specialist,linkedin.com/in/petra-kuznetsov-884,2024-03-26
CAND-3880,Rytis,Rimkus,rytis.rimkus@gmail.com,+1-559-756-9192x2051,Kyiv,Ukraine,Adform,Principal Product Manager,,2024-01-11
CAND-3881,Hannah,Fischer,hannah.fischer@gmail.com,(339)874-8925x0075,Kaunas,Lithuania,TransferGo,Operations Manager,linkedin.com/in/hannah-fischer-191,2025-03-13
CAND-3882,Harry,Lewis,harry.lewis1@gmail.com,,Kyiv,Ukraine,Contentful,Compliance Specialist,linkedin.com/in/harry-lewis-797,2024-11-25
CAND-3883,Nikita,Popescu,nikita.popescu4@gmail.com,948.967.3581x821,Warsaw,Poland,CGI,Compliance Manager,,2024-05-04
CAND-3884,Serhiy,Lytovchenko,serhiy.lytovchenko@gmail.com,,Berlin,Germany,Nord Security,Talent Acquisition Specialist,,2024-08-15
CAND-3885,Oksana,Petrov,oksana.petrov4@gmail.com,687-547-7935x995,Berlin,Germany,Atea,Compliance Manager,linkedin.com/in/oksana-petrov-157,2025-04-09
CAND-3886,Rafal,Popescu,rafal.popescu1@outlook.com,+1-435-769-9971,Kaunas,Lithuania,Telia,Senior Engineering Manager,linkedin.com/in/rafal-popescu-469,2024-05-31
CAND-3887,Natalia,Wozniak,natalia.wozniak@yahoo.com,(301)493-0646,Kaunas,Lithuania,Delivery Hero,BI Analyst,linkedin.com/in/natalia-wozniak-986,2024-04-19
CAND-3888,Andriy,Boyko,andriy.boyko1@gmail.com,(271)591-9699x3353,Kyiv,Ukraine,SumUp,Senior CRM Manager,linkedin.com/in/andriy-boyko-964,2024-08-03
CAND-3889,Natalia,Kowalski,natalia.kowalski1@gmail.com,+1-913-787-8305x6828,Vilnius,Lithuania,,,linkedin.com/in/natalia-kowalski-107,2025-06-09
CAND-3890,Marcin,Wozniak,marcin.wozniak@yahoo.com,635.952.6202,Vilnius,Lithuania,EA Games,Senior Data Analyst,linkedin.com/in/marcin-wozniak-689,2024-08-13
CAND-3891,Alina,Shevchuk,alina.shevchuk@outlook.com,,Vilnius,Lithuania,Luminor,Trust and Safety Analyst,,2025-04-21
CAND-3892,Lukas,Schmidt,lukas.schmidt@yahoo.com,678-711-2826x993,Berlin,Germany,Bite,Customer Support Lead,linkedin.com/in/lukas-schmidt-413,2024-03-29
CAND-3893,Weronika,Wojcik,weronika.wojcik1@gmail.com,373-992-2293,Hamburg,Germany,Swedbank,HR Business Partner,linkedin.com/in/weronika-wojcik-600,2024-07-24
CAND-3894,Erikas,Rimkus,erikas.rimkus@yahoo.com,+1-778-965-0394x7505,Warsaw,Poland,Adform,Compliance Manager,,2024-12-18
CAND-3895,Maciej,Zielinski,maciej.zielinski@protonmail.com,001-677-791-7431x243,Vilnius,Lithuania,TrueLayer,Analytics Engineer,linkedin.com/in/maciej-zielinski-445,2024-04-22
CAND-3896,Paulina,Wisniewski,paulina.wisniewski1@outlook.com,253.481.1575,Warsaw,Poland,Checkout.com,Senior CRM Manager,linkedin.com/in/paulina-wisniewski-855,2024-07-18
CAND-3897,Rytis,Kazlauskas,rytis.kazlauskas@gmail.com,720.894.8036x957,Kaunas,Lithuania,Cognizant,Finance Director,,2025-06-01
CAND-3898,Lukasz,Zielinski,lukasz.zielinski@protonmail.com,(894)933-9168,London,United Kingdom,Checkout.com,Analytics Engineer,linkedin.com/in/lukasz-zielinski-671,2024-06-30
CAND-3899,Rytis,Stankus,rytis.stankus@yahoo.com,5886550694,Berlin,Germany,Cognizant,FP&A Manager,linkedin.com/in/rytis-stankus-887,2024-03-07
CAND-3900,Damian,Lewandowski,damian.lewandowski3@gmail.com,510-710-4279x749,London,United Kingdom,Accenture,Senior TA Specialist,linkedin.com/in/damian-lewandowski-324,2025-05-17
CAND-3901,Andrew,Wilson,andrew.wilson@gmail.com,392-510-1818x896,Vilnius,Lithuania,CGI,Senior CRM Manager,,2024-09-11
CAND-3902,Inga,Ambrazas,inga.ambrazas1@gmail.com,,Riga,Latvia,Adform,Senior Compliance Manager,linkedin.com/in/inga-ambrazas-882,2024-06-09
CAND-3903,Petra,Smirnov,petra.smirnov1@protonmail.com,(393)357-5384,Warsaw,Poland,Zynga,SEO Specialist,linkedin.com/in/petra-smirnov-796,2025-05-13
CAND-3904,Michal,Kowalski,michal.kowalski@protonmail.com,,London,United Kingdom,SumUp,Senior Growth Manager,,2024-04-24
CAND-3905,Oleh,Kovalenko,oleh.kovalenko@gmail.com,257-303-4756,Hamburg,Germany,King,Brand Manager,linkedin.com/in/oleh-kovalenko-853,2024-04-26
CAND-3906,Andrei,Popescu,andrei.popescu6@gmail.com,(542)762-4554x62021,Vilnius,Lithuania,Swedbank,Compensation and Benefits Analyst,,2024-04-08
CAND-3907,Mirela,Smirnov,mirela.smirnov@yahoo.com,,Berlin,Germany,Freelance,Senior Compliance Manager,linkedin.com/in/mirela-smirnov-612,2025-05-18
CAND-3908,Svitlana,Lytovchenko,svitlana.lytovchenko@yahoo.com,001-946-592-2394x071,Vilnius,Lithuania,Zynga,Lead UX Researcher,linkedin.com/in/svitlana-lytovchenko-762,2024-02-25
CAND-3909,Daria,Toth,daria.toth2@protonmail.com,+1-243-546-6095x47006,Riga,Latvia,Nord Security,Staff Engineer,,2024-07-28
CAND-3910,Ioana,Petrov,ioana.petrov1@outlook.com,001-581-707-9516,Kaunas,Lithuania,,,,2025-06-21
CAND-3911,Krzysztof,Wisniewski,krzysztof.wisniewski@outlook.com,,Warsaw,Poland,Freelance,Chief Marketing Officer,,2024-09-24
CAND-3912,Arnas,Petrauskas,arnas.petrauskas@protonmail.com,(314)912-0224,Kaunas,Lithuania,Nord Security,Performance Marketing Manager,,2024-10-16
CAND-3913,Oleksiy,Bondarenko,oleksiy.bondarenko@protonmail.com,,Kyiv,Ukraine,Luminor,Chief Product Officer,,2024-06-17
CAND-3914,Emily,Taylor,emily.taylor@gmail.com,361-568-0956x41854,Gdansk,Poland,Checkout.com,Senior Legal Counsel,linkedin.com/in/emily-taylor-681,2025-04-04
CAND-3915,Michal,Dabrowska,michal.dabrowska2@gmail.com,336.765.0285,Tallinn,Estonia,Swedbank,VP of Product,,2024-05-03
CAND-3916,Marcin,Dabrowska,marcin.dabrowska1@gmail.com,(458)617-9157x82905,Riga,Latvia,Ubisoft,Senior Customer Support Specialist,linkedin.com/in/marcin-dabrowska-151,2024-02-02
CAND-3917,Oleh,Kovalenko,oleh.kovalenko1@gmail.com,001-622-319-1142,Kyiv,Ukraine,Wise,Management Accountant,linkedin.com/in/oleh-kovalenko-320,2025-02-18
CAND-3918,Alexander,Koch,alexander.koch1@outlook.com,314-601-3856x9939,Vilnius,Lithuania,Delivery Hero,Finance Manager,linkedin.com/in/alexander-koch-399,2025-03-26
CAND-3919,Lina,Zukauskas,lina.zukauskas@gmail.com,,Kyiv,Ukraine,Cognizant,Senior Financial Analyst,linkedin.com/in/lina-zukauskas-935,2024-04-16
CAND-3920,Katarzyna,Wozniak,katarzyna.wozniak1@gmail.com,(965)620-1201,Kaunas,Lithuania,Pipedrive,Legal Manager,,2025-05-17
CAND-3921,Max,Fischer,max.fischer1@gmail.com,8208984469,Vilnius,Lithuania,Personio,TA Manager,linkedin.com/in/max-fischer-748,2024-11-22
CAND-3922,Arnas,Grigas,arnas.grigas@gmail.com,(894)981-8272x913,Berlin,Germany,Telia,Senior Operations Manager,,2025-03-22
CAND-3923,Jolanta,Daunoras,jolanta.daunoras@yahoo.com,+1-259-316-4491x53218,Kyiv,Ukraine,LMT,Group Product Manager,linkedin.com/in/jolanta-daunoras-167,2024-07-18
CAND-3924,Anastasia,Smirnov,anastasia.smirnov@outlook.com,830-485-2315,Berlin,Germany,,,,2025-05-16
CAND-3925,Andriy,Boyko,andriy.boyko1@outlook.com,842.484.0224,Kaunas,Lithuania,Revolut,Financial Analyst,linkedin.com/in/andriy-boyko-968,2024-10-24
CAND-3926,Aleksander,Toth,aleksander.toth@yahoo.com,(871)932-0253x4238,Berlin,Germany,King,Head of Talent Acquisition,linkedin.com/in/aleksander-toth-448,2024-11-10
CAND-3927,Michael,Schulz,michael.schulz@protonmail.com,9778604293,Riga,Latvia,Zynga,Legal Manager,linkedin.com/in/michael-schulz-107,2024-08-02
CAND-3928,Stefan,Schulz,stefan.schulz@outlook.com,001-767-440-8772x107,Vilnius,Lithuania,Delivery Hero,Senior Compliance Manager,linkedin.com/in/stefan-schulz-904,2024-10-20
CAND-3929,Natalia,Lewandowski,natalia.lewandowski1@gmail.com,900-433-0510x9724,Vilnius,Lithuania,Luminor,Management Accountant,linkedin.com/in/natalia-lewandowski-232,2024-06-02
CAND-3930,Vaida,Kazlauskas,vaida.kazlauskas1@gmail.com,(442)965-4168x939,Vilnius,Lithuania,Swedbank,FP&A Manager,,2024-01-04
CAND-3931,Tetyana,Kravchenko,tetyana.kravchenko1@protonmail.com,(839)585-2381x82893,Berlin,Germany,Nord Security,Finance Manager,linkedin.com/in/tetyana-kravchenko-534,2025-03-08
CAND-3932,Laura,Grigas,laura.grigas@outlook.com,+1-527-386-8070x42357,Vilnius,Lithuania,Paddle,Data Engineering Manager,linkedin.com/in/laura-grigas-171,2024-03-03
CAND-3933,Dovydas,Kairys,dovydas.kairys1@protonmail.com,,Warsaw,Poland,Jam City,Legal Manager,linkedin.com/in/dovydas-kairys-958,2025-02-02
CAND-3934,Mariya,Marchenko,mariya.marchenko@protonmail.com,799.559.3116x99213,Riga,Latvia,Zalando,Senior CRM Manager,linkedin.com/in/mariya-marchenko-556,2025-03-15
CAND-3935,Artem,Marchenko,artem.marchenko1@outlook.com,670-650-7077x5088,Riga,Latvia,Tesonet,Fraud Analyst,linkedin.com/in/artem-marchenko-991,2025-03-20
CAND-3936,Marius,Ivanov,marius.ivanov3@gmail.com,+1-599-296-3576x86621,Warsaw,Poland,King,Senior Legal Manager,linkedin.com/in/marius-ivanov-602,2024-08-26
CAND-3937,Jonas,Hoffmann,jonas.hoffmann@yahoo.com,795-719-4845x42259,Kaunas,Lithuania,TrueLayer,Senior Finance Manager,linkedin.com/in/jonas-hoffmann-301,2024-08-01
CAND-3938,Janos,Ivanov,janos.ivanov1@gmail.com,333-805-9154,Berlin,Germany,Tesonet,Senior TA Specialist,linkedin.com/in/janos-ivanov-190,2024-02-27
CAND-3939,Pawel,Jankowski,pawel.jankowski1@yahoo.com,,Gdansk,Poland,,,,2025-05-08
CAND-3940,Saulius,Radzevicius,saulius.radzevicius1@outlook.com,751.310.9674,Kaunas,Lithuania,Ubisoft,CRM Manager,linkedin.com/in/saulius-radzevicius-597,2024-10-14
CAND-3941,Gintaras,Stonkus,gintaras.stonkus@outlook.com,+1-936-436-5905x04173,London,United Kingdom,Contentful,Analytics Engineer,linkedin.com/in/gintaras-stonkus-498,2024-12-24
CAND-3942,Monika,Noreika,monika.noreika@outlook.com,,Vilnius,Lithuania,Tesonet,Finance Analyst,,2025-04-28
CAND-3943,Domantas,Noreika,domantas.noreika1@gmail.com,(534)426-7870,Vilnius,Lithuania,Swedbank,Operations Analyst,linkedin.com/in/domantas-noreika-793,2024-11-02
CAND-3944,Zsuzsanna,Kuznetsov,zsuzsanna.kuznetsov@gmail.com,581.728.1718,Tallinn,Estonia,EA Games,Talent Acquisition Specialist,,2024-10-01
CAND-3945,Tetyana,Lytovchenko,tetyana.lytovchenko@gmail.com,,Vilnius,Lithuania,Personio,DevOps Engineer,,2024-12-19
CAND-3946,David,Fischer,david.fischer@gmail.com,,Warsaw,Poland,SEB,Senior FP&A Analyst,linkedin.com/in/david-fischer-162,2025-05-14
CAND-3947,Weronika,Dabrowska,weronika.dabrowska1@outlook.com,575-321-1275x9637,Vilnius,Lithuania,Tesonet,Compensation and Benefits Analyst,,2024-03-27
CAND-3948,Harry,Brown,harry.brown@gmail.com,849-433-1088,Berlin,Germany,Adform,Legal Manager,,2025-05-02
CAND-3949,Kinga,Petrov,kinga.petrov@protonmail.com,306.259.4003,Amsterdam,Netherlands,King,Operations Analyst,linkedin.com/in/kinga-petrov-667,2025-01-21
CAND-3950,Natalia,Kovalchuk,natalia.kovalchuk1@yahoo.com,,Vilnius,Lithuania,King,Senior Legal Counsel,linkedin.com/in/natalia-kovalchuk-512,2024-03-23
CAND-3951,Rafal,Fedorov,rafal.fedorov2@gmail.com,,Hamburg,Germany,Revolut,Analytics Manager,linkedin.com/in/rafal-fedorov-546,2024-12-12
CAND-3952,Jonas,Rimkus,jonas.rimkus@protonmail.com,,Lviv,Ukraine,EPAM Systems,Finance Manager,linkedin.com/in/jonas-rimkus-892,2025-01-17
CAND-3953,Hannah,Hoffmann,hannah.hoffmann@yahoo.com,364.485.1002,Wroclaw,Poland,Contentful,UX Researcher,linkedin.com/in/hannah-hoffmann-142,2025-05-08
CAND-3954,Aiste,Urbonas,aiste.urbonas2@protonmail.com,814-908-1702x8461,Riga,Latvia,Delivery Hero,Senior HR Manager,,2025-06-15
CAND-3955,Bence,Ionescu,bence.ionescu@gmail.com,+1-973-221-4999,Vilnius,Lithuania,Playtika,Senior HR Business Partner,,2024-05-28
CAND-3956,Erikas,Kairys,erikas.kairys1@yahoo.com,520.643.4743,Krakow,Poland,Ubisoft,Talent Acquisition Specialist,linkedin.com/in/erikas-kairys-757,2024-07-10
CAND-3957,Andriy,Melnyk,andriy.melnyk@yahoo.com,221-606-5100x4601,Warsaw,Poland,Vinted,Marketing Manager,linkedin.com/in/andriy-melnyk-518,2024-02-24
CAND-3958,Vaida,Kairys,vaida.kairys@yahoo.com,631-435-5579,Warsaw,Poland,Paddle,Lead UX Researcher,linkedin.com/in/vaida-kairys-115,2024-09-04
CAND-3959,Kateryna,Kravchenko,kateryna.kravchenko1@gmail.com,4723239567,Tallinn,Estonia,Wise,Legal Manager,linkedin.com/in/kateryna-kravchenko-481,2024-09-16
CAND-3960,Volodymyr,Kovalenko,volodymyr.kovalenko1@gmail.com,961.989.8987x8776,Vilnius,Lithuania,Playtika,Engineering Manager,,2024-11-12
CAND-3961,Jonas,Urbonas,jonas.urbonas1@gmail.com,,Vilnius,Lithuania,N26,Operations Analyst,linkedin.com/in/jonas-urbonas-980,2025-01-20
CAND-3962,Filip,Kowalski,filip.kowalski1@gmail.com,(513)987-7123x981,Riga,Latvia,Danske Bank,Senior Operations Specialist,linkedin.com/in/filip-kowalski-650,2024-08-05
CAND-3963,Ethan,Brown,ethan.brown@yahoo.com,+1-720-748-7304x5194,Tallinn,Estonia,DXC Technology,Financial Analyst,,2024-02-12
CAND-3964,Leon,Schmidt,leon.schmidt@protonmail.com,,Kyiv,Ukraine,SEB,Senior Backend Engineer,linkedin.com/in/leon-schmidt-532,2024-10-05
CAND-3965,Ewelina,Mazur,ewelina.mazur@gmail.com,001-886-681-7341x8807,London,United Kingdom,N26,Data Analyst,,2024-02-20
CAND-3966,Agne,Levinskas,agne.levinskas@outlook.com,001-703-515-7585x9391,Kharkiv,Ukraine,Paddle,Product Lead,linkedin.com/in/agne-levinskas-650,2024-09-06
CAND-3967,Arnas,Levinskas,arnas.levinskas@outlook.com,+1-762-605-4493x39271,Kyiv,Ukraine,Wargaming,Performance Marketing Manager,,2024-07-04
CAND-3968,Andriy,Marchenko,andriy.marchenko1@gmail.com,2639856702,Kaunas,Lithuania,Paddle,HR Business Partner,,2024-12-07
CAND-3969,Aleksander,Ivanov,aleksander.ivanov@yahoo.com,+1-515-737-8420x5555,Kaunas,Lithuania,Delivery Hero,Lead UX Researcher,,2024-02-24
CAND-3970,Mirela,Toth,mirela.toth@protonmail.com,440-478-9677x888,London,United Kingdom,CGI,Senior Legal Counsel,,2025-04-09
CAND-3971,Larysa,Tkachenko,larysa.tkachenko1@yahoo.com,,Hamburg,Germany,Devbridge,Senior Product Manager,,2024-10-04
CAND-3972,Adam,Kowalczyk,adam.kowalczyk1@gmail.com,600-972-0409,Vilnius,Lithuania,Luminor,Operations Specialist,,2025-02-04
CAND-3973,Katarzyna,Mazur,katarzyna.mazur1@gmail.com,001-211-624-6175x78041,Warsaw,Poland,Jam City,Compensation and Benefits Analyst,linkedin.com/in/katarzyna-mazur-469,2024-12-26
CAND-3974,Yaroslav,Bondarenko,yaroslav.bondarenko@gmail.com,+1-466-871-8644,Kyiv,Ukraine,Adform,Senior Marketing Manager,,2024-07-04
CAND-3975,Gintaras,Kairys,gintaras.kairys1@gmail.com,(944)370-4986,Vilnius,Lithuania,Freelance,Compensation and Benefits Analyst,,2025-06-13
CAND-3976,Rytis,Noreika,rytis.noreika@gmail.com,401-787-7033,Kyiv,Ukraine,Zalando,Senior Product Manager,linkedin.com/in/rytis-noreika-179,2024-07-20
CAND-3977,Michal,Szymanski,michal.szymanski@gmail.com,904.643.0732x466,Berlin,Germany,Cognizant,SEO Specialist,,2024-07-15
CAND-3978,Agnieszka,Jankowski,agnieszka.jankowski2@yahoo.com,,Kyiv,Ukraine,Cognizant,Compensation and Benefits Analyst,linkedin.com/in/agnieszka-jankowski-274,2024-12-20
CAND-3979,Taras,Tkachenko,taras.tkachenko@protonmail.com,+1-403-604-3817x799,Vilnius,Lithuania,Accenture,Senior Compliance Manager,linkedin.com/in/taras-tkachenko-380,2024-01-29
CAND-3980,Tiberiu,Nagy,tiberiu.nagy@yahoo.com,(892)647-0481x1301,Vilnius,Lithuania,DXC Technology,Fraud Analyst,linkedin.com/in/tiberiu-nagy-685,2024-02-26
CAND-3981,Agnieszka,Kozlowski,agnieszka.kozlowski1@gmail.com,323.414.5651,Warsaw,Poland,Pipedrive,Senior Mobile Engineer,linkedin.com/in/agnieszka-kozlowski-179,2024-05-09
CAND-3982,Matas,Kairys,matas.kairys@outlook.com,559.417.0034x374,Krakow,Poland,Wargaming,Head of Product,linkedin.com/in/matas-kairys-149,2025-01-24
CAND-3983,Neringa,Rimkus,neringa.rimkus2@gmail.com,(567)340-5362x512,Warsaw,Poland,Atea,Junior BI Analyst,linkedin.com/in/neringa-rimkus-197,2024-10-09
CAND-3984,Natalia,Dabrowska,natalia.dabrowska@gmail.com,,Kaunas,Lithuania,Cognizant,SEO Specialist,,2025-06-14
CAND-3985,Viktorija,Gudas,viktorija.gudas1@gmail.com,254-811-1902,Berlin,Germany,Bolt,Senior DevOps Engineer,linkedin.com/in/viktorija-gudas-483,2025-05-08
CAND-3986,Yulia,Kravchenko,yulia.kravchenko2@gmail.com,7714369300,Kaunas,Lithuania,Personio,Operations Specialist,linkedin.com/in/yulia-kravchenko-978,2024-08-05
CAND-3987,Pawel,Wisniewski,pawel.wisniewski@yahoo.com,(514)642-6735,London,United Kingdom,TrueLayer,Senior Frontend Engineer,,2025-06-15
CAND-3988,Bence,Kovacs,bence.kovacs1@yahoo.com,+1-425-861-1615x99944,Berlin,Germany,Revolut,Senior Growth Manager,,2024-02-02
CAND-3989,Lukasz,Kozlowski,lukasz.kozlowski1@outlook.com,001-418-745-5375x826,Kaunas,Lithuania,Contentful,Senior DevOps Engineer,linkedin.com/in/lukasz-kozlowski-367,2025-01-01
CAND-3990,Felix,Schulz,felix.schulz@gmail.com,,Berlin,Germany,Delivery Hero,Junior DevOps Engineer,linkedin.com/in/felix-schulz-486,2024-09-01
CAND-3991,Andreas,Schneider,andreas.schneider1@gmail.com,5814499402,Berlin,Germany,Telia,Customer Support Specialist,linkedin.com/in/andreas-schneider-764,2025-01-30
CAND-3992,Aleksander,Kovacs,aleksander.kovacs@outlook.com,558.759.3580,Vilnius,Lithuania,Tesonet,Data Scientist,linkedin.com/in/aleksander-kovacs-310,2024-02-23
CAND-3993,Zsuzsanna,Toth,zsuzsanna.toth1@yahoo.com,+1-928-580-5075x0781,Vilnius,Lithuania,EPAM Systems,Trust and Safety Analyst,linkedin.com/in/zsuzsanna-toth-928,2025-03-20
CAND-3994,Tadas,Petrauskas,tadas.petrauskas@protonmail.com,(644)625-2477x774,Krakow,Poland,LMT,Senior Data Analyst,,2024-04-01
CAND-3995,Monika,Zukauskas,monika.zukauskas2@gmail.com,001-264-293-0464,Vilnius,Lithuania,Miniclip,Group Product Manager,linkedin.com/in/monika-zukauskas-417,2024-02-20
CAND-3996,Daria,Ivanov,daria.ivanov2@gmail.com,,Vilnius,Lithuania,King,Security Engineer,,2024-07-06
CAND-3997,Jolanta,Urbonas,jolanta.urbonas@outlook.com,(706)598-8264x86275,Tallinn,Estonia,Checkout.com,Senior Operations Manager,linkedin.com/in/jolanta-urbonas-675,2024-06-20
CAND-3998,Rokas,Mockus,rokas.mockus@outlook.com,279.638.5460x9121,Tallinn,Estonia,Miniclip,Senior Compliance Manager,linkedin.com/in/rokas-mockus-204,2024-06-15
CAND-3999,Daryna,Boyko,daryna.boyko@yahoo.com,2723545396,Kharkiv,Ukraine,Zalando,Senior Performance Marketer,linkedin.com/in/daryna-boyko-891,2025-04-09
CAND-4000,Tomas,Jankauskas,tomas.jankauskas1@gmail.com,001-460-799-3247x07926,Vilnius,Lithuania,N26,Senior Legal Counsel,linkedin.com/in/tomas-jankauskas-796,2024-09-25
CAND-4001,Dovydas,Gudas,dovydas.gudas@gmail.com,+1-617-543-1603x25039,Kyiv,Ukraine,CGI,Senior Legal Counsel,linkedin.com/in/dovydas-gudas-632,2024-07-24
CAND-4002,Andriy,Kravchenko,andriy.kravchenko@gmail.com,+1-398-984-4278x95236,Tallinn,Estonia,Zalando,Senior Operations Specialist,linkedin.com/in/andriy-kravchenko-165,2024-12-26
CAND-4003,Mindaugas,Zukauskas,mindaugas.zukauskas@outlook.com,,Vilnius,Lithuania,Telia,Director of Data and Analytics,linkedin.com/in/mindaugas-zukauskas-466,2025-05-02
CAND-4004,Oliver,Smith,oliver.smith@yahoo.com,001-749-964-5495,Hamburg,Germany,King,Marketing Manager,linkedin.com/in/oliver-smith-205,2024-05-23
CAND-4005,Saulius,Paulauskas,saulius.paulauskas2@gmail.com,001-581-427-3174x2718,Riga,Latvia,Zynga,Performance Marketing Manager,linkedin.com/in/saulius-paulauskas-365,2024-04-11
CAND-4006,Arnas,Ambrazas,arnas.ambrazas1@gmail.com,(940)823-9362,Kaunas,Lithuania,Adform,Product Designer,linkedin.com/in/arnas-ambrazas-586,2024-04-18
CAND-4007,Adam,Nowak,adam.nowak@yahoo.com,776-740-4046,Krakow,Poland,Bite,Senior Legal Counsel,,2024-03-21
CAND-4008,Sandra,Hoffmann,sandra.hoffmann@gmail.com,212-786-3811,Kaunas,Lithuania,EPAM Systems,Data Engineer,,2025-02-06
CAND-4009,Gintaras,Ambrazas,gintaras.ambrazas@yahoo.com,7227892074,Vilnius,Lithuania,SEB,CRM Manager,linkedin.com/in/gintaras-ambrazas-681,2025-04-10
CAND-4010,Jonas,Urbonas,jonas.urbonas2@gmail.com,(582)576-7742,Vilnius,Lithuania,Paddle,Senior Legal Counsel,linkedin.com/in/jonas-urbonas-106,2024-07-05
CAND-4011,Vladislav,Popescu,vladislav.popescu1@protonmail.com,343-737-3278x39692,Vilnius,Lithuania,Miniclip,Senior HR Business Partner,linkedin.com/in/vladislav-popescu-482,2024-01-13
CAND-4012,Paulina,Kaminski,paulina.kaminski@outlook.com,300-626-0772,Tallinn,Estonia,Delivery Hero,VP of Product,,2024-10-24
CAND-4013,Mariya,Oliynyk,mariya.oliynyk3@gmail.com,348.769.6537,Vilnius,Lithuania,,,linkedin.com/in/mariya-oliynyk-812,2024-01-09
CAND-4014,Saulius,Stankus,saulius.stankus1@gmail.com,(373)910-5208x983,Hamburg,Germany,TrueLayer,Senior HR Manager,linkedin.com/in/saulius-stankus-309,2024-07-26
CAND-4015,Matas,Kairys,matas.kairys@yahoo.com,909.950.7933,Kaunas,Lithuania,Telia,TA Manager,,2024-10-02
CAND-4016,Arnas,Jankauskas,arnas.jankauskas@gmail.com,712.297.3414,London,United Kingdom,Atea,UX Researcher,linkedin.com/in/arnas-jankauskas-572,2024-07-30
CAND-4017,Grace,Davies,grace.davies@protonmail.com,,Kyiv,Ukraine,Pipedrive,DevOps Engineer,linkedin.com/in/grace-davies-778,2024-02-16
CAND-4018,Daria,Smirnov,daria.smirnov1@gmail.com,001-927-459-0826x80090,Vilnius,Lithuania,Jam City,Fraud Analyst,linkedin.com/in/daria-smirnov-439,2025-06-17
CAND-4019,Arnas,Gudas,arnas.gudas2@gmail.com,(608)771-2189,Warsaw,Poland,CGI,Senior Data Engineer,linkedin.com/in/arnas-gudas-990,2025-03-19
CAND-4020,Tomas,Kairys,tomas.kairys2@gmail.com,(539)359-6023,London,United Kingdom,Vinted,Product Designer,,2024-10-25
CAND-4021,Vaida,Kazlauskas,vaida.kazlauskas@protonmail.com,599-287-5175x79032,Warsaw,Poland,Personio,Legal Manager,,2025-02-15
CAND-4022,Mirela,Ionescu,mirela.ionescu@gmail.com,+1-988-706-0941,Kaunas,Lithuania,Bite,BI Analyst,linkedin.com/in/mirela-ionescu-816,2024-07-01
CAND-4023,Tadas,Kazlauskas,tadas.kazlauskas@gmail.com,8249130078,Vilnius,Lithuania,Pipedrive,Senior Compliance Manager,linkedin.com/in/tadas-kazlauskas-788,2024-08-30
CAND-4024,Petra,Kuznetsov,petra.kuznetsov@protonmail.com,+1-658-775-5850x9591,Tallinn,Estonia,Bite,Senior HR Business Partner,linkedin.com/in/petra-kuznetsov-200,2024-04-14
CAND-4025,Tadas,Zukauskas,tadas.zukauskas@gmail.com,,Hamburg,Germany,Checkout.com,Senior DevOps Engineer,linkedin.com/in/tadas-zukauskas-108,2025-04-24
CAND-4026,Serhiy,Boyko,serhiy.boyko@gmail.com,6498723669,Hamburg,Germany,Accenture,Product Designer,linkedin.com/in/serhiy-boyko-341,2024-04-30
CAND-4027,Filip,Wojcik,filip.wojcik@gmail.com,(672)486-5181,Berlin,Germany,Checkout.com,Talent Acquisition Specialist,linkedin.com/in/filip-wojcik-590,2024-12-19
CAND-4028,Vasyl,Bondarenko,vasyl.bondarenko@outlook.com,4433845046,Vilnius,Lithuania,TransferGo,Operations Specialist,linkedin.com/in/vasyl-bondarenko-304,2024-07-09
CAND-4029,Rafal,Kowalczyk,rafal.kowalczyk1@outlook.com,,Hamburg,Germany,Bolt,Senior Marketing Manager,linkedin.com/in/rafal-kowalczyk-202,2024-12-31
CAND-4030,Edvinas,Rimkus,edvinas.rimkus@yahoo.com,,London,United Kingdom,Revolut,Senior Analytics Engineer,linkedin.com/in/edvinas-rimkus-476,2024-11-05
CAND-4031,Janos,Popescu,janos.popescu1@gmail.com,664.234.9394x1667,Tallinn,Estonia,EPAM Systems,Product Designer,,2024-12-16
CAND-4032,Egle,Ambrazas,egle.ambrazas@outlook.com,388.369.8585x749,Kaunas,Lithuania,Luminor,CRM Manager,linkedin.com/in/egle-ambrazas-288,2025-06-11
CAND-4033,Jack,Clark,jack.clark@gmail.com,9665726418,Riga,Latvia,Barclays Technology,Trust and Safety Lead,linkedin.com/in/jack-clark-880,2024-08-04
CAND-4034,Hannah,Meyer,hannah.meyer@outlook.com,+1-597-389-5377x0124,Krakow,Poland,Freelance,Growth Manager,linkedin.com/in/hannah-meyer-608,2024-01-01
CAND-4035,Aleksander,Petrov,aleksander.petrov2@gmail.com,(645)298-2437x80470,Vilnius,Lithuania,Freelance,Senior Product Manager,linkedin.com/in/aleksander-petrov-367,2025-04-16
CAND-4036,Volodymyr,Kravchenko,volodymyr.kravchenko@gmail.com,493.265.1875x6926,Vilnius,Lithuania,DXC Technology,Director of Engineering,linkedin.com/in/volodymyr-kravchenko-358,2024-04-14
CAND-4037,Daria,Petrov,daria.petrov@yahoo.com,001-432-573-5712x56721,Vilnius,Lithuania,Luminor,Financial Analyst,,2024-07-10
CAND-4038,Vladislav,Ivanov,vladislav.ivanov5@gmail.com,3087578959,Berlin,Germany,Barclays Technology,Compliance Manager,linkedin.com/in/vladislav-ivanov-413,2025-02-03
CAND-4039,Karolina,Zielinski,karolina.zielinski1@yahoo.com,224.725.6600,London,United Kingdom,Wargaming,Product Lead,linkedin.com/in/karolina-zielinski-599,2024-05-18
CAND-4040,Emily,Williams,emily.williams@protonmail.com,,London,United Kingdom,Cognizant,Principal Product Manager,linkedin.com/in/emily-williams-977,2024-10-16
CAND-4041,Tetyana,Melnyk,tetyana.melnyk1@gmail.com,783.569.0303x4136,Kaunas,Lithuania,TransferGo,Senior HR Business Partner,linkedin.com/in/tetyana-melnyk-697,2024-11-30
CAND-4042,Aleksander,Petrov,aleksander.petrov@yahoo.com,,Amsterdam,Netherlands,Barclays Technology,Senior Compliance Manager,linkedin.com/in/aleksander-petrov-897,2024-03-27
CAND-4043,Charlotte,Evans,charlotte.evans@gmail.com,(998)956-8499,Kaunas,Lithuania,Revolut,CRM Manager,,2025-04-07
CAND-4044,Taras,Shevchuk,taras.shevchuk@gmail.com,,Vilnius,Lithuania,Ubisoft,Platform Engineer,,2024-08-15
CAND-4045,Lina,Jankauskas,lina.jankauskas@gmail.com,3706600746,Vilnius,Lithuania,Delivery Hero,Engineering Manager,,2025-06-24
CAND-4046,Mariya,Moroz,mariya.moroz@gmail.com,637.600.4917,Riga,Latvia,Adform,Head of Data,linkedin.com/in/mariya-moroz-250,2024-07-20
CAND-4047,Saulius,Noreika,saulius.noreika3@gmail.com,868.471.6387,Krakow,Poland,Miniclip,Trust and Safety Analyst,linkedin.com/in/saulius-noreika-346,2025-05-24
CAND-4048,Daniel,Brown,daniel.brown@yahoo.com,,Berlin,Germany,Revolut,Senior Compliance Manager,linkedin.com/in/daniel-brown-548,2025-06-30
CAND-4049,James,Hughes,james.hughes@yahoo.com,857-874-0545,Vilnius,Lithuania,EA Games,TA Manager,linkedin.com/in/james-hughes-411,2024-09-18
CAND-4050,Hannah,Meyer,hannah.meyer1@outlook.com,482-948-7414,Vilnius,Lithuania,Swedbank,Analytics Manager,linkedin.com/in/hannah-meyer-416,2024-11-01
CAND-4051,Sophie,Roberts,sophie.roberts@yahoo.com,453.314.1988x72634,Vilnius,Lithuania,Wise,Product Manager,,2025-06-14
CAND-4052,Jolanta,Radzevicius,jolanta.radzevicius@gmail.com,,Hamburg,Germany,EA Games,Product Lead,,2025-03-24
CAND-4053,Mykola,Kovalenko,mykola.kovalenko@protonmail.com,+1-222-933-9982x1590,Vilnius,Lithuania,LMT,Senior FP&A Analyst,linkedin.com/in/mykola-kovalenko-389,2024-10-16
CAND-4054,Gabija,Paulauskas,gabija.paulauskas@yahoo.com,001-913-320-4484x567,Krakow,Poland,Freelance,QA Engineer,linkedin.com/in/gabija-paulauskas-765,2024-09-27
CAND-4055,Daniel,Evans,daniel.evans1@gmail.com,(541)376-6045x689,Tallinn,Estonia,Luminor,Data Analyst,linkedin.com/in/daniel-evans-638,2024-12-04
CAND-4056,Marius,Toth,marius.toth1@gmail.com,764-957-6776,Vilnius,Lithuania,DXC Technology,Director of Engineering,linkedin.com/in/marius-toth-780,2024-10-28
CAND-4057,Vilius,Butkus,vilius.butkus@gmail.com,001-766-464-7608x5208,London,United Kingdom,Zynga,FP&A Analyst,linkedin.com/in/vilius-butkus-998,2025-06-30
CAND-4058,Vilius,Levinskas,vilius.levinskas1@gmail.com,001-264-655-2175,Vilnius,Lithuania,TransferGo,L&D Specialist,,2025-02-24
CAND-4059,Oscar,Jones,oscar.jones@gmail.com,001-998-487-8298,Hamburg,Germany,Vinted,Product Lead,,2024-04-13
CAND-4060,Zsuzsanna,Ionescu,zsuzsanna.ionescu1@gmail.com,854.442.2061x850,Krakow,Poland,TransferGo,DevOps Engineer,linkedin.com/in/zsuzsanna-ionescu-295,2025-01-14
CAND-4061,Tadas,Kairys,tadas.kairys@gmail.com,+1-687-838-6400x672,Vilnius,Lithuania,Personio,Senior Frontend Engineer,linkedin.com/in/tadas-kairys-444,2025-03-15
CAND-4062,Rokas,Zukauskas,rokas.zukauskas@outlook.com,(539)503-2143x03183,Berlin,Germany,Swedbank,Data Scientist,,2025-06-08
CAND-4063,Sophie,Thomas,sophie.thomas2@gmail.com,,Vilnius,Lithuania,Checkout.com,SEO Specialist,,2024-12-22
CAND-4064,Vladislav,Smirnov,vladislav.smirnov@gmail.com,,Lviv,Ukraine,Paddle,QA Engineer,linkedin.com/in/vladislav-smirnov-196,2024-08-08
CAND-4065,Mindaugas,Kairys,mindaugas.kairys1@gmail.com,6117184065,Hamburg,Germany,Pipedrive,Senior Financial Analyst,linkedin.com/in/mindaugas-kairys-402,2024-11-12
CAND-4066,Lukasz,Wisniewski,lukasz.wisniewski1@gmail.com,687-555-2452x96151,Warsaw,Poland,EA Games,Engineering Manager,linkedin.com/in/lukasz-wisniewski-529,2025-06-22
CAND-4067,Sarah,Weber,sarah.weber@gmail.com,(997)345-7835x17983,Warsaw,Poland,Miniclip,Customer Support Specialist,linkedin.com/in/sarah-weber-144,2024-08-07
CAND-4068,Egle,Jankauskas,egle.jankauskas@outlook.com,+1-835-656-6963x38958,London,United Kingdom,Nord Security,Senior TA Specialist,linkedin.com/in/egle-jankauskas-374,2025-02-27
CAND-4069,Magdalena,Wisniewski,magdalena.wisniewski@protonmail.com,,Wroclaw,Poland,TrueLayer,Compliance Specialist,,2024-03-13
CAND-4070,Alina,Kovalchuk,alina.kovalchuk1@yahoo.com,378-825-6019,Kyiv,Ukraine,SumUp,FP&A Analyst,linkedin.com/in/alina-kovalchuk-971,2024-11-12
CAND-4071,Piotr,Jankowski,piotr.jankowski@gmail.com,,Kaunas,Lithuania,Zalando,HR Business Partner,linkedin.com/in/piotr-jankowski-776,2024-10-06
CAND-4072,Natalia,Oliynyk,natalia.oliynyk@protonmail.com,(546)894-7629,Amsterdam,Netherlands,Bolt,Backend Engineer,linkedin.com/in/natalia-oliynyk-499,2025-03-09
CAND-4073,Petra,Toth,petra.toth1@outlook.com,+1-284-326-8517x97367,London,United Kingdom,Danske Bank,Growth Lead,,2024-02-22
CAND-4074,James,Walker,james.walker@gmail.com,2275190952,Vilnius,Lithuania,Revolut,L&D Specialist,linkedin.com/in/james-walker-809,2024-10-11
CAND-4075,Tadas,Zukauskas,tadas.zukauskas@outlook.com,+1-272-612-1519,Warsaw,Poland,TransferGo,Senior Product Lead,linkedin.com/in/tadas-zukauskas-606,2024-01-19
CAND-4076,Inga,Stankus,inga.stankus1@protonmail.com,(862)844-6220x165,Krakow,Poland,Danske Bank,Senior HR Business Partner,,2025-02-23
CAND-4077,Simona,Stonkus,simona.stonkus1@gmail.com,539.435.0824,Vilnius,Lithuania,Playtika,Brand Manager,,2025-06-09
CAND-4078,Daryna,Kovalchuk,daryna.kovalchuk@gmail.com,(625)338-1403x0755,London,United Kingdom,,,linkedin.com/in/daryna-kovalchuk-628,2024-07-14
CAND-4079,Jessica,Taylor,jessica.taylor@gmail.com,+1-242-502-4843x50745,Tallinn,Estonia,,,,2025-01-17
CAND-4080,Monika,Kazlauskas,monika.kazlauskas1@gmail.com,001-232-680-9997x0244,Vilnius,Lithuania,EA Games,Marketing Coordinator,linkedin.com/in/monika-kazlauskas-148,2024-09-10
CAND-4081,Natalia,Lewandowski,natalia.lewandowski@yahoo.com,410.590.7718,Kyiv,Ukraine,,,linkedin.com/in/natalia-lewandowski-952,2024-01-17
CAND-4082,Rytis,Ambrazas,rytis.ambrazas2@gmail.com,+1-353-927-7376x55476,Vilnius,Lithuania,Atea,Senior Legal Counsel,linkedin.com/in/rytis-ambrazas-936,2024-02-17
CAND-4083,Oksana,Boyko,oksana.boyko1@outlook.com,(375)673-5548,Krakow,Poland,Personio,HR Business Partner,,2024-04-24
CAND-4084,Taras,Kovalchuk,taras.kovalchuk1@gmail.com,412.666.6153x939,Krakow,Poland,SEB,Senior Analytics Engineer,linkedin.com/in/taras-kovalchuk-817,2024-07-17
CAND-4085,Maciej,Nowak,maciej.nowak@outlook.com,,Berlin,Germany,Wise,Senior TA Specialist,,2024-07-03
CAND-4086,Lisa,Hartmann,lisa.hartmann@gmail.com,(670)521-5013,Tallinn,Estonia,LMT,Group Product Manager,linkedin.com/in/lisa-hartmann-241,2024-09-21
CAND-4087,Pawel,Jankowski,pawel.jankowski@outlook.com,+1-639-906-2798x9582,Vilnius,Lithuania,Checkout.com,Senior Compliance Manager,linkedin.com/in/pawel-jankowski-540,2024-06-15
CAND-4088,Viktorija,Noreika,viktorija.noreika@protonmail.com,,Amsterdam,Netherlands,Checkout.com,L&D Specialist,,2024-04-13
CAND-4089,Jolanta,Kairys,jolanta.kairys2@outlook.com,333.491.2990x3719,Wroclaw,Poland,Pipedrive,Finance Manager,linkedin.com/in/jolanta-kairys-383,2024-11-13
CAND-4090,Lukas,Rimkus,lukas.rimkus2@gmail.com,359.839.5571x421,Vilnius,Lithuania,Cognizant,Senior HR Business Partner,,2025-03-26
CAND-4091,Marius,Nagy,marius.nagy@outlook.com,,Warsaw,Poland,Barclays Technology,Mobile Engineer,,2024-11-13
CAND-4092,Ewelina,Wojcik,ewelina.wojcik@gmail.com,,Lviv,Ukraine,King,Fraud Analyst,linkedin.com/in/ewelina-wojcik-204,2025-05-13
CAND-4093,Agnieszka,Kowalski,agnieszka.kowalski@outlook.com,+1-622-506-5910x04436,Vilnius,Lithuania,Miniclip,Group Product Manager,linkedin.com/in/agnieszka-kowalski-529,2024-03-10
CAND-4094,Monika,Nowak,monika.nowak@gmail.com,,Vilnius,Lithuania,Atea,Senior HR Business Partner,linkedin.com/in/monika-nowak-809,2025-02-11
CAND-4095,Mantas,Stonkus,mantas.stonkus@yahoo.com,(244)243-2969x1422,Berlin,Germany,EA Games,Senior Customer Support Specialist,,2024-09-19
CAND-4096,Vilius,Zukauskas,vilius.zukauskas@protonmail.com,922.776.8352x780,Wroclaw,Poland,Danske Bank,Senior Legal Manager,linkedin.com/in/vilius-zukauskas-258,2024-07-10
CAND-4097,Rytis,Noreika,rytis.noreika@yahoo.com,+1-271-209-3385x30009,Wroclaw,Poland,Delivery Hero,DevOps Engineer,linkedin.com/in/rytis-noreika-862,2024-08-20
CAND-4098,Halyna,Lytovchenko,halyna.lytovchenko@gmail.com,,London,United Kingdom,Wise,Senior Frontend Engineer,linkedin.com/in/halyna-lytovchenko-849,2024-10-12
CAND-4099,Larysa,Shevchenko,larysa.shevchenko2@gmail.com,+1-863-325-8677x54658,Hamburg,Germany,Cognizant,Fraud Analyst,linkedin.com/in/larysa-shevchenko-377,2025-01-19
CAND-4100,Agnieszka,Mazur,agnieszka.mazur@gmail.com,628.847.0344x6332,Gdansk,Poland,Devbridge,Management Accountant,,2025-06-04
CAND-4101,Kinga,Smirnov,kinga.smirnov1@gmail.com,(768)941-5463x517,Tallinn,Estonia,Devbridge,TA Manager,linkedin.com/in/kinga-smirnov-549,2025-01-15
CAND-4102,Piotr,Jankowski,piotr.jankowski@protonmail.com,851.785.1769,Warsaw,Poland,Bite,Brand Manager,linkedin.com/in/piotr-jankowski-967,2025-01-06
CAND-4103,Arnas,Kairys,arnas.kairys@outlook.com,,Vilnius,Lithuania,Nord Security,Principal Product Manager,linkedin.com/in/arnas-kairys-346,2024-09-22
CAND-4104,Vladislav,Kuznetsov,vladislav.kuznetsov@outlook.com,001-795-496-5600x337,Berlin,Germany,Bite,TA Manager,linkedin.com/in/vladislav-kuznetsov-179,2024-01-19
CAND-4105,Gabija,Butkus,gabija.butkus@outlook.com,(496)448-4210,Krakow,Poland,Luminor,Senior Engineering Manager,linkedin.com/in/gabija-butkus-831,2024-10-16
CAND-4106,Lukas,Meyer,lukas.meyer@protonmail.com,(551)945-5795,London,United Kingdom,Accenture,Senior Compliance Manager,linkedin.com/in/lukas-meyer-247,2024-03-12
CAND-4107,Rafal,Lewandowski,rafal.lewandowski@gmail.com,+1-523-276-6041x4264,Kaunas,Lithuania,Accenture,Senior Product Manager,linkedin.com/in/rafal-lewandowski-400,2024-03-14
CAND-4108,Leon,Richter,leon.richter@yahoo.com,(497)408-1372,Amsterdam,Netherlands,Miniclip,Staff Engineer,linkedin.com/in/leon-richter-621,2025-03-13
CAND-4109,Tomasz,Zielinski,tomasz.zielinski@outlook.com,,Kyiv,Ukraine,Nord Security,Compliance Specialist,linkedin.com/in/tomasz-zielinski-728,2025-02-28
CAND-4110,Adam,Lewandowski,adam.lewandowski@protonmail.com,,Vilnius,Lithuania,EPAM Systems,Group Product Manager,,2025-01-18
CAND-4111,Joanna,Kaminski,joanna.kaminski@gmail.com,409-435-2439,Krakow,Poland,Zalando,Trust and Safety Analyst,linkedin.com/in/joanna-kaminski-105,2024-07-03
CAND-4112,Monika,Jankauskas,monika.jankauskas@gmail.com,+1-850-714-9628x407,Berlin,Germany,Vinted,BI Analyst,linkedin.com/in/monika-jankauskas-152,2024-02-02
CAND-4113,Sophie,Becker,sophie.becker@protonmail.com,890.987.8347,Amsterdam,Netherlands,Danske Bank,Legal Manager,linkedin.com/in/sophie-becker-760,2024-08-09
CAND-4114,Lukas,Gudas,lukas.gudas1@gmail.com,,London,United Kingdom,Bolt,Senior CRM Manager,,2024-09-25
CAND-4115,Bohdan,Shevchuk,bohdan.shevchuk@protonmail.com,+1-690-507-8244x66669,Warsaw,Poland,Zynga,Senior Compliance Manager,,2025-06-06
CAND-4116,Matas,Grigas,matas.grigas1@gmail.com,,Vilnius,Lithuania,Vinted,BI Analyst,linkedin.com/in/matas-grigas-724,2025-06-21
CAND-4117,Inga,Petrauskas,inga.petrauskas@outlook.com,(409)743-8682x50855,Riga,Latvia,Ubisoft,Senior Financial Analyst,,2025-03-02
CAND-4118,Neringa,Zukauskas,neringa.zukauskas2@protonmail.com,,Berlin,Germany,Checkout.com,Compliance Specialist,linkedin.com/in/neringa-zukauskas-407,2025-02-02
CAND-4119,Anastasia,Nagy,anastasia.nagy@protonmail.com,+1-962-497-2669x2325,Warsaw,Poland,Adform,Senior Frontend Engineer,linkedin.com/in/anastasia-nagy-699,2024-09-08
CAND-4120,Jana,Schulz,jana.schulz@gmail.com,534.668.9270x4723,Vilnius,Lithuania,King,Head of Data,linkedin.com/in/jana-schulz-198,2024-05-21
CAND-4121,Natalia,Bondarenko,natalia.bondarenko@outlook.com,+1-246-866-1051x4961,Vilnius,Lithuania,Devbridge,Group Product Manager,linkedin.com/in/natalia-bondarenko-335,2025-05-15
CAND-4122,Gabija,Grigas,gabija.grigas@outlook.com,662.288.6887x92449,Tallinn,Estonia,King,SEO Specialist,linkedin.com/in/gabija-grigas-347,2024-10-20
CAND-4123,Ethan,Taylor,ethan.taylor@gmail.com,001-239-551-8695x61344,Berlin,Germany,SumUp,Management Accountant,linkedin.com/in/ethan-taylor-895,2024-03-04
CAND-4124,Harry,Brown,harry.brown@yahoo.com,,Riga,Latvia,SumUp,Senior Performance Marketer,,2025-05-07
CAND-4125,Simona,Noreika,simona.noreika@gmail.com,001-931-883-8016x934,Kaunas,Lithuania,Personio,Trust and Safety Lead,linkedin.com/in/simona-noreika-252,2024-05-21
CAND-4126,Matas,Jankauskas,matas.jankauskas3@gmail.com,001-212-337-7939,Lviv,Ukraine,Barclays Technology,Marketing Manager,linkedin.com/in/matas-jankauskas-121,2025-05-03
CAND-4127,Andriy,Marchenko,andriy.marchenko2@gmail.com,001-522-301-6318x52002,London,United Kingdom,Bite,Security Engineer,,2024-07-09
CAND-4128,Rafal,Kovacs,rafal.kovacs1@protonmail.com,,Berlin,Germany,Freelance,Legal Counsel,,2025-01-17
CAND-4129,Charlotte,Walker,charlotte.walker1@yahoo.com,,Vilnius,Lithuania,King,Analytics Engineer,,2024-11-20
CAND-4130,Iryna,Moroz,iryna.moroz2@gmail.com,,Krakow,Poland,Danske Bank,Marketing Manager,,2024-01-15
CAND-4131,Saulius,Kairys,saulius.kairys@protonmail.com,(423)313-3631x409,Kaunas,Lithuania,Wise,Senior Legal Counsel,linkedin.com/in/saulius-kairys-172,2024-06-07
CAND-4132,Jakub,Wisniewski,jakub.wisniewski1@gmail.com,(970)423-1896,Kaunas,Lithuania,Revolut,Senior DevOps Engineer,,2024-11-10
CAND-4133,Kateryna,Boyko,kateryna.boyko@yahoo.com,,Krakow,Poland,Miniclip,Staff Engineer,linkedin.com/in/kateryna-boyko-676,2025-02-18
CAND-4134,Sarah,Bauer,sarah.bauer@protonmail.com,,Warsaw,Poland,Luminor,BI Analyst,,2024-06-25
CAND-4135,Jonas,Kairys,jonas.kairys@outlook.com,9129959031,Vilnius,Lithuania,Wargaming,Senior Frontend Engineer,linkedin.com/in/jonas-kairys-156,2025-01-02
CAND-4136,Ruta,Noreika,ruta.noreika1@yahoo.com,+1-556-490-0019x1765,London,United Kingdom,SEB,Security Engineer,linkedin.com/in/ruta-noreika-534,2025-01-27
CAND-4137,Tomas,Jankauskas,tomas.jankauskas2@gmail.com,948-634-3871x5154,Krakow,Poland,SumUp,Senior Legal Manager,,2025-05-13
CAND-4138,Tadas,Ambrazas,tadas.ambrazas@gmail.com,(291)617-0870x27282,Kaunas,Lithuania,TrueLayer,Fraud Analyst,,2024-07-06
CAND-4139,Marta,Zielinski,marta.zielinski1@gmail.com,3094380834,Lviv,Ukraine,Vinted,Data Scientist,linkedin.com/in/marta-zielinski-942,2024-07-23
CAND-4140,Mantas,Urbonas,mantas.urbonas1@gmail.com,,Warsaw,Poland,Pipedrive,Senior TA Specialist,,2024-11-17
CAND-4141,Rafal,Zielinski,rafal.zielinski1@outlook.com,421.660.0593,Tallinn,Estonia,,,,2024-09-17
CAND-4142,Marta,Kowalczyk,marta.kowalczyk@gmail.com,001-218-432-5276x252,Warsaw,Poland,Playtika,Senior Engineering Manager,,2024-04-22
CAND-4143,Gabija,Mockus,gabija.mockus2@gmail.com,431-516-7954,Warsaw,Poland,Nord Security,Engineering Manager,linkedin.com/in/gabija-mockus-282,2024-07-14
CAND-4144,Bence,Toth,bence.toth2@gmail.com,(367)301-1678,Kyiv,Ukraine,Revolut,Senior Analytics Manager,,2024-10-02
CAND-4145,Tomasz,Nowak,tomasz.nowak@outlook.com,(678)462-9025x15386,Kaunas,Lithuania,Checkout.com,Head of Talent Acquisition,linkedin.com/in/tomasz-nowak-815,2024-02-21
CAND-4146,Viktorija,Paulauskas,viktorija.paulauskas1@yahoo.com,,Vilnius,Lithuania,Personio,Legal Manager,linkedin.com/in/viktorija-paulauskas-740,2024-07-30
CAND-4147,Anastasia,Kovacs,anastasia.kovacs3@gmail.com,(273)602-2099x41753,Lviv,Ukraine,Freelance,Head of People,linkedin.com/in/anastasia-kovacs-427,2024-12-21
CAND-4148,Olena,Boyko,olena.boyko@gmail.com,+1-705-231-9841x05075,Kaunas,Lithuania,CGI,Senior Legal Counsel,linkedin.com/in/olena-boyko-880,2024-08-16
CAND-4149,Sarah,Becker,sarah.becker1@gmail.com,648.852.8467x70378,Krakow,Poland,Personio,Management Accountant,linkedin.com/in/sarah-becker-207,2024-07-21
CAND-4150,Taras,Kravchenko,taras.kravchenko@protonmail.com,,London,United Kingdom,Nord Security,Financial Analyst,linkedin.com/in/taras-kravchenko-512,2024-10-13
CAND-4151,Mikhail,Smirnov,mikhail.smirnov@outlook.com,297.700.8307x644,Amsterdam,Netherlands,DXC Technology,DevOps Engineer,linkedin.com/in/mikhail-smirnov-511,2024-02-15
CAND-4152,Weronika,Szymanski,weronika.szymanski2@gmail.com,435.450.1727x27973,Krakow,Poland,Pipedrive,Senior DevOps Engineer,linkedin.com/in/weronika-szymanski-763,2025-05-07
CAND-4153,Jakub,Zielinski,jakub.zielinski@protonmail.com,001-301-483-2051,Vilnius,Lithuania,Telia,TA Coordinator,linkedin.com/in/jakub-zielinski-984,2024-04-12
CAND-4154,Greta,Noreika,greta.noreika@yahoo.com,334-206-3680,Vilnius,Lithuania,Playtika,Senior Compliance Manager,linkedin.com/in/greta-noreika-469,2024-08-31
CAND-4155,Kristina,Gudas,kristina.gudas@protonmail.com,(302)340-6511x747,Vilnius,Lithuania,SumUp,Senior Analytics Engineer,,2024-04-06
CAND-4156,Yaroslav,Oliynyk,yaroslav.oliynyk1@gmail.com,506.348.5796x886,Krakow,Poland,Delivery Hero,Senior Finance Manager,,2025-01-26
CAND-4157,Daria,Nagy,daria.nagy1@gmail.com,(340)579-0448,Riga,Latvia,Ubisoft,BI Analyst,linkedin.com/in/daria-nagy-346,2024-02-25
CAND-4158,Vaida,Noreika,vaida.noreika@gmail.com,+1-881-990-1145,London,United Kingdom,LMT,Operations Specialist,linkedin.com/in/vaida-noreika-396,2024-04-09
CAND-4159,Lea,Schulz,lea.schulz@gmail.com,,Warsaw,Poland,Paddle,Senior Marketing Manager,linkedin.com/in/lea-schulz-267,2025-04-08
CAND-4160,Kinga,Kuznetsov,kinga.kuznetsov4@gmail.com,001-267-376-1952x496,Berlin,Germany,Jam City,Brand Manager,linkedin.com/in/kinga-kuznetsov-670,2024-04-01
CAND-4161,Maciej,Szymanski,maciej.szymanski@protonmail.com,409.421.7645x1770,Vilnius,Lithuania,Devbridge,DevOps Engineer,,2025-03-23
CAND-4162,Erikas,Mockus,erikas.mockus@gmail.com,+1-738-504-5347x82772,Tallinn,Estonia,Barclays Technology,Senior Financial Analyst,linkedin.com/in/erikas-mockus-163,2024-01-29
CAND-4163,Sophie,Brown,sophie.brown@gmail.com,001-520-795-9284x8987,Riga,Latvia,Jam City,Data Scientist,,2024-01-19
CAND-4164,Lukas,Levinskas,lukas.levinskas@protonmail.com,001-287-427-2993x357,Vilnius,Lithuania,,,linkedin.com/in/lukas-levinskas-985,2024-03-20
CAND-4165,Volodymyr,Shevchenko,volodymyr.shevchenko1@gmail.com,001-640-893-9866x398,Tallinn,Estonia,Luminor,Financial Analyst,linkedin.com/in/volodymyr-shevchenko-859,2024-11-13
CAND-4166,Marta,Lewandowski,marta.lewandowski1@protonmail.com,484-542-7398x3565,Kyiv,Ukraine,Zalando,Senior Marketing Manager,linkedin.com/in/marta-lewandowski-553,2024-11-12
CAND-4167,Michal,Kowalczyk,michal.kowalczyk1@yahoo.com,+1-518-586-7622x735,Kharkiv,Ukraine,TransferGo,Senior Data Analyst,,2024-08-17
CAND-4168,Agne,Zukauskas,agne.zukauskas@gmail.com,606-420-1663x3401,Krakow,Poland,Checkout.com,Senior HR Business Partner,linkedin.com/in/agne-zukauskas-512,2025-02-25
CAND-4169,Hannah,Bauer,hannah.bauer@yahoo.com,,Amsterdam,Netherlands,LMT,Compliance Manager,linkedin.com/in/hannah-bauer-485,2024-12-29
CAND-4170,Katarzyna,Wozniak,katarzyna.wozniak@protonmail.com,856-434-5263,Riga,Latvia,Bite,Compliance Manager,linkedin.com/in/katarzyna-wozniak-575,2025-05-17
CAND-4171,Jakub,Kowalski,jakub.kowalski@outlook.com,386.623.3570x44455,Kyiv,Ukraine,Luminor,Data Engineer,,2024-08-28
CAND-4172,Nikita,Kovacs,nikita.kovacs2@outlook.com,,London,United Kingdom,,,,2025-03-20
CAND-4173,Monika,Szymanski,monika.szymanski2@gmail.com,644.621.1175,Tallinn,Estonia,Checkout.com,Fraud Analyst,linkedin.com/in/monika-szymanski-861,2025-01-03
CAND-4174,Jolanta,Stonkus,jolanta.stonkus1@gmail.com,595-374-2188x4246,Vilnius,Lithuania,CGI,Legal Manager,,2025-06-04
CAND-4175,Andriy,Lytovchenko,andriy.lytovchenko1@protonmail.com,,Krakow,Poland,Atea,Senior Operations Specialist,linkedin.com/in/andriy-lytovchenko-874,2024-08-11
CAND-4176,Jolanta,Grigas,jolanta.grigas@protonmail.com,(812)691-1647x924,Tallinn,Estonia,EA Games,Senior Product Lead,linkedin.com/in/jolanta-grigas-292,2024-03-26
CAND-4177,Lukasz,Kowalczyk,lukasz.kowalczyk@yahoo.com,(799)587-2473,Riga,Latvia,EPAM Systems,Compliance Specialist,linkedin.com/in/lukasz-kowalczyk-506,2025-05-14
CAND-4178,Greta,Rimkus,greta.rimkus@yahoo.com,+1-799-387-5915x3007,Warsaw,Poland,EA Games,Talent Acquisition Specialist,linkedin.com/in/greta-rimkus-950,2024-02-18
CAND-4179,Marius,Nagy,marius.nagy@protonmail.com,951-483-4792x305,London,United Kingdom,Swedbank,Legal Counsel,linkedin.com/in/marius-nagy-488,2024-06-16
CAND-4180,Natalia,Lytovchenko,natalia.lytovchenko1@gmail.com,953-810-8124x643,Vilnius,Lithuania,Swedbank,HR Business Partner,linkedin.com/in/natalia-lytovchenko-734,2024-03-19
CAND-4181,Dmytro,Kovalenko,dmytro.kovalenko@gmail.com,,London,United Kingdom,Ubisoft,Senior Data Analyst,linkedin.com/in/dmytro-kovalenko-180,2025-06-12
CAND-4182,Elena,Nagy,elena.nagy@gmail.com,(843)801-4606,Vilnius,Lithuania,Paddle,People Operations Coordinator,linkedin.com/in/elena-nagy-419,2025-01-29
CAND-4183,Viktorija,Grigas,viktorija.grigas3@gmail.com,306-496-3749,Wroclaw,Poland,Cognizant,Senior Finance Manager,linkedin.com/in/viktorija-grigas-453,2025-01-07
CAND-4184,Kamil,Wojcik,kamil.wojcik@gmail.com,,Kaunas,Lithuania,EA Games,Lead UX Researcher,,2024-03-30
CAND-4185,Marcin,Kowalski,marcin.kowalski1@protonmail.com,387-690-6506,Vilnius,Lithuania,Barclays Technology,Senior TA Specialist,linkedin.com/in/marcin-kowalski-155,2025-04-02
CAND-4186,Rafal,Nagy,rafal.nagy4@gmail.com,,Vilnius,Lithuania,Ubisoft,Senior Product Designer,linkedin.com/in/rafal-nagy-572,2024-01-21
CAND-4187,Mia,Evans,mia.evans@protonmail.com,,Berlin,Germany,Barclays Technology,Senior Product Lead,linkedin.com/in/mia-evans-416,2024-12-16
CAND-4188,Laura,Noreika,laura.noreika2@outlook.com,315.890.1125x023,Krakow,Poland,Accenture,Growth Manager,linkedin.com/in/laura-noreika-784,2024-09-28
CAND-4189,Lukas,Kairys,lukas.kairys2@gmail.com,8045027289,Hamburg,Germany,Delivery Hero,Data Scientist,linkedin.com/in/lukas-kairys-513,2025-01-07
CAND-4190,Agne,Daunoras,agne.daunoras@gmail.com,+1-721-220-8614x9842,Warsaw,Poland,Freelance,Senior Product Lead,,2024-10-13
CAND-4191,Bence,Kovacs,bence.kovacs1@outlook.com,396.669.9784x200,Kyiv,Ukraine,Paddle,Senior Product Designer,linkedin.com/in/bence-kovacs-471,2024-02-19
CAND-4192,Marius,Toth,marius.toth2@gmail.com,944-424-6073,Kyiv,Ukraine,Tesonet,Growth Lead,linkedin.com/in/marius-toth-696,2024-08-13
CAND-4193,Vaida,Grigas,vaida.grigas@protonmail.com,,Vilnius,Lithuania,Zynga,Senior Data Analyst,linkedin.com/in/vaida-grigas-887,2024-08-04
CAND-4194,Arnas,Levinskas,arnas.levinskas@yahoo.com,786.615.9528,Vilnius,Lithuania,Freelance,Data Analyst,linkedin.com/in/arnas-levinskas-684,2024-04-01
CAND-4195,Rafal,Kowalski,rafal.kowalski1@outlook.com,757.763.7982x930,Vilnius,Lithuania,Cognizant,Senior Data Engineer,linkedin.com/in/rafal-kowalski-820,2024-11-30
CAND-4196,Mykola,Kravchenko,mykola.kravchenko1@gmail.com,379.279.8367x6074,Kaunas,Lithuania,Atea,Compensation and Benefits Analyst,,2024-11-14
CAND-4197,Elena,Kovacs,elena.kovacs2@protonmail.com,,Hamburg,Germany,Playtika,FP&A Analyst,linkedin.com/in/elena-kovacs-192,2025-03-15
CAND-4198,Alina,Shevchuk,alina.shevchuk1@gmail.com,(293)594-8150x439,Tallinn,Estonia,Devbridge,Financial Analyst,,2024-04-09
CAND-4199,Maciej,Kowalski,maciej.kowalski1@gmail.com,560-728-5869x66096,Amsterdam,Netherlands,Devbridge,Senior Legal Manager,,2024-06-15
CAND-4200,Matas,Mockus,matas.mockus2@gmail.com,,Vilnius,Lithuania,Paddle,Growth Manager,linkedin.com/in/matas-mockus-357,2024-04-16
CAND-4201,Oleksiy,Kovalenko,oleksiy.kovalenko@gmail.com,823-706-0023x028,Hamburg,Germany,,,linkedin.com/in/oleksiy-kovalenko-749,2024-05-23
CAND-4202,Agne,Urbonas,agne.urbonas@protonmail.com,(822)271-9260x26118,Vilnius,Lithuania,CGI,Analytics Manager,linkedin.com/in/agne-urbonas-311,2025-04-10
CAND-4203,Noa,Lewis,noah.lewis@gmail.com,(509)735-5610,Kaunas,Lithuania,Devbridge,Compliance Manager,linkedin.com/in/noah-lewis-216,2024-12-08
CAND-4204,Rytis,Paulauskas,rytis.paulauskas@gmail.com,670.228.5196x115,London,United Kingdom,Cognizant,Legal Manager,linkedin.com/in/rytis-paulauskas-374,2025-06-03
CAND-4205,Larys,Shevchuk,larysa.shevchuk1@gmail.com,335.599.1676x40323,Kaunas,Lithuania,Delivery Hero,Data Engineer,linkedin.com/in/larysa-shevchuk-279,2024-03-31
CAND-4206,Gabij,Urbonas,gabija.urbonas@yahoo.com,(317)441-3644x59476,Warsaw,Poland,EA Games,Senior Backend Engineer,linkedin.com/in/gabija-urbonas-778,2024-05-09
CAND-4207,Tomas,Stankus,tomas.stankus@gmail.com,,Vilnius,Lithuania,TrueLayer,TA Coordinator,,2025-02-11
CAND-4208,Harr,Walker,harry.walker@protonmail.com,001-981-425-5977,Kaunas,Lithuania,Delivery Hero,Senior HR Business Partner,,2025-06-15
CAND-4209,Simon,Mockus,simona.mockus@yahoo.com,+1-520-282-6773x45401,Amsterdam,Netherlands,Miniclip,Talent Acquisition Specialist,linkedin.com/in/simona-mockus-702,2024-04-12
CAND-4210,Katharina,Weber,katharina.weber@yahoo.com,,Wroclaw,Poland,Contentful,Operations Analyst,linkedin.com/in/katharina-weber-623,2025-02-27
CAND-4211,Egl,Stonkus,egle.stonkus@gmail.com,652.394.9307,Krakow,Poland,,,linkedin.com/in/egle-stonkus-387,2025-02-21
CAND-4212,Lin,Levinskas,lina.levinskas1@gmail.com,305.538.3385x69329,Berlin,Germany,Bite,Head of Talent Acquisition,,2024-10-29
CAND-4213,Joann,Mazur,joanna.mazur@yahoo.com,674.347.3535x247,Berlin,Germany,Zynga,L&D Specialist,linkedin.com/in/joanna-mazur-874,2024-08-16
CAND-4214,Dovyda,Mockus,dovydas.mockus2@gmail.com,+1-639-866-0734,Wroclaw,Poland,Cognizant,Lead UX Researcher,linkedin.com/in/dovydas-mockus-575,2025-01-23
CAND-4215,Andre,Ionescu,andrei.ionescu1@gmail.com,,Vilnius,Lithuania,Contentful,Senior TA Specialist,,2025-02-15
CAND-4216,Viliu,Paulauskas,vilius.paulauskas@protonmail.com,,Hamburg,Germany,Zalando,Customer Support Lead,linkedin.com/in/vilius-paulauskas-296,2024-09-30
CAND-4217,Vladislav,Ionescu,vladislav.ionescu@gmail.com,751-307-6226x8388,Kaunas,Lithuania,Paddle,HR Business Partner,linkedin.com/in/vladislav-ionescu-195,2024-11-28
CAND-4218,Mikhai,Ivanov,mikhail.ivanov1@protonmail.com,512.904.0954,Vilnius,Lithuania,Ubisoft,Senior Data Engineer,linkedin.com/in/mikhail-ivanov-152,2024-05-22
CAND-4219,Emm,Smith,emma.smith@gmail.com,458.953.0101,Krakow,Poland,Jam City,Senior Mobile Engineer,linkedin.com/in/emma-smith-638,2024-06-25
CAND-4220,Rut,Noreika,ruta.noreika@outlook.com,,Krakow,Poland,Accenture,Compliance Specialist,linkedin.com/in/ruta-noreika-950,2024-04-17
CAND-4221,Aleksande,Kovacs,aleksander.kovacs@outlook.com,558.759.3580,Vilnius,Lithuania,Tesonet,Data Scientist,linkedin.com/in/aleksander-kovacs-310,2024-02-23
CAND-4222,Osca,Wilson,oscar.wilson1@gmail.com,,Vilnius,Lithuania,Jam City,Management Accountant,,2024-01-08
CAND-4223,Damian,Jankowski,damian.jankowski@protonmail.com,(620)750-2099,Warsaw,Poland,Playtika,Senior Engineering Manager,,2024-12-04
CAND-4224,Tomas,Kairys,tomas.kairys@gmail.com,303.949.1891,London,United Kingdom,Miniclip,Senior Analytics Engineer,linkedin.com/in/tomas-kairys-408,2025-04-15
CAND-4225,Mikhail,Petrov,mikhail.petrov@gmail.com,,Vilnius,Lithuania,TransferGo,Data Analyst,linkedin.com/in/mikhail-petrov-534,2025-05-22
CAND-4226,Monik,Jankowski,monika.jankowski@yahoo.com,+1-944-221-0175x0961,Berlin,Germany,TransferGo,Backend Engineer,linkedin.com/in/monika-jankowski-697,2025-04-18
CAND-4227,Gabij,Jankauskas,gabija.jankauskas@gmail.com,597-512-1241,Lviv,Ukraine,LMT,Customer Support Manager,linkedin.com/in/gabija-jankauskas-979,2024-04-23
CAND-4228,Rokas,Daunoras,rokas.daunoras@outlook.com,,Kharkiv,Ukraine,Zynga,Operations Manager,,2024-05-15
CAND-4229,Lily,Jones,lily.jones@protonmail.com,+1-868-845-9090x22599,Kaunas,Lithuania,CGI,Senior Analytics Manager,linkedin.com/in/lily-jones-199,2024-12-03
CAND-4230,Mart,Wozniak,marta.wozniak@gmail.com,+1-509-433-9137,Warsaw,Poland,Contentful,HR Manager,,2024-07-31
CAND-4231,Vilius,Kairys,vilius.kairys@gmail.com,(632)282-2282,Vilnius,Lithuania,Wise,Senior Backend Engineer,linkedin.com/in/vilius-kairys-818,2024-10-29
CAND-4232,Tobias,Wagner,tobias.wagner@protonmail.com,484-791-3599,Tallinn,Estonia,Revolut,Trust and Safety Lead,linkedin.com/in/tobias-wagner-290,2024-06-11
CAND-4233,Ioana,Ionescu,ioana.ionescu@protonmail.com,+1-865-551-5641x967,Warsaw,Poland,Wise,Director of Engineering,linkedin.com/in/ioana-ionescu-751,2025-01-05
CAND-4234,Anna,Kaminski,anna.kaminski@outlook.com,001-920-564-4111,Kaunas,Lithuania,Playtika,Data Scientist,,2024-07-27
CAND-4235,Daryna,Kravchenko,daryna.kravchenko@yahoo.com,(233)261-3179x8549,Warsaw,Poland,Zynga,Customer Support Manager,linkedin.com/in/daryna-kravchenko-350,2024-04-25
CAND-4236,Paulin,Jankowski,paulina.jankowski@gmail.com,+1-485-417-2444x723,Berlin,Germany,Atea,Analytics Engineer,linkedin.com/in/paulina-jankowski-589,2024-07-19
CAND-4237,Elena,Kuznetsov,elena.kuznetsov@yahoo.com,(721)871-1486,Krakow,Poland,Accenture,Senior TA Specialist,,2024-12-12
CAND-4238,Sauliu,Zukauskas,saulius.zukauskas@protonmail.com,232.275.9980x111,Tallinn,Estonia,Zynga,Customer Support Lead,,2025-01-01
CAND-4239,Tada,Grigas,tadas.grigas@yahoo.com,001-470-925-5128,London,United Kingdom,Vinted,L&D Specialist,,2024-10-01
CAND-4240,Len,Koch,lena.koch@outlook.com,532-498-8712,Gdansk,Poland,Accenture,Senior Frontend Engineer,linkedin.com/in/lena-koch-733,2025-02-28
CAND-4241,Edvina,Grigas,edvinas.grigas@outlook.com,,Kaunas,Lithuania,SumUp,Senior Frontend Engineer,linkedin.com/in/edvinas-grigas-953,2024-03-02
CAND-4242,Yuli,Boyko,yulia.boyko@gmail.com,,Amsterdam,Netherlands,Zynga,CRM Manager,,2024-07-14
CAND-4243,Edvina,Levinskas,edvinas.levinskas@gmail.com,257-499-8028x41390,Vilnius,Lithuania,Nord Security,Fraud Analyst,linkedin.com/in/edvinas-levinskas-439,2024-11-02
CAND-4244,Erikas,Zukauskas,erikas.zukauskas@outlook.com,+1-647-252-8359,Riga,Latvia,Bite,Financial Analyst,linkedin.com/in/erikas-zukauskas-392,2024-03-27
CAND-4245,Marius,Petrov,marius.petrov@outlook.com,478.751.9108x83982,Krakow,Poland,Ubisoft,Performance Marketing Manager,linkedin.com/in/marius-petrov-753,2025-05-02
CAND-4246,Oksan,Nagy,oksana.nagy@yahoo.com,(544)792-6831x589,Wroclaw,Poland,Zalando,Senior FP&A Analyst,,2025-05-23
CAND-4247,Yuli,Shevchuk,yulia.shevchuk@outlook.com,446.966.2159x183,Amsterdam,Netherlands,Danske Bank,Junior Frontend Engineer,linkedin.com/in/yulia-shevchuk-708,2024-07-04
CAND-4248,Weronika,Zielinski,weronika.zielinski@yahoo.com,,Vilnius,Lithuania,EPAM Systems,Senior Product Designer,linkedin.com/in/weronika-zielinski-266,2024-10-14
CAND-4249,Hannah,Muller,hannah.muller@gmail.com,(868)644-6794x036,Wroclaw,Poland,Nord Security,Finance Manager,,2024-02-02
CAND-4250,Olena,Oliynyk,olena.oliynyk@gmail.com,,London,United Kingdom,Zynga,Senior HR Business Partner,linkedin.com/in/olena-oliynyk-820,2024-07-06
CAND-4251,Lukasz,Wojcik,lukasz.wojcik@yahoo.com,001-716-575-0762x7995,London,United Kingdom,Playtika,Senior Mobile Engineer,linkedin.com/in/lukasz-wojcik-261,2024-11-10
CAND-4252,Krzyszto,Lewandowski,krzysztof.lewandowski@yahoo.com,(568)363-3414x1115,Gdansk,Poland,Adform,Operations Manager,,2024-05-11
CAND-4253,Marius,Ivanov,marius.ivanov1@outlook.com,5025311775,Berlin,Germany,Devbridge,Director of Product,,2024-08-06
CAND-4254,Rafal,Kuznetsov,rafal.kuznetsov@gmail.com,+1-366-750-6180x9190,Kyiv,Ukraine,Miniclip,Marketing Manager,linkedin.com/in/rafal-kuznetsov-443,2024-02-26
CAND-4255,Oleksi,Tkachenko,oleksiy.tkachenko@protonmail.com,,Tallinn,Estonia,Telia,Senior Data Analyst,,2025-02-14
CAND-4256,Ada,Kowalczyk,adam.kowalczyk1@gmail.com,600-972-0409,Vilnius,Lithuania,Luminor,Operations Specialist,,2025-02-04
CAND-4257,Aist,Zukauskas,aiste.zukauskas@protonmail.com,217.846.4887x719,Gdansk,Poland,CGI,Senior Analytics Engineer,linkedin.com/in/aiste-zukauskas-916,2025-06-15
CAND-4258,Sauliu,Kairys,saulius.kairys@protonmail.com,(423)313-3631x409,Kaunas,Lithuania,Wise,Senior Legal Counsel,linkedin.com/in/saulius-kairys-172,2024-06-07
CAND-4259,Nicole,Bauer,nicole.bauer@protonmail.com,(352)641-0564,Vilnius,Lithuania,Nord Security,Product Designer,linkedin.com/in/nicole-bauer-126,2025-02-10
CAND-4260,Vaida,Radzevicius,vaida.radzevicius@gmail.com,225-636-0640,Gdansk,Poland,Vinted,QA Engineer,,2025-03-12
CAND-4261,Viktorij,Zukauskas,viktorija.zukauskas@outlook.com,+1-893-397-4909,Riga,Latvia,Miniclip,Platform Engineer,linkedin.com/in/viktorija-zukauskas-567,2024-12-08
CAND-4262,Nikita,Fedorov,nikita.fedorov@yahoo.com,,Amsterdam,Netherlands,Wargaming,Group Product Manager,linkedin.com/in/nikita-fedorov-700,2024-03-23
CAND-4263,Edvina,Zukauskas,edvinas.zukauskas@yahoo.com,,Berlin,Germany,Freelance,Fraud Analyst,,2025-05-17
CAND-4264,Elena,Kovacs,elena.kovacs@outlook.com,,Krakow,Poland,Adform,Senior Compliance Manager,,2024-01-22
CAND-4265,Elena,Petrov,elena.petrov3@outlook.com,993.750.5260x27068,Kyiv,Ukraine,Luminor,Finance Manager,linkedin.com/in/elena-petrov-699,2024-01-06
CAND-4266,Rafa,Nagy,rafal.nagy3@gmail.com,,Krakow,Poland,TrueLayer,Head of Marketing,linkedin.com/in/rafal-nagy-798,2024-07-02
CAND-4267,King,Popescu,kinga.popescu@gmail.com,963-407-0286,Kaunas,Lithuania,Paddle,Principal Product Manager,linkedin.com/in/kinga-popescu-984,2024-10-19
CAND-4268,Magdalen,Kowalski,magdalena.kowalski@yahoo.com,274-442-0359x441,Kyiv,Ukraine,Wargaming,Growth Manager,linkedin.com/in/magdalena-kowalski-914,2024-04-02
CAND-4269,Egl,Butkus,egle.butkus@yahoo.com,001-740-326-5423,Kaunas,Lithuania,Wargaming,FP&A Analyst,,2024-11-25
CAND-4270,Oksana,Marchenko,oksana.marchenko@gmail.com,706-672-7520,Vilnius,Lithuania,TrueLayer,Senior FP&A Analyst,linkedin.com/in/oksana-marchenko-760,2024-01-14
CAND-4271,Erikas,Daunoras,erikas.daunoras@gmail.com,001-415-374-7338x484,Warsaw,Poland,Vinted,Data Engineering Manager,linkedin.com/in/erikas-daunoras-452,2025-02-27
CAND-4272,Jana,Meyer,jana.meyer@protonmail.com,(796)567-0662,London,United Kingdom,Nord Security,Analytics Manager,linkedin.com/in/jana-meyer-773,2024-06-10
CAND-4273,Tetyan,Moroz,tetyana.moroz@protonmail.com,+1-720-695-2004x61526,Warsaw,Poland,Delivery Hero,Partner Operations Manager,linkedin.com/in/tetyana-moroz-315,2024-12-04
CAND-4274,Jonas,Radzevicius,jonas.radzevicius1@gmail.com,411.552.6105x370,Kyiv,Ukraine,Ubisoft,Senior Product Manager,,2024-07-19
CAND-4275,Larysa,Oliynyk,larysa.oliynyk@gmail.com,001-327-368-6127x342,Kyiv,Ukraine,Zalando,Junior Backend Engineer,linkedin.com/in/larysa-oliynyk-994,2024-03-12
CAND-4276,Agnieszk,Kaminski,agnieszka.kaminski1@gmail.com,,Vilnius,Lithuania,Atea,HR Business Partner,linkedin.com/in/agnieszka-kaminski-551,2024-03-23
CAND-4277,Marius,Ionescu,marius.ionescu1@protonmail.com,,Tallinn,Estonia,Cognizant,Finance Director,,2025-02-26
CAND-4278,Gintara,Stonkus,gintaras.stonkus@protonmail.com,303-486-5719,Vilnius,Lithuania,Pipedrive,Junior Data Analyst,linkedin.com/in/gintaras-stonkus-419,2025-05-25
CAND-4279,Matthe,Clark,matthew.clark@gmail.com,(903)231-9222,Kaunas,Lithuania,,,linkedin.com/in/matthew-clark-319,2025-04-23
CAND-4280,Katharina,Hartmann,katharina.hartmann@protonmail.com,,Riga,Latvia,EPAM Systems,Senior Performance Marketer,,2025-04-18
CAND-4281,Magdalen,Wisniewski,magdalena.wisniewski@protonmail.com,,Wroclaw,Poland,TrueLayer,Compliance Specialist,,2024-03-13
CAND-4282,Michal,Wozniak,michal.wozniak@gmail.com,746-759-1166,Vilnius,Lithuania,Pipedrive,Analytics Engineer,linkedin.com/in/michal-wozniak-160,2024-11-29
CAND-4283,Egle,Mockus,egle.mockus@gmail.com,(426)302-5634,London,United Kingdom,Vinted,Senior Legal Manager,,2024-08-23
CAND-4284,Vasy,Oliynyk,vasyl.oliynyk@gmail.com,795.923.1202x19150,Vilnius,Lithuania,Revolut,Talent Acquisition Specialist,linkedin.com/in/vasyl-oliynyk-367,2024-06-06
CAND-4285,Erika,Levinskas,erikas.levinskas1@yahoo.com,+1-851-333-7937x66997,London,United Kingdom,Pipedrive,Data Engineering Manager,,2024-11-16
CAND-4286,Volodymy,Moroz,volodymyr.moroz@gmail.com,,Vilnius,Lithuania,Freelance,Analytics Engineer,linkedin.com/in/volodymyr-moroz-187,2024-03-16
CAND-4287,Krzyszto,Wojcik,krzysztof.wojcik1@gmail.com,+1-653-496-5974x42526,Krakow,Poland,Jam City,Senior Analytics Manager,linkedin.com/in/krzysztof-wojcik-945,2024-05-01
CAND-4288,Lukas,Levinskas,lukas.levinskas@protonmail.com,001-287-427-2993x357,Vilnius,Lithuania,,,linkedin.com/in/lukas-levinskas-985,2024-03-20
CAND-4289,Serhiy,Shevchuk,serhiy.shevchuk@gmail.com,698.633.4233x720,Kaunas,Lithuania,Bite,Senior Legal Counsel,,2025-05-27
CAND-4290,Ann,Jankowski,anna.jankowski@gmail.com,,Vilnius,Lithuania,Danske Bank,Legal Counsel,linkedin.com/in/anna-jankowski-797,2024-07-14
CAND-4291,Mikhail,Smirnov,mikhail.smirnov@outlook.com,297.700.8307x644,Amsterdam,Netherlands,DXC Technology,DevOps Engineer,linkedin.com/in/mikhail-smirnov-511,2024-02-15
CAND-4292,Emil,Taylor,emily.taylor@gmail.com,361-568-0956x41854,Gdansk,Poland,Checkout.com,Senior Legal Counsel,linkedin.com/in/emily-taylor-681,2025-04-04
CAND-4293,Monik,Nowak,monika.nowak@gmail.com,,Vilnius,Lithuania,Atea,Senior HR Business Partner,linkedin.com/in/monika-nowak-809,2025-02-11
CAND-4294,Lina,Noreika,lina.noreika@gmail.com,818.969.9938,Krakow,Poland,Tesonet,Management Accountant,linkedin.com/in/lina-noreika-684,2025-03-02
CAND-4295,Sophi,Evans,sophie.evans@yahoo.com,,Hamburg,Germany,Personio,Legal Counsel,linkedin.com/in/sophie-evans-675,2024-07-18
CAND-4296,Andre,Ionescu,andrei.ionescu@gmail.com,862.271.8749,Vilnius,Lithuania,LMT,Mobile Engineer,linkedin.com/in/andrei-ionescu-162,2024-01-19
CAND-4297,Anastasia,Kuznetsov,anastasia.kuznetsov@outlook.com,+1-459-477-5244x182,Amsterdam,Netherlands,King,Frontend Engineer,linkedin.com/in/anastasia-kuznetsov-804,2024-05-05
CAND-4298,Nikit,Fedorov,nikita.fedorov@gmail.com,596.466.1347,Warsaw,Poland,Zynga,Legal Counsel,linkedin.com/in/nikita-fedorov-295,2024-09-16
CAND-4299,Thoma,Evans,thomas.evans@gmail.com,997-217-7170x30568,Berlin,Germany,Contentful,Head of Growth,linkedin.com/in/thomas-evans-163,2024-08-18
CAND-4300,Jakub,Zielinski,jakub.zielinski@gmail.com,452.942.1495x511,London,United Kingdom,Tesonet,DevOps Engineer,linkedin.com/in/jakub-zielinski-765,2024-12-15
CAND-4301,Oksan,Tkachenko,oksana.tkachenko1@outlook.com,385-415-7919x711,Kharkiv,Ukraine,TrueLayer,Legal Manager,linkedin.com/in/oksana-tkachenko-738,2024-03-05
CAND-4302,Monik,Mockus,monika.mockus@protonmail.com,+1-587-282-4556x9644,Berlin,Germany,Delivery Hero,Senior Product Designer,linkedin.com/in/monika-mockus-195,2024-09-13
CAND-4303,Andri,Boyko,andriy.boyko@outlook.com,,Krakow,Poland,Wargaming,Compensation and Benefits Analyst,linkedin.com/in/andriy-boyko-783,2025-06-15
CAND-4304,Olen,Shevchenko,olena.shevchenko@gmail.com,,Kaunas,Lithuania,Atea,Senior HR Business Partner,linkedin.com/in/olena-shevchenko-803,2025-06-09
CAND-4305,Karolin,Zielinski,karolina.zielinski@protonmail.com,,Vilnius,Lithuania,Vinted,Senior CRM Manager,linkedin.com/in/karolina-zielinski-313,2024-12-16
CAND-4306,Jame,Davies,james.davies@gmail.com,,Krakow,Poland,Personio,Senior CRM Manager,,2024-10-11
CAND-4307,Aleksander,Smirnov,aleksander.smirnov@outlook.com,(317)951-8878,Tallinn,Estonia,Bolt,Head of Compliance,linkedin.com/in/aleksander-smirnov-529,2024-03-29
CAND-4308,Kamil,Wojcik,kamil.wojcik@gmail.com,,Kaunas,Lithuania,EA Games,Lead UX Researcher,,2024-03-30
CAND-4309,Ioana,Petrov,ioana.petrov@protonmail.com,(593)551-0214x0128,Amsterdam,Netherlands,Vinted,Data Engineering Manager,,2025-01-19
CAND-4310,Erikas,Gudas,erikas.gudas@protonmail.com,+1-956-216-4840x85887,Warsaw,Poland,CGI,Junior Data Analyst,linkedin.com/in/erikas-gudas-213,2025-04-21
CAND-4311,Petr,Nagy,petra.nagy@protonmail.com,+1-525-680-0106x18175,Warsaw,Poland,TransferGo,CRM Manager,linkedin.com/in/petra-nagy-276,2025-01-19
CAND-4312,Tomas,Grigas,tomas.grigas@gmail.com,846.330.0099x8433,Warsaw,Poland,Wargaming,Senior Backend Engineer,linkedin.com/in/tomas-grigas-149,2025-03-06
CAND-4313,Agn,Grigas,agne.grigas@yahoo.com,+1-995-867-1255x93502,Kaunas,Lithuania,Devbridge,HR Business Partner,linkedin.com/in/agne-grigas-562,2024-01-09
CAND-4314,Mantas,Daunoras,mantas.daunoras@gmail.com,889-739-1270,Vilnius,Lithuania,Swedbank,Senior Finance Manager,linkedin.com/in/mantas-daunoras-606,2024-07-13
CAND-4315,Mariya,Tkachenko,mariya.tkachenko@outlook.com,(972)300-0521x41070,Amsterdam,Netherlands,Pipedrive,Legal Counsel,linkedin.com/in/mariya-tkachenko-335,2025-01-12
CAND-4316,Lukas,Ambrazas,lukas.ambrazas@protonmail.com,219-991-6053x9064,Berlin,Germany,Devbridge,Senior Analytics Manager,linkedin.com/in/lukas-ambrazas-491,2024-03-21
CAND-4317,Ada,Kozlowski,adam.kozlowski@gmail.com,,Hamburg,Germany,Jam City,Compliance Manager,linkedin.com/in/adam-kozlowski-439,2024-07-18
CAND-4318,Katharin,Bauer,katharina.bauer@gmail.com,,Vilnius,Lithuania,Bite,Senior Product Manager,,2025-01-24
CAND-4319,Anastasia,Fedorov,anastasia.fedorov1@gmail.com,8055328538,Vilnius,Lithuania,TrueLayer,Senior Analytics Manager,linkedin.com/in/anastasia-fedorov-868,2024-03-24
CAND-4320,Sauliu,Ambrazas,saulius.ambrazas@outlook.com,,Warsaw,Poland,Swedbank,Senior Legal Manager,linkedin.com/in/saulius-ambrazas-245,2025-01-29
CAND-4321,Jessica,Davies,jessica.davies@yahoo.com,,Vilnius,Lithuania,Contentful,Management Accountant,linkedin.com/in/jessica-davies-280,2025-01-13
CAND-4322,Floria,Klein,florian.klein@protonmail.com,,London,United Kingdom,Zynga,FP&A Analyst,linkedin.com/in/florian-klein-220,2025-01-11
CAND-4323,Natali,Marchenko,natalia.marchenko@protonmail.com,320-522-2349x980,Warsaw,Poland,Telia,Senior FP&A Analyst,,2024-06-21
CAND-4324,Gret,Grigas,greta.grigas@yahoo.com,3012283827,London,United Kingdom,CGI,Product Manager,linkedin.com/in/greta-grigas-463,2024-09-18
CAND-4325,Jonas,Ambrazas,jonas.ambrazas@protonmail.com,(749)975-3740,Berlin,Germany,Atea,Senior Data Analyst,linkedin.com/in/jonas-ambrazas-259,2025-04-03
CAND-4326,Ing,Stankus,inga.stankus@protonmail.com,(699)287-9509x82210,Amsterdam,Netherlands,Checkout.com,UX Researcher,linkedin.com/in/inga-stankus-652,2025-06-19
